media_en,title_articles,link_articles,date_original
naganonp,長野県教委　特別支援教育にICT活用推進　県内2カ所にセンター開設,https://news.yahoo.co.jp/articles/2ea05d623e30aff8a68d08001fd329999784094f,10/17(火) 12:07
naganonp,師匠の一人劇文化を後世に　人形師の飯田さんがイベント開催へ　長野県飯島町,https://news.yahoo.co.jp/articles/2d275354d4c2366b798cc6599ed2b15ddba17469,10/17(火) 7:01
naganonp,そばイベント「満喫月間」始まる　長野県伊那市,https://news.yahoo.co.jp/articles/13461f9db01fa6551d39e85b06038c8dc336404b,10/16(月) 12:04
naganonp,映画のロケ地をeバイクで巡回　諏訪湖周でツアー　長野県,https://news.yahoo.co.jp/articles/07a67966a3a33940244a9f353c80c1df97dba48f,10/16(月) 7:01
naganonp,熱気球の係留フライト　長野県飯島町で体験会,https://news.yahoo.co.jp/articles/be468d8a4dcd531fccd8456e2b35312f5273c05c,10/15(日) 12:03
naganonp,古里の緑を未来へ　長野県下諏訪町で「森林づくりの集い」,https://news.yahoo.co.jp/articles/66eae9dca092ad38098097036c0e2710b6d6be6e,10/15(日) 7:03
naganonp,夕暮れの街で伊那谷の酒飲み比べ「秋の呑みあるき」　長野県伊那市,https://news.yahoo.co.jp/articles/33967ed533e31226fa639aad971ddf81178c65f8,10/14(土) 12:00
naganonp,配送にドローン活用へ　イオンリテール新店舗予定地の下諏訪町で初のデモ飛行　長野県,https://news.yahoo.co.jp/articles/9b923df75c77ff1680d6433f6c9114bbb7542e98,10/14(土) 7:01
naganonp,八ケ岳西麓の魅力に触れて　15日「白樺湖のにちようび」　長野県茅野市郊外,https://news.yahoo.co.jp/articles/65bd04b9ec4a668b3279b20d569db807b621dca5,10/13(金) 12:07
naganonp,田辺堰を後世に　改修工事の記録誌作成　長野県諏訪市の住民委員会,https://news.yahoo.co.jp/articles/16671a2bb2ffda8153df690b1f255c92d0d431d1,10/13(金) 7:02
naganonp,「仙流荘」周辺再整備11月着工　南ア山岳観光拠点の機能強化　長野県伊那市長谷,https://news.yahoo.co.jp/articles/2d5ae1eed611b9ab3971ff55f8d2be37642ac193,10/12(木) 12:08
naganonp,ワカサギ釣り量、今季も上限なし　長野県諏訪湖漁協,https://news.yahoo.co.jp/articles/ca4d8c21a012fd1f2321a1c90fa331968ff8e1cb,10/12(木) 7:01
naganonp,江戸めし給食”200年前の味”　伊能忠敬の食事再現　長野県伊那市高遠町の小中学校,https://news.yahoo.co.jp/articles/8d4277dc3ac7ba88b583bd4cdd3d2e9357e15195,10/11(水) 12:04
naganonp,Sスケート元五輪代表・吉井小百合さん招き運動あそび講座　長野県茅野市,https://news.yahoo.co.jp/articles/85dd7c65c82b4e39a92772ffcb4d18ee13ca84c3,10/11(水) 7:02
naganonp,「高遠城の戦い」イベントショー制作　高遠城址もみじ祭りで初演へ　長野県伊那市,https://news.yahoo.co.jp/articles/e660953dbd51482c9aad772a7d4e31e1d07bb89a,10/9(月) 12:03
naganonp,舞踏会テーマにナイトパーティー　リゾナーレ八ケ岳でハロウィンイベント,https://news.yahoo.co.jp/articles/b6fbda0f1cd9c3efaec87eb3d63e43996ec6605a,10/9(月) 7:04
naganonp,深まる秋、華やか光の演出　大芝高原イルミフェス開幕　長野県南箕輪村,https://news.yahoo.co.jp/articles/e82ae6238011f6dc9b6cc958a94966c459863d88,10/8(日) 12:02
naganonp,小学生バレー「監督が怒ってはいけない大会」　益子直美さん招き開催　長野県茅野市,https://news.yahoo.co.jp/articles/d5fe333c9fd6a3ff633d44d9841a55e5c1b58a5d,10/8(日) 7:01
naganonp,全国から過去最大規模170ブース　原村で「八ケ岳クラフト市」　長野県,https://news.yahoo.co.jp/articles/f32f5efa73d9c9d31207ab7748c43ac281add982,10/7(土) 12:01
naganonp,中ア千畳敷　晩秋から初冬へ季節移ろい　紅葉終わり霧氷観測　長野県,https://news.yahoo.co.jp/articles/8a13c110abb757a9375f8503123e460c9705348b,10/7(土) 7:01
naganonp,協力隊派遣国の料理提供　9日から「大使村まつり」　長野県駒ケ根市,https://news.yahoo.co.jp/articles/04bd255df6645c07d25c36cacc708a40ba0660b7,10/6(金) 12:06
naganonp,「福ちゃん」マツタケ見っけ　名人・江澤さん愛犬とキノコ採り　長野県茅野市,https://news.yahoo.co.jp/articles/e573bffbb7d289f631d1479087fc8c2dbd74f5c1,10/6(金) 7:00
naganonp,宮田ワイン「紫輝」　仕込み作業始まる　長野県,https://news.yahoo.co.jp/articles/ec308733d087e85720d0b25616b467bcb9152551,10/5(木) 12:04
naganonp,伊能忠敬滞在時のメニュー　10日、学校給食で提供　長野県伊那市高遠町,https://news.yahoo.co.jp/articles/6ba59280647c3e6d72ad76571c887c0889c18012,10/5(木) 7:01
naganonp,赤そばの里、魅力PR　箕輪西小児童が”観光ガイド”　長野県箕輪町,https://news.yahoo.co.jp/articles/c731c199a18a26e0b6d4552eba66ee5831cf299d,10/4(水) 12:07
naganonp,諏訪湖ワカサギ釣り安全に　本格シーズン前に祈願式　長野県,https://news.yahoo.co.jp/articles/1156f781fcf085d01ead37766e6639453cc497fe,10/4(水) 7:01
naganonp,市文化センターにピアノの名器　コンサートきっかけに知って、使って　長野県諏訪市,https://news.yahoo.co.jp/articles/abb81e403f8ff7e5174ecd29aaa1cc71a23e3bed,10/3(火) 12:09
naganonp,上伊那地方愛好者の混声合唱団「明日歌」　40周年定演で源田さん楽譜初演　長野県,https://news.yahoo.co.jp/articles/4096dc02b989e4f685fb861ef00705a0099280b8,10/3(火) 7:00
naganonp,塩嶺王城、歴史と食満喫　初期中山道ウオーキング＆サイクリング　長野県,https://news.yahoo.co.jp/articles/7e502d35c953881e3e20e8be5cac46533f60776a,10/2(月) 12:06
naganonp,「百花」の川村監督トーク　蓼科高原映画祭閉幕　長野県茅野市,https://news.yahoo.co.jp/articles/1cbdbab08d3d8f145c0e3d3d422769c46c26b080,10/2(月) 7:00
naganonp,諏訪湖オータム花火開幕　28日まで毎週土曜日　長野県諏訪市,https://news.yahoo.co.jp/articles/bc8c0c75a691dc54147ae90479db74b20e5477b2,10/1(日) 12:03
naganonp,酒蔵5軒巡り味わう　上諏訪街道呑みあるき　長野県諏訪市,https://news.yahoo.co.jp/articles/205e3356288eb237abc3dc51a2cf9f1a2387ecb4,10/1(日) 7:00
naganonp,ボートで地域活性化　全国協議会「サミットinしもすわ」　長野県,https://news.yahoo.co.jp/articles/d77c97c019207524e9ec0c69873d1ed371a0597e,9/30(土) 12:00
naganonp,耐病性の新品種カボチャで「おもてなしプリン」第30弾　長野県南箕輪村「大芝の湯」,https://news.yahoo.co.jp/articles/eac2e121d3d06bd46cb6da1381b5dbe5958c8ec0,9/30(土) 7:00
naganonp,フルーツトマト摘み取り体験農園　長野県箕輪町に「ゆかいな野菜村」誕生,https://news.yahoo.co.jp/articles/cc2034db248dae18dd045e341dff09cc03d57795,9/29(金) 12:08
naganonp,長野県諏訪6市町村を巡るトライアスロン　開催予定日、来年6月23日,https://news.yahoo.co.jp/articles/265fd40f6014d464f241c8193ae53c59e9533594,9/29(金) 7:01
naganonp,「ルビーの里」赤ソバ色濃く　長野県駒ケ根市、宮田村,https://news.yahoo.co.jp/articles/d82853b6dcd81c1bdf495038a1197a9b49b125a5,9/28(木) 12:07
naganonp,八島ケ原湿原”衣替え”　草紅葉の季節　長野県,https://news.yahoo.co.jp/articles/2db600a43318897ad098638af71f110622a3e0c3,9/28(木) 7:01
naganonp,ライチョウの成鳥3羽を駒ケ岳に移送　来月初旬に放鳥　長野県,https://news.yahoo.co.jp/articles/10240e59ce4af05236f9ebdac44f9cf8e0ea5117,9/27(水) 12:04
naganonp,鈍るマツタケ、雑キノコ　長野県諏訪、上伊那地域,https://news.yahoo.co.jp/articles/881c6ddbcc7f40c2235b277bca6ff7f67367986d,9/27(水) 7:01
naganonp,父への思いつづった読者投稿の詩　不思議な縁で曲が付き”歌”に　長野県,https://news.yahoo.co.jp/articles/eecf32f97643e03edfec4bb252ace919e85739ae,9/26(火) 12:06
naganonp,ザザムシ漁を「聞き書き甲子園」のテーマに　伊那市で横浜の高校生取材　長野県,https://news.yahoo.co.jp/articles/c21aaee86f758bc6cdcb0f1f550551f2df1b6590,9/26(火) 7:02
naganonp,原村の魅力感じて　移住者らが稲刈り体験　長野県,https://news.yahoo.co.jp/articles/3cce42bfd8919620a350fde67c961805d06aedee,9/25(月) 12:03
naganonp,秋晴れ、3624人力走　駒ケ根ハーフマラソン　長野県,https://news.yahoo.co.jp/articles/001c92b89b115cccff8b99c9b8d953cc7b8e0c2e,9/25(月) 7:01
naganonp,正しい飼い方に理解　動物愛護週間に合わせ長野県原村でフェス,https://news.yahoo.co.jp/articles/de17cbc0d39538112722a661fe252f25df678b4a,9/24(日) 12:02
naganonp,蓼科高原映画祭が開幕　小津監督生誕120年を祝う　長野県茅野市,https://news.yahoo.co.jp/articles/e879a91d2de646c3d5c47b0b3ae5054b9441ea94,9/24(日) 7:02
naganonp,秋の夜　石仏照らす「経木」の灯籠　長野県伊那市高遠町の建福寺,https://news.yahoo.co.jp/articles/22e328fd7636e9bbc1e51da60f6b8c3c8ef5dafb,9/23(土) 12:01
naganonp,きょう秋分　ススキ揺れる霧ケ峰高原　長野県,https://news.yahoo.co.jp/articles/c22a0278c2435ae52620199a4b85c85358721baf,9/23(土) 7:01
naganonp,ミヤマシジミ復活を　三峰川堤防にコマツナギ植栽　長野県伊那市,https://news.yahoo.co.jp/articles/6c1149399eaab00f1733fcd2ee85f55dc6ae46b0,9/22(金) 12:06
naganonp,スペースうなぎISSに「到着」　長野県岡谷市の観光荘が発表,https://news.yahoo.co.jp/articles/525154cca974b23ee8a81b2ac2eb0546434eebb2,9/22(金) 7:01
naganonp,”ほおずき”点灯、ご城下風情　23日高遠燈籠祭　長野県伊那市,https://news.yahoo.co.jp/articles/690d8916b2167f3389ec410493bb7e6d0125d447,9/21(木) 12:06
naganonp,専門の指導員が食用か否か判別　野生キノコ相談所を開設　長野県,https://news.yahoo.co.jp/articles/a0ca15cd6e9907b0ab11b0ec06feac037c96013f,9/21(木) 7:01
naganonp,ドローン活用農薬空中散布　大豆栽培振興へ長野県茅野市で実演会,https://news.yahoo.co.jp/articles/979dc65c4353b47f411b1b9e785c8c2d043291ed,9/20(水) 12:04
naganonp,入笠牧場で牛の下牧　健康状態「良好」餌代低減にも　長野県伊那市高遠町,https://news.yahoo.co.jp/articles/d1e781eaa121e33367b1b80977a51f5ed907876c,9/20(水) 7:01
naganonp,足の健康と散歩の大切さ　長野県大芝高原でイベント,https://news.yahoo.co.jp/articles/94db86e93bd66ceea5053e57aae6e32e605a33eb,9/19(火) 12:03
naganonp,夜のイチゴ狩り人気　満天の星も堪能　八ケ岳エナジーファーム,https://news.yahoo.co.jp/articles/8ce41e0712c2fb4f83699adfe0d1a514e83de356,9/19(火) 7:02
naganonp,Creema「クラフトキャラバン」　長野県辰野町と岡谷市で11月同時開催,https://news.yahoo.co.jp/articles/d4e1c8db3f495594e79422df344bacc5c27a8499,9/18(月) 12:03
naganonp,古今亭雛菊さん児童に落語体験　長野県諏訪市,https://news.yahoo.co.jp/articles/8eefa2d4633013d71d72f27be2e9255535d7b9ab,9/18(月) 7:02
