media_en,media_jp,title_articles,date_original
tenki,tenki.jp,今日17日夜　しし座流星群が極大に　見頃となる時間や天気は,11/17(日) 11:38
tenki,tenki.jp,17日　日本海側を中心に強い雨や雷雨　夜は北風が強まりグッと寒く　北日本は防寒を,11/17(日) 8:16
tenki,tenki.jp,明日18日は真冬並みの寒気が流れ込み　北海道は平地でも積雪の恐れ　関東北部も雪か,11/17(日) 7:06
tenki,tenki.jp,今日17日から明日18日にかけて　沖縄は大雨の恐れ　土砂災害や浸水害に注意,11/17(日) 6:23
tenki,tenki.jp,青森県で震度4の地震　津波の心配なし,11/16(土) 21:27
tenki,tenki.jp,来週は激しい寒暖差　気圧の変化も　体調悪化に注意,11/16(土) 17:37
tenki,tenki.jp,18日から真冬並みの寒気　北日本は積雪や吹雪　北陸で初雪も　関東も師走の寒さ,11/16(土) 17:01
tenki,tenki.jp,台風25号(ウサギ)　熱帯低気圧に変わりました　沖縄は17日にかけて大雨に注意,11/16(土) 15:55
tenki,tenki.jp,20日にかけて気温急降下　来週中頃は急に年始の頃の寒さに　関東週間天気,11/16(土) 15:36
tenki,tenki.jp,16日は満月(ビーバームーン)　水星が東方最大離角　気になる天気は?,11/16(土) 13:54
tenki,tenki.jp,台風24号は猛烈な勢力　台風25号は熱帯低気圧に変わる予想も沖縄は大雨・高波注意,11/16(土) 11:33
tenki,tenki.jp,冬の北陸路　車の冬支度は?　関東や近畿方面から北陸管内に入る一般ドライバーも必見,11/16(土) 10:36
tenki,tenki.jp,16日　九州から関東は所々で雨　沖縄は警報級の大雨のおそれ　平年を上回る暖かさ,11/16(土) 8:51
tenki,tenki.jp,台風25号　今日16日に熱帯低気圧に変わっても沖縄で大雨に注意,11/16(土) 5:30
tenki,tenki.jp,茨城県、千葉県で震度3の地震　津波の心配なし,11/16(土) 4:02
tenki,tenki.jp,北陸　18日から19日は山間部で積雪のおそれ　平地でも初雪の可能性　気温も急降下,11/15(金) 18:14
tenki,tenki.jp,来週　強い寒気が日本へ　ジェットコースター並みに気温急降下　東京は師走並みの寒さ,11/15(金) 17:50
tenki,tenki.jp,台風25号は沖縄に影響へ　警報級大雨の可能性　北海道は17日暴風の恐れ　週末天気,11/15(金) 16:19
tenki,tenki.jp,15日の最高気温　11月半ばなのに大阪・金沢など20℃超　16日は九州で夏日も,11/15(金) 15:40
tenki,tenki.jp,北海道の週末の天気　明日16日は外出日和だが、明後日17日は広く雨に,11/15(金) 15:31
tenki,tenki.jp,近畿　16日と17日は雨でムシムシ　18日は一気に冬　暖かい布団の準備を,11/15(金) 12:58
tenki,tenki.jp,土日は福岡・札幌など頭痛・めまいに注意　来週にかけて全国的に気圧変化と寒暖差が大,11/15(金) 12:42
tenki,tenki.jp,19日と20日はコート必須の寒さ　気温のアップダウン激しく　東海の週間天気,11/15(金) 12:24
tenki,tenki.jp,中国地方　16日と17日はぐずついた天気　18日から気温急降下　山は雪も,11/15(金) 12:16
tenki,tenki.jp,18日から冬将軍襲来　北日本は平地で積雪　関東も師走並みの寒さ　2週間天気,11/15(金) 11:59
tenki,tenki.jp,沖縄に大雨・洪水警報　15日夕方にかけて土砂災害・河川の増水や氾濫に警戒,11/15(金) 11:06
tenki,tenki.jp,11月の満月「ビーバームーン」を眺めよう　今夜のほぼ満月が見られる所は?,11/15(金) 9:42
tenki,tenki.jp,「台風25号」北上中　沖縄は17日(日)にかけて警報級の大雨の恐れ　高波にも注意,11/15(金) 6:53
tenki,tenki.jp,今日15日　北海道〜沖縄の所々で雨や雷雨　関東は朝まで局地的に激しい雨,11/15(金) 5:47
tenki,tenki.jp,台風25号　17日は先島諸島の南で停滞　沖縄で影響長引く　警報級大雨の恐れも,11/14(木) 18:02
tenki,tenki.jp,来週はじめ「冬将軍」の到来　一気に12月並みの寒さ　初雪の便りが続々と,11/14(木) 17:30
tenki,tenki.jp,週明け18日(月)は東北北部の平地でも積雪の恐れ　路面状況の変化に注意,11/14(木) 17:10
tenki,tenki.jp,ダウンコート着用前線　12月中旬には東・西日本でもダウンコート必要　早めの準備を,11/14(木) 17:07
tenki,tenki.jp,北海道　来週は再び積雪でスリップ注意　寒気は続かず　一か月予報,11/14(木) 16:32
tenki,tenki.jp,全国週間　18日頃は急な寒さに要注意　初冬の天気分布　東北の平地も雪に,11/14(木) 16:16
tenki,tenki.jp,1か月予報　12月前半もまだ高温か　季節はなかなか進まず　寒気の影響は一時的,11/14(木) 15:42
tenki,tenki.jp,今日14日　九州で夏日も　関東や東海はどんよりヒンヤリ　週明け、師走の寒さへ,11/14(木) 12:46
tenki,tenki.jp,15日から中国地方は断続的に雨　18日から19日は冬の寒さ　暖房器具の準備を,11/14(木) 12:37
tenki,tenki.jp,17日(日)まで近畿はムシムシ感が増す　18日(月)から急に寒く　体調管理に注意,11/14(木) 12:25
tenki,tenki.jp,週明け18日(月)頃は北日本で本格的に雪　11月下旬は全国的に気温上昇,11/14(木) 12:19
tenki,tenki.jp,今日14日夕方　国際宇宙ステーション(ISS)「きぼう」を見るチャンス　天気は?,11/14(木) 11:23
tenki,tenki.jp,「ダイヤモンド富士」　東京都心周辺で観測チャンス　11月末まで,11/14(木) 10:44
tenki,tenki.jp,台風25号「非常に強い」勢力に　週末16日以降に沖縄接近へ　影響長引く恐れ,11/14(木) 7:40
tenki,tenki.jp,14日　西日本は季節外れの夏日に　関東〜九州は10月並みの陽気　寒暖差に注意,11/14(木) 5:57
tenki,tenki.jp,進路定まらない台風　沖縄は影響が長引く　18日から北日本は平地も雪・初冬の寒さに,11/13(水) 20:02
tenki,tenki.jp,強い台風25号は16日頃から沖縄に接近　警報級の大雨に警戒　トリプル台風発生中,11/13(水) 17:21
tenki,tenki.jp,北陸　17日まで高温傾向　18日から気温急降下　初雪はいつ?　2週間天気,11/13(水) 16:48
tenki,tenki.jp,関東週間　16日は行楽日和　紅葉狩りや七五三も　19日は師走並みの寒さ,11/13(水) 16:01
tenki,tenki.jp,今日13日も夏日地点　高知などで25℃以上の半袖の陽気に,11/13(水) 14:09
tenki,tenki.jp,寒暖差大　平年より暖かい日が多く高温傾向続くも急な寒さに注意　東海の週間天気,11/13(水) 12:24
tenki,tenki.jp,16日〜18日は気圧や気温の変化大　頭痛やめまいに注意　気圧予報,11/13(水) 11:48
tenki,tenki.jp,高温一転　来週は12月並みの寒さに　沖縄は台風接近で16日頃から荒天　2週間天気,11/13(水) 11:45
tenki,tenki.jp,今日13日夜　国際宇宙ステーション(ISS)きぼうを見るチャンス　時刻や天気は?,11/13(水) 8:48
tenki,tenki.jp,今日13日の天気　全国的に晴れて東海〜九州はポカポカ　暑いくらいの所も,11/13(水) 6:45
tenki,tenki.jp,トリプル台風が発生中　25号は今週末に沖縄の南で動き遅くなる　今後の動向注意,11/13(水) 5:28
tenki,tenki.jp,高温・夏日傾向も18日夜から気温急降下　都心も師走並み　沖縄は台風の動向に注意,11/12(火) 17:21
tenki,tenki.jp,関東　15日〜17日傘出番　18日夜から気温急降下　19日は12月上旬並みの寒さ,11/12(火) 16:36
tenki,tenki.jp,今夜13日未明　おうし座北流星群が見頃　各地の天気や観察ポイントは?,11/12(火) 15:19
tenki,tenki.jp,高温傾向続くも　18日〜19日は強い寒気が流入　北部の平地で雪　東北2週間天気,11/12(火) 14:57
tenki,tenki.jp,史上初　11月に台風4つ同時発生中　要注意なのが台風25号　今週末に沖縄に影響か,11/12(火) 13:11
tenki,tenki.jp,中国地方ポカポカ陽気も週末は曇りや雨　18日(月)日本海側で12月上旬並みの寒さ,11/12(火) 12:01
tenki,tenki.jp,12日(火)午後　北日本・北陸は天気下り坂　北海道は雪の所　沖縄も急な雨に注意,11/12(火) 11:30
tenki,tenki.jp,14日まで九州では夏日も　16日〜17日は広く雨　その後北海道では雪　2週間天気,11/12(火) 11:22
tenki,tenki.jp,同時に台風4つは7年ぶり　台風25号(ウサギ)も発生,11/12(火) 10:00
tenki,tenki.jp,近畿　日差したっぷりで洗濯日和　朝晩と日中との寒暖差大　夜は北部で通り雨,11/12(火) 7:17
tenki,tenki.jp,12日　北海道は朝の冷え込み強まる　最高気温は前日よりダウン　一方、西では夏日も,11/12(火) 7:00
tenki,tenki.jp,12日　北陸や東北・北海道は天気下り坂　北海道は次第に雪も,11/12(火) 5:27
tenki,tenki.jp,台風25号「ウサギ」発生　台風4つ同時発生　11月としては統計開始以来初めて,11/12(火) 4:47
tenki,tenki.jp,関東　週間予報　木曜頃まで晴天・寒暖差「大」　服装に注意　週末は南部ほど傘の出番,11/11(月) 17:18
tenki,tenki.jp,晴れる日は朝晩と昼間の寒暖差注意　沖縄・奄美は雨の降る日が多い　雨量多くなる恐れ,11/11(月) 16:21
tenki,tenki.jp,北海道釧路方面で記録的高温　11月史上1位の記録も　札幌は史上最も遅い紅葉に,11/11(月) 15:56
tenki,tenki.jp,11日の最高気温　東京は7日ぶり20℃以上　前橋で11月中旬に夏日は20年ぶり,11/11(月) 15:41
tenki,tenki.jp,近畿　週末にかけて25度近くまで上がる所も　来週は朝晩中心に冷える　2週間天気,11/11(月) 15:31
tenki,tenki.jp,ラニーニャ現象の特徴が明瞭に　冬の寒さが厳しくなる可能性も　エルニーニョ監視速報,11/11(月) 15:05
tenki,tenki.jp,11月中旬になっても夏日の所も　寒気の影響を受けにくく高温傾向　東海2週間天気,11/11(月) 12:16
tenki,tenki.jp,11日月曜　予想最高気温　東京は1週間ぶり20℃以上　名古屋は最も遅い「夏日」か,11/11(月) 12:03
tenki,tenki.jp,15日頃から広く雨　18日はグッと寒く　九州から関東でも紅葉進む　2週間天気,11/11(月) 11:33
tenki,tenki.jp,11日　月が土星に接近　おうし座北流星群は12日頃が極大　気になる天気は,11/11(月) 9:29
tenki,tenki.jp,11日の服装指数　朝晩はヒンヤリ　重ね着で調節を　北海道は昼頃から気温ダウン,11/11(月) 6:44
tenki,tenki.jp,11日　太平洋側も天気回復へ　快適な陽気　沖縄は少しの雨でも土砂災害に警戒を,11/11(月) 5:37
tenki,tenki.jp,今夜から明日の朝にかけて関東や九州南部では大雨に注意　明日の日中は広く晴天,11/10(日) 17:46
tenki,tenki.jp,名古屋や福岡では今週も夏日の日があり　札幌では一桁の気温,11/10(日) 16:06
tenki,tenki.jp,11日朝の通勤時は雷雨も　晴れる日は寒暖差注意　紅葉見頃は遅めの傾向　関東週間,11/10(日) 15:08
tenki,tenki.jp,3つの台風が発生中　さらに台風が発生の見込み　台風カルテットへ,11/10(日) 14:18
tenki,tenki.jp,月と土星が12日にかけて接近　最接近の明日11日は全国的に見えるチャンス大,11/10(日) 12:13
tenki,tenki.jp,関東　午後は雨の範囲広がる　夜は本降りの雨　これからのお出かけは傘を忘れずに,11/10(日) 11:27
tenki,tenki.jp,沖縄では経験したことない大雨　土砂災害や浸水害、河川の増水や氾濫に厳重警戒,11/10(日) 10:22
tenki,tenki.jp,今日10日　沖縄と奄美は災害警戒　猛烈な雨も　九州から関東も雨雲が次第に広がる,11/10(日) 8:10
tenki,tenki.jp,高温傾向に　東海以西は夏日も　次の週末は本州付近で雨　2週間天気,11/10(日) 6:45
tenki,tenki.jp,沖縄県で猛烈な雨「記録的短時間大雨情報」,11/10(日) 5:43
tenki,tenki.jp,10日(日)　関東〜九州は雨　関東は初冬の寒さ　奄美や沖縄は非常に激しい雨の恐れ,11/9(土) 17:57
tenki,tenki.jp,南西諸島などまだ大雨の心配あり　台風が次々に発生　関東など小春日和に　2週間天気,11/9(土) 16:57
tenki,tenki.jp,台風23号に続き　台風24号「マンニィ」発生　今後も西よりへ,11/9(土) 16:32
tenki,tenki.jp,台風23号「トラジー」発生　明日10日以降も西よりに進む,11/9(土) 16:10
tenki,tenki.jp,奄美や沖縄は記録的な大雨　ピーク過ぎるも　10日まで激しい雨　土砂災害に厳重警戒,11/9(土) 15:22
tenki,tenki.jp,奄美地方の大雨特別警報は大雨警報に切り替え　10日にかけても土砂災害など警戒,11/9(土) 14:24
tenki,tenki.jp,北海道の2週間天気　次に平地で雪が降るタイミングは?,11/9(土) 14:18
tenki,tenki.jp,「インフルエンザ」流行シーズン入り　体調管理に注意,11/9(土) 13:35
tenki,tenki.jp,9日朝は冷え込み強まる　甲府で初霜・初氷　最高気温は前日より高く　日差しに温もり,11/9(土) 11:37
tenki,tenki.jp,今日9日(土)　沖縄と奄美は大雨災害に最大級の警戒を　九州から北海道は大体晴れる,11/9(土) 8:21
tenki,tenki.jp,奄美地方の与論町に「大雨特別警報」　沖縄と奄美　9日夕方にかけて猛烈な雨も,11/9(土) 7:17
tenki,tenki.jp,朝晩の冷え込みで紅葉が進む　東北など見頃　9日は絶好の紅葉狩り日和,11/9(土) 6:05
tenki,tenki.jp,奄美地方に「大雨特別警報」発表　災害発生の可能性も　9日の日中も大雨続く恐れ,11/9(土) 2:51
tenki,tenki.jp,奄美地方にも「顕著な大雨に関する情報」発表　線状降水帯による非常に激しい雨,11/9(土) 0:58
tenki,tenki.jp,沖縄県　線状降水帯による猛烈な雨　「顕著な大雨に関する情報」発表,11/9(土) 0:26
tenki,tenki.jp,11月中旬でも中国地方は最高気温25℃以上の夏日に　この先も朝晩の寒暖差大きい,11/8(金) 16:58
tenki,tenki.jp,明日9日朝も強い冷え込み　北海道など積雪のある所を中心に路面凍結注意,11/8(金) 16:47
tenki,tenki.jp,来週は全国で再び高温傾向　季節が逆戻り　11月なのに西日本で夏日も　半袖の出番?,11/8(金) 16:31
tenki,tenki.jp,鹿児島県の与論町で1時間に120ミリ以上　記録的短時間大雨情報発表,11/8(金) 14:07
tenki,tenki.jp,札幌　11月上旬で積雪7センチは8年ぶり　路面状態に注意　週末は気温上昇,11/8(金) 12:44
tenki,tenki.jp,今日8日　日中は寒さ和らぐ　明日9日も朝は強い冷え込み　暖かくしてお休みを,11/8(金) 12:22
tenki,tenki.jp,10日は太平洋側の所々で雨　来週は東海〜九州で再び暑いくらいに　2週間天気,11/8(金) 11:41
tenki,tenki.jp,宇都宮で初霜と初氷　水戸で初霜を観測　関東では今シーズン初めて,11/8(金) 9:16
tenki,tenki.jp,北海道で今季全国初のマイナス10℃以下　東京都心や大阪は今季初の10℃未満,11/8(金) 7:26
tenki,tenki.jp,大阪や京都で今季初の10℃未満　今日8日の近畿は昼間もひんやりする所がありそう,11/8(金) 7:21
tenki,tenki.jp,今日8日の朝　全国各地で今シーズン1番の冷え込み　最適な上着は?　服装指数,11/8(金) 6:43
tenki,tenki.jp,今日8日　全国的に晴れて風は弱まる　朝は強い冷え込み　暖かい服装でお出かけを,11/8(金) 5:30
tenki,tenki.jp,【速報】東京都心で今シーズン初の10℃未満　朝の冷え込み強まる,11/8(金) 3:19
tenki,tenki.jp,【速報】7日　青森県酸ケ湯で全国今シーズン初の真冬日,11/8(金) 0:00
tenki,tenki.jp,青森で初雪　本州では今シーズン初の雪の便り,11/7(木) 22:57
tenki,tenki.jp,8日金曜も寒い　朝は都心で一桁　土日は「紅葉狩り・七五三お参り日和」だが雨の所も,11/7(木) 17:52
tenki,tenki.jp,北海道の1か月予報　季節の歩みはゆっくり　冬支度は今のうちに!,11/7(木) 17:28
tenki,tenki.jp,12月初めにかけて全国的に「高温」　東・西日本太平洋側は「雨が多い」　1か月予報,11/7(木) 16:28
tenki,tenki.jp,関東　明日8日朝は東京でもマフラー・コートの出番　寒さは一時的で来週は暖かい,11/7(木) 15:51
tenki,tenki.jp,7日「立冬」　暦通り全国的に昼間も今季一番寒い　東京は風冷え　寒気の影響は8日も,11/7(木) 15:29
tenki,tenki.jp,札幌などで今季初の積雪　一気に雪景色へ　明日8日にかけて雪や寒さが続く,11/7(木) 13:24
tenki,tenki.jp,8日朝は冷え込み強まる　平野部でも10℃を下回りコート必須の寒さ　東海の週間天気,11/7(木) 12:56
tenki,tenki.jp,初雪・初冠雪ラッシュ　関東で今季初も　青森県酸ケ湯は今季全国初積雪10センチ以上,11/7(木) 12:45
tenki,tenki.jp,近畿で木枯らし1号　今日7日は風の冷たい一日に　明日8日朝はこの秋一番の冷え込み,11/7(木) 12:07
tenki,tenki.jp,東京地方で「木枯らし1号」　2年連続の発表　「富士山の初冠雪」と同日は史上初めて,11/7(木) 11:45
tenki,tenki.jp,8日朝は今朝より冷える　東京都心で10℃未満　来週は西日本で夏日も　2週間天気,11/7(木) 11:43
tenki,tenki.jp,近畿地方で「木枯らし1号」　昨年より4日早い発表,11/7(木) 11:17
tenki,tenki.jp,関東　7日立冬　山は雪　晴れる平地も風が冷たい　8日朝は気温低下　都心10℃未満,11/7(木) 9:18
tenki,tenki.jp,富士山で「初冠雪」　統計開始以来　最も遅い観測,11/7(木) 7:17
tenki,tenki.jp,7日立冬　所々で今季最も寒い朝に　日中は冷たい風が強まる　各地の「服装指数」,11/7(木) 6:50
tenki,tenki.jp,今日7日立冬　北海道は平地も積雪や路面凍結注意　晴れる関東以西も冷たい北風強まる,11/7(木) 5:39
tenki,tenki.jp,7日〜8日　北海道の平地で積雪　関東から九州も立冬らしい寒さ　12月並みの寒気,11/6(水) 17:51
tenki,tenki.jp,7日立冬　北海道の市街地でも積雪　8日にかけて初雪や初霜など冬の便り続々,11/6(水) 16:33
tenki,tenki.jp,台風22号　非常に強い勢力に発達し西よりへ　沖縄は強風・高波・急な雷雨に注意,11/6(水) 16:13
tenki,tenki.jp,今日6日は日中もヒンヤリ　明日7日は全国的に今季一番の冷え込みに,11/6(水) 14:24
tenki,tenki.jp,山陰で土砂降りの雨　明日7日まで日本海側で落雷・突風・ひょうに注意　北海道は雪に,11/6(水) 11:59
tenki,tenki.jp,7日は立冬　強い寒気が南下　本州の山も所々で雪　風冷え・寒暖差に注意　2週間天気,11/6(水) 11:49
tenki,tenki.jp,明日7日　近畿は気温急降下で晩秋の肌寒さ　8日は底冷え　山沿いで霜のおそれ,11/6(水) 11:46
tenki,tenki.jp,九州　一時的に寒気入り気温低下　7日朝は冷え込み強まる　山沿いは霜のおそれ,11/6(水) 10:52
tenki,tenki.jp,6日の服装指数　昼間も上着必須　夜は北海道でダウンジャケットなどが必要に,11/6(水) 6:56
tenki,tenki.jp,6日　次第に寒気が流れ込む　前日より寒く　北海道は雨から雪へ　平地で積雪も,11/6(水) 5:58
tenki,tenki.jp,週明けにかけて寒暖差大きい　「気圧予報」では影響度大も　めまいなど体調悪化に注意,11/5(火) 18:01
tenki,tenki.jp,6〜7日は関東の山で雪　週末は冷たい雨で東京都心も今季初の気温一桁予想　冬支度を,11/5(火) 17:02
tenki,tenki.jp,7日(木)「立冬」にかけて中国地方の日本海側11月中旬〜下旬並みの寒さ　寒暖差大,11/5(火) 16:31
tenki,tenki.jp,明日6日から寒気流入　7日は北海道の平地で積雪も　関東も山で雪か　路面凍結に注意,11/5(火) 16:26
tenki,tenki.jp,北海道　6日夜から断続的に雪　平地でも積雪状態となる恐れも,11/5(火) 14:26
tenki,tenki.jp,今日5日　関東〜北海道は11月らしい肌寒さ　8日にかけて寒気流入で季節前進へ,11/5(火) 12:49
tenki,tenki.jp,今週は名古屋で最低気温一桁の日も　寒気の影響で季節は一旦進む　東海の2週間天気,11/5(火) 12:16
tenki,tenki.jp,7日「立冬」は寒くなる所も　土日は広く雨　季節前進も一時的　近畿の週間天気,11/5(火) 12:09
tenki,tenki.jp,今週後半は北日本で雪　東京も10℃未満と冷え込む　土日は太平洋側で雨　2週間天気,11/5(火) 12:01
tenki,tenki.jp,今日5日夕方　細い月と金星が共演　南西の低空に注目　東海〜九州の太平洋側で期待大,11/5(火) 11:24
tenki,tenki.jp,台風22号は「強い」勢力となりました　ゆっくり西へ　沖縄は雷雨・強風・高波に注意,11/5(火) 10:12
tenki,tenki.jp,台風22号「強い」勢力に発達へ　沖縄は急な雷雨・強風・高波に注意,11/5(火) 9:16
tenki,tenki.jp,今日5日　北海道〜関東は北風ヒンヤリ　最高気温は前日より低下　最適な服装は?,11/5(火) 6:52
tenki,tenki.jp,今日5日　北海道〜山陰は所々で雨　関東も雨具が必要な所も　最高気温は前日より低下,11/5(火) 5:51
tenki,tenki.jp,関東の週間予報　山で雪か　平地で初霜の可能性も　東京都心は今季初の10℃未満へ,11/4(月) 17:27
tenki,tenki.jp,8日頃にかけて寒気　北海道は平地でも雪　都心も最低気温は一桁　沖縄は台風の影響か,11/4(月) 16:26
tenki,tenki.jp,11月なのに東京は10月中旬並みの陽気　金沢など夏日　朝と昼の寒暖差20℃以上も,11/4(月) 15:46
tenki,tenki.jp,5日火曜の朝　「きぼう」を見つけるチャンス　何時頃?　どこで見られる?　天気は?,11/4(月) 14:50
tenki,tenki.jp,北海道　雨雲・雷雲が発達中　4日月曜午後は東北も不安定　今週は北海道の平地でも雪,11/4(月) 12:48
tenki,tenki.jp,8日頃にかけて気温ダウン　北海道は雪も　今週末は関東などで冷たい雨　2週間天気,11/4(月) 12:09
tenki,tenki.jp,気圧予報　5日火曜は東京で影響「大」　10日日曜は仙台〜大阪でも　頭痛など要注意,11/4(月) 11:32
tenki,tenki.jp,4日　日の入り直後の南西の空　月が金星に接近　気になる天気は,11/4(月) 9:28
tenki,tenki.jp,4日の服装指数　日中は上着いらずの所が多い　北海道は次第に寒気流入　服装で調節を,11/4(月) 7:08
tenki,tenki.jp,4日　連休最終日はお出かけ日和　九州などで夏日も　北陸から北海道は所々で雷雨,11/4(月) 5:47
tenki,tenki.jp,台風22号「インシン」発生　週の後半は沖縄に影響か,11/4(月) 4:09
tenki,tenki.jp,関東　明日4日以降は気温変化激しく　服装選びに注意,11/3(日) 18:23
tenki,tenki.jp,連休最終日4日　九州〜東北は晴天　昼間は汗ばむ陽気　屋外レジャーは暑さ対策を,11/3(日) 17:22
tenki,tenki.jp,立冬に向かって季節一旦進む　気温変化大きい　南の海上で台風発生か　2週間天気,11/3(日) 16:42
tenki,tenki.jp,北海道　明日(4日)は広く雨　その後は強い寒気流入で平地でも積雪に,11/3(日) 16:05
tenki,tenki.jp,今日3日「文化の日」　東京都心で今季最も乾く　関東などカラカラ　晴天いつまで?,11/3(日) 14:55
tenki,tenki.jp,新たな台風発生へ　熱帯低気圧が発達中　週後半に沖縄付近へ,11/3(日) 12:36
tenki,tenki.jp,今週は気温の変化大　後半にかけて10度以上下がる所も　近畿週間天気,11/3(日) 10:43
tenki,tenki.jp,関東地方　文化の日は秋晴れ　快適な陽気に　週の中頃からは昼間もヒンヤリ,11/3(日) 7:47
tenki,tenki.jp,今日3日は天気回復で紅葉狩り日和　連休最終日の明日も広くお出かけ日和,11/3(日) 5:37
tenki,tenki.jp,静岡県、神奈川県に「記録的短時間大雨情報」,11/2(土) 19:29
tenki,tenki.jp,静岡県で「竜巻目撃情報」,11/2(土) 17:54
tenki,tenki.jp,明日3日は全国的に行楽日和　連休明けは北海道で雪　東京都心も気温急降下で朝は一桁,11/2(土) 17:16
tenki,tenki.jp,明後日4日は雨風強まる　全道的に荒れた天気　5日からは道北中心に積雪の恐れ,11/2(土) 16:36
tenki,tenki.jp,連休2日目と最終日は行楽日和　来週後半は急に秋が深まる　東京も最低気温一桁　関東,11/2(土) 16:09
tenki,tenki.jp,関東　大雨ピークは夕方〜夜のはじめ頃　沿岸部では横殴りの雨も　道路の冠水など警戒,11/2(土) 14:01
tenki,tenki.jp,愛媛県で1時間に約100ミリ「記録的短時間大雨情報」,11/2(土) 12:05
tenki,tenki.jp,西日本〜北日本で10月1位の高温　西日本で線状降水帯発生も　10月の天候まとめ,11/2(土) 11:47
tenki,tenki.jp,西日本は11月1位の記録的大雨　午後は大雨エリア東へ　関東など東日本も警報級大雨,11/2(土) 11:25
tenki,tenki.jp,3連休の天気　今日2日は激しい雨　3日と4日は多くの所で晴れ　東海以西は夏日も,11/2(土) 8:16
tenki,tenki.jp,3連休初日　2日は九州から関東で大雨　夜は関東でも滝のような雨　土砂災害に警戒,11/2(土) 6:14
tenki,tenki.jp,長崎県で1時間に約120ミリ「記録的短時間大雨情報」,11/2(土) 3:11
tenki,tenki.jp,長崎県「顕著な大雨に関する情報」発表　線状降水帯による猛烈な雨,11/2(土) 2:51
tenki,tenki.jp,台風21号　温帯低気圧に変わりました　3日にかけて西〜東日本は大雨警戒,11/1(金) 21:45
tenki,tenki.jp,3連休前半は大雨警戒　来週は北海道で雪　寒気南下で急速に季節が進む　週間天気,11/1(金) 17:39
tenki,tenki.jp,3連休初日の北陸は大雨　3日と4日は晴れる所が多い　連休明けは寒気流入　峠で雪も,11/1(金) 17:29
tenki,tenki.jp,明日2日(土)にかけて警報級の大雨　風も強まり中国地方は大荒れに　土砂災害に警戒,11/1(金) 16:45
tenki,tenki.jp,2日(土)の近畿は警報級の大雨　激しい雨や滝のような雨も　雨のピークは?,11/1(金) 16:37
tenki,tenki.jp,関東　明日2日(土)夜は雨・風強まり荒天に　横浜の天気は?　来週後半は暖房の出番,11/1(金) 16:04
tenki,tenki.jp,今日1日〜明日2日　九州から関東で季節外れの大雨の恐れ　各地の雨のピークは?,11/1(金) 15:27
tenki,tenki.jp,3連休の天気は?　2日は大雨警戒　3日次第に天気回復　4日の西〜東日本は秋晴れ,11/1(金) 12:48
tenki,tenki.jp,3連休初日は季節外れの大雨に　雨・風強まる　3日と4日は行楽日和　東海の週間天気,11/1(金) 12:47
tenki,tenki.jp,3連休初日は大雨　連休明けは寒気流入　北海道で雪　本州も気温急降下　2週間天気,11/1(金) 11:46
tenki,tenki.jp,2日(土)の九州は荒天　土砂災害に厳重警戒　沿岸は暴風　台風から変わる低気圧接近,11/1(金) 11:25
tenki,tenki.jp,1日　台風や前線の影響で九州〜四国に雨雲　強雨エリア拡大へ　2日は広く大雨に警戒,11/1(金) 9:32
tenki,tenki.jp,1日(金)〜2日(土)　九州から関東で警報級の大雨の恐れ　各地の雨のピークは,11/1(金) 7:06
tenki,tenki.jp,今日1日　西から雨エリア拡大　激しい雨も　関東も夜は雨　台風の暖湿流で前線活発化,11/1(金) 5:53
tenki,tenki.jp,明日11月1日〜3日　九州から関東で警報級の大雨　11月とは思えない記録的大雨も,10/31(木) 18:14
tenki,tenki.jp,来週は北日本で急に冬の寒さも　寒気の影響は一時的　高温傾向まだ続く　1か月予報,10/31(木) 16:25
tenki,tenki.jp,台風21号　温帯低気圧に変わっても油断大敵　東日本・西日本の大雨のピークは?,10/31(木) 16:18
tenki,tenki.jp,北海道の1か月予報　来週は平地でも積雪状態に　冬タイヤの用意を,10/31(木) 15:56
tenki,tenki.jp,31日ハロウィンの今夜は冷える　3連休の雨の後、週明けは季節前進　初冬の寒さも,10/31(木) 14:56
tenki,tenki.jp,季節のバロメーター「立山の初冠雪」大幅に遅れる　冬の降雪量との関係は,10/31(木) 14:49
tenki,tenki.jp,都心の空に「幻日」と「幻日環」が出現,10/31(木) 12:18
tenki,tenki.jp,2日は大雨　九州北部は平年ひと月分以上の雨量も　3連休明けは北海道で雪　急に寒く,10/31(木) 11:59
tenki,tenki.jp,日本気象協会　第3回「紅葉見頃予想」　見頃は全国的に遅め　11月後半は色づき加速,10/31(木) 11:44
tenki,tenki.jp,富士山まだ初冠雪ならず　過去130年間で最も遅い記録を更新　11月に持ち越しは初,10/31(木) 11:20
tenki,tenki.jp,台風21号　11月2日は温帯低気圧に変わり本州付近へ　西日本を中心に大雨のおそれ,10/31(木) 9:48
tenki,tenki.jp,31日の服装指数　昼間は薄着でOK　ハロウィーンの仮装　夜は重ね着などで対策を,10/31(木) 6:57
tenki,tenki.jp,31日　台風21号が先島諸島に最接近　暴風や高波に警戒　本州付近は広く秋晴れ,10/31(木) 6:03
tenki,tenki.jp,明日31日　全国的に秋晴れに　放射冷却で朝の冷え込み注意　日中は暖かく寒暖差大,10/30(水) 18:16
tenki,tenki.jp,土曜日は関東は広く雨　大雨の可能性も　月曜日は行楽日和に,10/30(水) 16:58
tenki,tenki.jp,台風21号　明日31日は先島諸島に接近　2日にかけて九州〜東海では警報級大雨に,10/30(水) 16:51
tenki,tenki.jp,近畿　週間天気　土曜日は広く雨強まる恐れ　来週は季節前進　晴れても空気ヒンヤリ,10/30(水) 16:02
tenki,tenki.jp,今日30日　肌寒さ和らぐ　九州〜関東で25℃超も　5日からガクッと気温低下,10/30(水) 15:04
tenki,tenki.jp,北陸　2日は台風21号から変わる低気圧で大雨のおそれ　その後は標高の高い峠で雪か,10/30(水) 13:14
tenki,tenki.jp,3連休前半は雨　台風から変わる低気圧の影響で2日は荒れた天気に　東海の週間予報,10/30(水) 13:05
tenki,tenki.jp,台風21号　今日30日夜には「猛烈な」勢力へ　明日31日に沖縄・八重山地方に接近,10/30(水) 12:08
tenki,tenki.jp,中国地方　週末は大雨の恐れ　台風21号　温帯低気圧に変わっても油断できない,10/30(水) 11:54
tenki,tenki.jp,台風21号は猛烈な勢力へ　31日の沖縄は大荒れ　三連休は本州など季節はずれの大雨,10/30(水) 11:30
tenki,tenki.jp,三連休は頭痛やめまいに注意　2日は関東〜近畿で気圧低下の影響「大」　寒暖差も注意,10/30(水) 8:56
tenki,tenki.jp,大型で非常に強い台風21号　31日に発達ピークで沖縄に接近　2日は本州で大雨に,10/30(水) 7:00
tenki,tenki.jp,今日30日　日中は西から天気回復へ　関東の雨は朝まで　沖縄は台風の影響で大しけに,10/30(水) 5:36
tenki,tenki.jp,台風21号　先島諸島は荒天　3連休は九州〜東北で雨風強まる　警報級の大雨の恐れ,10/29(火) 17:32
tenki,tenki.jp,長野　3連休　11月2日は低気圧の影響で大雨の恐れ　3日と4日は紅葉狩り可能,10/29(火) 16:58
tenki,tenki.jp,11月1日〜2日頃　前線の活動が活発　西・東日本の日本海側は警報級の大雨の恐れも,10/29(火) 16:36
tenki,tenki.jp,3連休にかけて　台風や低気圧の影響で気圧の変化大　頭痛やめまいに注意　気圧予報,10/29(火) 15:04
tenki,tenki.jp,関東南部　未明から気温低下中　夕方以降は本降りの雨　東京都心の気温15℃未満に,10/29(火) 12:21
tenki,tenki.jp,近畿　台風21号の影響で1日は前線活発化　2日は雨が強まる所も　3連休の天気は?,10/29(火) 11:44
tenki,tenki.jp,大型の台風21号　強い勢力となりました　さらに発達し非常に強い勢力で沖縄の南へ,10/29(火) 11:30
tenki,tenki.jp,沖縄は台風の影響で荒天　本州付近も3連休前半は雨　2週間天気,10/29(火) 11:24
tenki,tenki.jp,九州　今週1日〜2日頃は季節はずれの大雨のおそれ　台風21号の北上で前線活発化,10/29(火) 10:47
tenki,tenki.jp,台風21号　31日に「非常に強い」勢力で沖縄の南へ　3連休や本州付近への影響は?,10/29(火) 9:46
tenki,tenki.jp,29日の関東　昼頃から次第に雨　各地で最高気温20℃に届かず,10/29(火) 6:46
tenki,tenki.jp,29日　関東〜九州は次第に広く雨　太平洋側沿岸は本降りの雨に　空気はひんやり,10/29(火) 5:50
tenki,tenki.jp,台風21号　木曜から先島諸島に接近　低気圧に変わっても　3連休は本州で大雨の恐れ,10/28(月) 17:53
tenki,tenki.jp,29日(火)〜30日(水)　東海や関東を中心に本降りの雨　三連休は西日本で大雨か,10/28(月) 16:38
tenki,tenki.jp,中国地方　台風21号の影響は　今週末は大雨の恐れ　3連休後半は秋晴れ　週間天気,10/28(月) 16:25
tenki,tenki.jp,29日　関東は雨でヒンヤリ　東京の最高気温17℃　夜は13℃　気温と服装の目安は,10/28(月) 15:16
tenki,tenki.jp,東海は3連休に大雨の可能性　台風21号と前線の影響　週間天気,10/28(月) 12:53
tenki,tenki.jp,近畿　台風21号による影響は　11月スタートは雨の量が多くなる恐れ　週間予報,10/28(月) 12:39
tenki,tenki.jp,今週は台風や低気圧の影響で気圧が乱高下　頭痛やめまいに注意　気圧予報,10/28(月) 12:12
tenki,tenki.jp,31日〜11月1日は沖縄に台風接近　西日本も警報級の大雨か　11月は急に季節前進,10/28(月) 11:33
tenki,tenki.jp,北海道　この先一週間は割合晴れて、気温は高め傾向　台風の動向に注意を,10/28(月) 11:31
tenki,tenki.jp,台風20号は熱帯低気圧に変わりました　台風21号は31日頃から沖縄に接近の恐れ,10/28(月) 10:51
tenki,tenki.jp,台風21号　31日〜11月1日頃「非常に強い」勢力で沖縄に接近か　本州への影響は,10/28(月) 8:49
tenki,tenki.jp,28日の服装指数　朝から気温が横ばい・低下する所も　夜は北日本で冷え込む,10/28(月) 6:33
tenki,tenki.jp,28日　朝は東海や関東で強雨も　日中も所々で雨　沖縄は台風21号の影響　高波注意,10/28(月) 5:28
tenki,tenki.jp,富士山の初冠雪　統計開始以来最も遅い記録になる見通し　台風の進路など色々季節外れ,10/27(日) 16:47
tenki,tenki.jp,台風21号発達しながら先島諸島へ　離れた西・東日本も注意　週中頃に前線活発化か,10/27(日) 16:35
tenki,tenki.jp,雨雲接近中　九州〜関東は夜遅くに広く雨　北海道も低気圧接近で天気下り坂,10/27(日) 14:53
tenki,tenki.jp,台風21号　急発達して非常に強い勢力で沖縄へ　西・東日本も週後半は大雨に注意,10/27(日) 13:09
tenki,tenki.jp,茨城県で震度3の地震　津波の心配なし,10/27(日) 12:38
tenki,tenki.jp,網走で初霜を観測　昨年より9日早い,10/27(日) 11:26
tenki,tenki.jp,27日　午後は雨の範囲広がる　夜から北陸などで雨量が増える　九州から関東は夏日も,10/27(日) 8:30
tenki,tenki.jp,気圧予報　今日27日は全国的に気圧低下　今週は台風の影響で大きな乱高下に注意,10/27(日) 6:48
tenki,tenki.jp,台風21号は非常に強い勢力で沖縄へ　11月のスタートは日本列島にも影響か?,10/27(日) 5:55
tenki,tenki.jp,明日27日夜は全国的に雨　28日朝の通勤時は関東甲信や東海で雨脚が強まることも,10/26(土) 17:51
tenki,tenki.jp,台風21号　非常に強い勢力に発達へ　来週後半　沖縄は大荒れ　本州付近も影響の恐れ,10/26(土) 16:40
tenki,tenki.jp,来週は全国的に頭痛やめまいに要注意　台風21号の北上で気圧が乱高下か,10/26(土) 15:55
tenki,tenki.jp,近畿地方も台風21号の影響を受ける可能性あり　早めの対策を,10/26(土) 14:57
tenki,tenki.jp,今日26日の日の入り後　金星とアンタレスが接近　見られる方角、天気は,10/26(土) 14:27
tenki,tenki.jp,来週後半は本州も台風21号の影響を受ける可能性あり　今後の動向に要注意,10/26(土) 12:15
tenki,tenki.jp,26日　太平洋側は所々で雨　九州南部は激しい雨も　気温は高い　大阪などで「夏日」,10/26(土) 8:11
tenki,tenki.jp,気圧予報　今日26日は全国的に気圧低下　頭痛やめまいに注意　来週は台風の影響も,10/26(土) 6:48
tenki,tenki.jp,台風21号　発達しながら　次第に進路を北へ　沖縄に接近か　本州付近に影響の恐れも,10/26(土) 6:10
tenki,tenki.jp,インフルエンザ報告数　やや減少も学年閉鎖や学級閉鎖も　空気の乾燥に注意,10/25(金) 17:59
tenki,tenki.jp,26日・27日の山の天気　日本海側を中心に晴天　山の中腹で紅葉ピーク,10/25(金) 17:55
tenki,tenki.jp,27日投票日の北陸　天気の風は穏やか　その後台風21号が北陸接近も　荒れた天気に,10/25(金) 17:35
tenki,tenki.jp,関東11月初めにかけて曇りや雨　30日は大雨も　来週末は台風21号が本州に接近か,10/25(金) 17:04
tenki,tenki.jp,台風21号　30日ごろ「強い」勢力で沖縄の南へ　前線の活動活発化で本州に影響も,10/25(金) 16:46
tenki,tenki.jp,中国地方　明日(26日)からぐずついた天気　雨具が活躍,10/25(金) 14:47
tenki,tenki.jp,10月下旬でも西日本・東日本で「夏日」続出　週末も季節外れの高温に,10/25(金) 14:36
tenki,tenki.jp,近畿　明日26日は南部中心に雨　27日は広く雨　11月初めは台風21号の動向注意,10/25(金) 12:28
tenki,tenki.jp,来週にかけて前線停滞　雨脚が強まる可能性も　台風21号の動向注意　東海の週間天気,10/25(金) 12:18
tenki,tenki.jp,週末天気　10月下旬なのにまだ「夏日」も　服装選びは慎重に　九州南部は大雨に注意,10/25(金) 11:49
tenki,tenki.jp,台風21号は30日頃沖縄方面へ　その後の動向にも注意　2週間天気,10/25(金) 11:39
tenki,tenki.jp,九州　週末から来週は天気がぐずつく　秋雨前線停滞　台風21号の動向は,10/25(金) 10:54
tenki,tenki.jp,関東　今日25日の午後は日差しあり　天気は短い周期で変化　来週前半は本降りの雨も,10/25(金) 9:06
tenki,tenki.jp,台風21号「コンレイ」発生　29日頃から南西諸島に影響か,10/25(金) 7:19
tenki,tenki.jp,気圧予報　今日25日は東海以西で気圧低下　29日と11月1日頃　気圧変化大,10/25(金) 6:55
tenki,tenki.jp,今日25日(金)　関東以西は朝晩中心に所々で雨　九州南部と沖縄では強雨や雷雨も,10/25(金) 5:41
tenki,tenki.jp,明日25日　沖縄・奄美は朝まで激しい雨　災害に警戒　週明けは新たな台風の動向注意,10/24(木) 17:48
tenki,tenki.jp,次の雪は11月6日頃か　急な寒さに注意を　北海道の1カ月予報,10/24(木) 17:03
tenki,tenki.jp,関東　週末はまた夏日に　来週は前線停滞で雨脚強まることも　台風の動きに注意,10/24(木) 16:27
tenki,tenki.jp,11月突入も高温おさまらず　冬の足音はまだ先　季節外れの大雨に注意　1か月予報,10/24(木) 15:56
tenki,tenki.jp,沖縄・奄美　明日25日にかけて台風20号の影響　災害警戒　新たな台風21号発生へ,10/24(木) 12:53
tenki,tenki.jp,近畿　台風のたまごの動向に注意　来週は近畿に影響か　雨量が多くなり大雨の恐れも,10/24(木) 12:50
tenki,tenki.jp,台風20号の影響で沖縄は大雨　台風21号も発生へ　列島に影響の恐れも　2週間天気,10/24(木) 11:58
tenki,tenki.jp,新たな台風発生へ　熱帯低気圧が台風21号に　今後の動向注意　前線活発化の恐れも,10/24(木) 11:17
tenki,tenki.jp,都心で夏日　今年153回目　過去最多記録をまた更新　今日24日が今年最後の夏日か,10/24(木) 11:13
tenki,tenki.jp,関東　24日は午前中ほど晴れ　東京は今年153日目の夏日に　帰宅時間帯は所々で雨,10/24(木) 9:26
tenki,tenki.jp,台風20号の暖湿流　沖縄で警報級の大雨　25日まで土砂災害や低い土地の浸水に警戒,10/24(木) 6:46
tenki,tenki.jp,24日　本州付近は晴れ間　九州南部は再び雨　土砂災害に注意　沖縄は非常に激しい雨,10/24(木) 5:53
tenki,tenki.jp,関東　この先は前線の影響を受けやすい　高温傾向で季節の歩みゆっくり　週間天気,10/23(水) 17:33
tenki,tenki.jp,24日は天気回復　関東以西で夏日続出　28日以降は前線や台風のたまごの動向に注意,10/23(水) 16:50
tenki,tenki.jp,北陸の冬　ラニーニャか平常年かは50対50　北極振動　海水温やJPCZの動向が鍵,10/23(水) 16:36
tenki,tenki.jp,今日23日夜〜24日明け方　月が火星に接近　これからは明るい火星の観察シーズン,10/23(水) 15:11
tenki,tenki.jp,今日23日　近畿や北陸で30℃超　霜降なのに真夏日に　湿った南風でムシムシ,10/23(水) 14:01
tenki,tenki.jp,冬用タイヤ準備前線　北・東日本の山沿いは11月前半までに交換を　去年より早い準備,10/23(水) 13:48
tenki,tenki.jp,北海道　明日24日朝にかけて激しい雨や大雨の恐れ　一部で暴風に警戒,10/23(水) 12:34
tenki,tenki.jp,今日23日　午後は近畿〜北海道で激しい雨のおそれ　明日24日は北海道で暴風警戒,10/23(水) 12:00
tenki,tenki.jp,秋晴れ少なく　来週前半は東北〜九州で雨　新たな台風のたまごも発生か　2週間天気,10/23(水) 11:42
tenki,tenki.jp,今日23日は大気が非常に不安定　東海地方　この後の雨は?　激しい突風や落雷に注意,10/23(水) 11:30
tenki,tenki.jp,台風20号は「大型」　24日(木)は沖縄で激しい雨・強風・高波に注意,10/23(水) 8:58
tenki,tenki.jp,気圧予報　23日は気圧低下　東京など影響度「中」・札幌「大」　頭痛やめまい注意,10/23(水) 6:39
tenki,tenki.jp,23日　九州〜北海道で雷雨や非常に激しい雨　北海道は風も強まる　南風でムシムシ,10/23(水) 5:49
tenki,tenki.jp,大分県で1時間に約110ミリ「記録的短時間大雨情報」,10/22(火) 22:50
tenki,tenki.jp,宮崎県で1時間に約120ミリ「記録的短時間大雨情報」,10/22(火) 22:22
tenki,tenki.jp,明日23日　九州は朝まで災害警戒　日中は近畿〜北海道で警報級大雨や暴風　荒天恐れ,10/22(火) 17:59
tenki,tenki.jp,北海道の3か月予報　季節の進行が急に早まり、例年より大雪の可能性が大きい冬,10/22(火) 17:48
tenki,tenki.jp,宮崎県で1時間に約120ミリ「記録的短時間大雨情報」,10/22(火) 16:58
tenki,tenki.jp,明日23日　雨風が強まり荒天か　通勤・通学の時間帯注意　11月に入ってもまだ夏日,10/22(火) 16:42
tenki,tenki.jp,長野　この先の天気は周期変化　冷え込み緩む　タイヤ交換いつする?,10/22(火) 16:34
tenki,tenki.jp,11月もまだ異例の暑さ　12月は季節急加速　冬型強まり、日本海側で雪多め　3か月,10/22(火) 16:14
tenki,tenki.jp,北陸　23日は南寄りの強風と短時間強雨に注意　フェーン現象で異例の真夏日も,10/22(火) 15:46
tenki,tenki.jp,東北は秋晴れ続かず　明日23日は荒天の恐れ　日ごとの寒暖差に注意　2週間天気,10/22(火) 15:36
tenki,tenki.jp,宮崎県　「線状降水帯」発生中　命の危険も　災害発生の危険度が急激に高まる,10/22(火) 15:19
tenki,tenki.jp,中国地方　明日23日明け方まで激しい雨や雷雨　風強まり夜は朝よりも気温低い,10/22(火) 15:08
tenki,tenki.jp,関東〜九州の所々で夏日　明日23日は曇りや雨でも広く夏日　10月終盤も季節足踏み,10/22(火) 14:13
tenki,tenki.jp,23日は全国的に雨　気温は高い　11月に入っても西日本を中心に夏日　2週間天気,10/22(火) 12:07
tenki,tenki.jp,今日22日夜から近畿は雨　23日は前線通過で激しい雨に　この先は秋晴れ長く続かず,10/22(火) 12:03
tenki,tenki.jp,東海地方　雨の降りだしは?　明日23日は雨・風強まる　突風や落雷に注意　週間天気,10/22(火) 11:58
tenki,tenki.jp,九州　今日22日は夜の初め頃にかけて一時激しい雨　土砂災害に厳重警戒　大気不安定,10/22(火) 11:50
tenki,tenki.jp,九州で激しい雨　災害に警戒　22日夜は西日本　23日は東・北日本へ強雨域広がる,10/22(火) 11:37
tenki,tenki.jp,気圧予報　24日にかけて気圧変化が大きい　症状が出やすい方はしっかりと対策を,10/22(火) 9:41
tenki,tenki.jp,明日23日は全国的に雨・風が強まる　台風20号は沖縄に影響　高波などに注意,10/22(火) 7:23
tenki,tenki.jp,22日　西日本で雨雲広がる　夜は滝のような雨も　東・北日本は日差しで気温上昇,10/22(火) 5:49
tenki,tenki.jp,台風20号「チャーミー」発生　今後の動向に注意,10/22(火) 4:16
tenki,tenki.jp,明日22日は西日本で雨　23日は全国で雨風強い　週末の天気に台風発生の影響は?,10/21(月) 17:57
tenki,tenki.jp,中国地方　10月下旬でも夏日続出　雨の日も蒸し暑く　まだまだ半袖が活躍,10/21(月) 16:50
tenki,tenki.jp,近畿　秋晴れつづかず　週末は前線が活発化か　来週は連日の雨も　2週間天気,10/21(月) 16:20
tenki,tenki.jp,今季最も冷えた朝から一転　日中は西日本で夏日に　気温差20℃以上も,10/21(月) 16:06
tenki,tenki.jp,23日(水)は各地で雨　日本海側を中心に雨や風が強まる　交通への影響が出る恐れも,10/21(月) 15:41
tenki,tenki.jp,鹿児島県で1時間に120ミリ以上「記録的短時間大雨情報」,10/21(月) 14:30
tenki,tenki.jp,今日21日夜　月と木星が接近　オリオン座流星群や冬のダイヤモンドと共演も　天気は,10/21(月) 12:29
tenki,tenki.jp,明日22日以降　全国的に高温　11月スタートも西日本は所々夏日　2週間天気,10/21(月) 12:10
tenki,tenki.jp,今日21日　朝と昼間との気温差大きく　服装注意　近畿この先も季節の歩みゆっくり,10/21(月) 11:42
tenki,tenki.jp,23日は全国的に頭痛やめまいに要注意　気圧が急降下　激しい寒暖差も影響か,10/21(月) 11:12
tenki,tenki.jp,オリオン座流星群がピーク　今日21日夜が最も見頃　夜の天気は?,10/21(月) 10:35
tenki,tenki.jp,21日朝　全国6割以上で今シーズン一番の冷え込み　冬日は100地点超え,10/21(月) 8:30
tenki,tenki.jp,今日21日　東海〜九州で夏日続出　朝と日中の寒暖差に注意,10/21(月) 6:48
tenki,tenki.jp,関東で今シーズン初の冬日　21日朝は放射冷却で冷える　日中もヒンヤリ,10/21(月) 4:55
tenki,tenki.jp,「台風20号」発生へ　日本列島への影響は?　まだ台風シーズン,10/20(日) 17:17
tenki,tenki.jp,明日21日朝は冷える　日中は夏日続出で季節逆戻り　23日以降は雨　雨量が多い所も,10/20(日) 16:33
tenki,tenki.jp,近畿　今週も気温の高い日が多い　後半は熱帯低気圧の動きにも注意を,10/20(日) 15:39
tenki,tenki.jp,平地より遅い山の雪?　北海道の網走は昨日19日初雪　今日20日初冠雪を観測,10/20(日) 15:20
tenki,tenki.jp,20日の最高気温　北・東日本で前日より10℃以上低下も　東京も真夏日から晩秋,10/20(日) 14:57
tenki,tenki.jp,明日21日はオリオン座流星群が極大　前後数日間チャンス　今夜・明日夜は広く晴れる,10/20(日) 13:07
tenki,tenki.jp,北海道で雪の便り続々と　札幌でも初雪に　旭岳は史上最も遅い初冠雪,10/20(日) 12:53
tenki,tenki.jp,岩手山・蔵王山・吾妻山で「初冠雪」　本州で今シーズン初,10/20(日) 11:27
tenki,tenki.jp,秋は霧の季節　霧日数は長期的に減少傾向　地球温暖化や都市化による気温上昇が一因か,10/20(日) 10:40
tenki,tenki.jp,20日　晴れても空気ヒンヤリ　関東など前日から10℃ほど気温低下　朝は札幌で初雪,10/20(日) 8:18
tenki,tenki.jp,今週も気温の高い状態続く30℃に迫る日も　次の週末以降は秋の長雨に,10/20(日) 5:58
tenki,tenki.jp,稚内で初雪　今シーズン　全国で初めて,10/19(土) 18:49
tenki,tenki.jp,明日20日は気温が10℃以上低下で晴れても晩秋の寒さ　北海道は昼ごろにかけて雪,10/19(土) 17:50
tenki,tenki.jp,釧路で平年より3日遅いカエデが紅葉　この秋　全国で初,10/19(土) 16:28
tenki,tenki.jp,寒暖差大　日曜は関東も気温急降下　秋晴れ少なく　台風のたまごにも注意　2週間天気,10/19(土) 16:03
tenki,tenki.jp,東京都心30℃以上を観測　今日の夏の暑さから一転　明日20日は晩秋の寒さへ,10/19(土) 15:35
tenki,tenki.jp,明日20日は初雪か　峠は積雪・凍結路面で通行注意　北海道,10/19(土) 13:49
tenki,tenki.jp,東京都心30℃　統計開始以来　最も遅い真夏日を観測　今夜気温急降下で寒暖差に注意,10/19(土) 13:33
tenki,tenki.jp,週明けはオリオン座流星群が極大　紫金山・アトラス彗星もまだ見えるチャンス,10/19(土) 13:10
tenki,tenki.jp,関東地方　午後は天気の急変と気温の急降下に注意　お出かけは傘と上着が必須,10/19(土) 11:50
tenki,tenki.jp,長崎県では3時間で月平均の1.5倍以上の雨　午後は大雨の範囲が太平洋側へ広がる,10/19(土) 10:54
tenki,tenki.jp,今日19日(土)　雨や雷雨　南風から北風に　気温が下がり続ける地域も　服装注意,10/19(土) 8:15
tenki,tenki.jp,19日〜20日　気圧変化による影響度が大きい　東京などは下降後に上昇　対策を,10/19(土) 6:54
tenki,tenki.jp,19日は雨・風強まる　局地的に大雨　20日にかけて気温大幅ダウン　北海道は雪も,10/19(土) 6:15
tenki,tenki.jp,19日・20日の山の天気　寒気流入に伴う気象遭難に警戒,10/18(金) 19:07
tenki,tenki.jp,明日19日は大雨のおそれ　19日夜〜20日は冬型の気圧配置で荒天　暴風・高波警戒,10/18(金) 17:46
tenki,tenki.jp,関東　19日は10月としては記録的な暑さ　20日は大幅に気温ダウン　体調管理注意,10/18(金) 16:44
tenki,tenki.jp,近畿　明日19日の午後は広く雨で激しい雨も　気温は急降下　20日は秋晴れに,10/18(金) 16:34
tenki,tenki.jp,北海道　19日は大雨の後に気温急降下で雪の恐れ　峠は積雪状態で冬タイヤの出番に,10/18(金) 15:32
tenki,tenki.jp,18日　福岡県などで30℃超　最も遅い真夏日に　東京都心は明日19日が31℃予想,10/18(金) 15:29
tenki,tenki.jp,青森県、岩手県で震度3の地震　津波の心配なし,10/18(金) 13:47
tenki,tenki.jp,東海　今日18日午後の雨は?　19日の雨を境に気温大幅に低下も一時的　週間天気,10/18(金) 12:42
tenki,tenki.jp,北海道の1か月予報　雪の季節到来　今週末19〜20日にも雪が?,10/18(金) 12:17
tenki,tenki.jp,今日18日　夜にかけて関東など太平洋側で雨脚強まる　激しい雨も　大雨に警戒を,10/18(金) 12:12
tenki,tenki.jp,中国地方　今週末は残暑と荒れた天気　その後は気温が急降下,10/18(金) 12:00
tenki,tenki.jp,土曜は全国的に雨風強まる　日曜は寒気南下　北海道で積雪　関東も冷える　2週間天気,10/18(金) 11:42
tenki,tenki.jp,九州　19日は前線南下で風雨強まる　強風・高波に注意　週末にかけて大きな気温変化,10/18(金) 10:52
tenki,tenki.jp,気圧予報　18日は気圧低下　影響度は札幌「大」東京〜那覇「中」　頭痛やめまい注意,10/18(金) 9:01
tenki,tenki.jp,最適な服装は?　関東は夏日から解放　北陸・東海〜九州は季節外れの暑さ続く,10/18(金) 6:55
tenki,tenki.jp,18日　関東〜九州は太平洋側を中心に雨や雷雨　局地的に激しい雨　北日本も夜は雨,10/18(金) 5:52
tenki,tenki.jp,19日〜20日　異例の残暑から一転、肌寒く　北海道は初雪の可能性　気温変化に注意,10/17(木) 18:06
tenki,tenki.jp,関東　19日の雨を境に気温大幅ダウン　11月も高温傾向　寒暖差が大きい1か月,10/17(木) 16:32
tenki,tenki.jp,近畿　今日17日は30℃近い気温の所も　11月にかけても高温傾向続きそう,10/17(木) 16:14
tenki,tenki.jp,異例の高温続く中、11月に突入か　秋のさわやかな空気はいずこへ…1か月予報,10/17(木) 16:04
tenki,tenki.jp,北陸　19日は能登で激しい雨や雷雨　豪雨の被災地で土砂災害に注意・警戒,10/17(木) 15:55
tenki,tenki.jp,東京都心で6日連続の夏日　10月に12回目の夏日　過去最多記録を更新,10/17(木) 14:10
tenki,tenki.jp,東海　季節外れの暑さから一転　19日の雨を境に気温急降下　寒暖差大　週間天気,10/17(木) 12:58
tenki,tenki.jp,東北　スーパームーンは観測チャンスあり　土・日は荒天のち冬の便りか,10/17(木) 12:23
tenki,tenki.jp,関東　今夜にかけても雲主役　2024年最大の満月「スーパームーン」は?,10/17(木) 12:10
tenki,tenki.jp,土曜は広く荒天　日曜は寒気が南下　北海道で積雪も　関東も気温急降下　2週間天気,10/17(木) 11:41
tenki,tenki.jp,今夜は今年最大の満月「スーパームーン」　見られる所は?,10/17(木) 8:57
tenki,tenki.jp,17日　北日本は朝晩と日中の気温差大　東・西日本は日中は暑さ続く　最適な服装は?,10/17(木) 6:56
tenki,tenki.jp,17日　関東〜九州は雲が多く雷雨も　10月らしからぬ蒸し暑さ　北海道〜北陸は晴天,10/17(木) 5:58
tenki,tenki.jp,前線通過後、一時的に冬型へ　土曜は広く雨や雷雨　日曜は北海道の平地で初雪の可能性,10/16(水) 17:55
tenki,tenki.jp,今週末は冬型のような気圧配置に　体調管理にご注意を,10/16(水) 16:43
tenki,tenki.jp,19日は荒天の恐れ　午後は強い寒気で気温が急降下　高い山は雪　東北2週間天気,10/16(水) 15:49
tenki,tenki.jp,10月後半突入も異例の残暑　九州など真夏日　都心で5日連続夏日　週末から寒気流入,10/16(水) 15:36
tenki,tenki.jp,曇り空の関東　午後は所々で雨　都心は夜遅くなるほど雨降りやすい,10/16(水) 12:45
tenki,tenki.jp,近畿　今日16日午後も急な雨や雷雨に注意　週末にかけても広く雨で、気温変化大きく,10/16(水) 12:34
tenki,tenki.jp,明日17日　10月の満月「ハンターズムーン」が今年最大の「スーパームーン」に,10/16(水) 11:41
tenki,tenki.jp,19日は広く雨　20日は気温急降下　でも10月下旬に夏日になる所も　2週間天気,10/16(水) 11:16
tenki,tenki.jp,徳島県で局地的に激しい雨　北海道や秋田県などで土砂降りの雨　午後は関東で雨や雷雨,10/16(水) 9:46
tenki,tenki.jp,今日16日の最高気温　関東〜九州は夏日続出　鹿児島などで30℃予想,10/16(水) 6:39
tenki,tenki.jp,16日の天気　傘の出番の所が多い　前線通過で局地的に激しい雨　落雷や突風に注意,10/16(水) 5:37
tenki,tenki.jp,鹿児島県奄美地方で1時間に約120ミリ「記録的短時間大雨情報」,10/15(火) 21:53
tenki,tenki.jp,週末は一気に季節が進む　北海道では初雪の可能性も　関東でも朝晩はコートが必要,10/15(火) 16:56
tenki,tenki.jp,中国地方　週末は気温が低下　涼しい空気は一時的　寒暖差大　半袖の出番はまだあり,10/15(火) 16:41
tenki,tenki.jp,明日16日にかけ雨エリア拡大　19日〜20日は荒天　北海道は平地も雪　気温急降下,10/15(火) 16:37
tenki,tenki.jp,夏日・真夏日続出から一気に冬へ　今週末は北海道の平地で雪　都心も朝は暖房の用意を,10/15(火) 15:01
tenki,tenki.jp,今日15日は真夏日に迫る暑さの近畿　週末は気温急降下　ひと雨ごとに季節が前進,10/15(火) 13:03
tenki,tenki.jp,10月後半は短い周期で天気変化　日曜から冷たい空気流入　寒暖差大　東海2週間天気,10/15(火) 12:36
tenki,tenki.jp,紫金山・アトラス彗星　今週が見頃マジックアワーの共演も　見える日時・方角・天気は,10/15(火) 11:56
tenki,tenki.jp,16日は午前を中心に雨　19日〜20日は荒天・大幅な気温低下に注意　2週間天気,10/15(火) 11:49
tenki,tenki.jp,明日16日の近畿は傘の出番　天気は周期変化で19日(土)も広く雨,10/15(火) 11:31
tenki,tenki.jp,ここ1週間で震度3以上の地震が4回　関東は2日連続で震度3　日頃からの備えは,10/15(火) 9:16
tenki,tenki.jp,服装指数　15日も日中は薄着でOK　週末は雨を境にヒンヤリ　厚手の上着で対策を,10/15(火) 7:06
tenki,tenki.jp,15日　日本海側で雨の範囲が広がる　激しい雨も　関東以西で25℃超えの夏日,10/15(火) 5:38
tenki,tenki.jp,埼玉県、千葉県、東京都などで震度3の地震　津波の心配なし,10/14(月) 19:52
tenki,tenki.jp,東京11年ぶり「10月中旬に3日連続の夏日」　関東は週末から昼も長袖　2週間天気,10/14(月) 17:29
tenki,tenki.jp,季節が急に進む　次の週末に寒気が南下　北海道で雪　本州も夏日一転、気温急降下,10/14(月) 16:29
tenki,tenki.jp,3連休最終日も「夏日」400地点超　朝と昼の気温差20℃以上が続出　連休明けは?,10/14(月) 15:22
tenki,tenki.jp,今後1週間　天体観測日和が続出　紫金山・アトラス彗星だけじゃない　満月や流星群も,10/14(月) 13:32
tenki,tenki.jp,連休明けは雨　19日の雨を境に気温低下　北海道は雪か　激しい寒暖差　2週間天気,10/14(月) 11:46
tenki,tenki.jp,14日「スポーツの日」午前中から空気乾燥　午後も気温は高いが　カラッとした陽気,10/14(月) 11:27
tenki,tenki.jp,冬の便り　14日は旭川で初氷・本州初の冬日　週末は寒気流入で北海道は平地でも雪か,10/14(月) 9:21
tenki,tenki.jp,14日　月が土星に接近　今夜も晴れる所が多い　17日は今年最大の満月,10/14(月) 7:01
tenki,tenki.jp,旭川で「初氷」平年より4日早く　今シーズン全国で初めての観測,10/14(月) 6:24
tenki,tenki.jp,14日　3連休最終日も広く晴れ　西日本は所々で雨や雷雨　朝晩と日中の気温差に注意,10/14(月) 5:58
tenki,tenki.jp,天気は周期変化　週半ばと次の週末は広く雨　日曜は一時的に寒気が流入　北海道で雪も,10/13(日) 18:03
tenki,tenki.jp,13日　広くカラッとした陽気　この秋一番低い湿度も　14日は次第に湿った空気流入,10/13(日) 16:37
tenki,tenki.jp,激しい気温変化に注意　次の日曜日は気温急降下　寒気流入は一時的　高温傾向が続く,10/13(日) 16:00
tenki,tenki.jp,北海道　そろそろ冬の準備が必要?　19日頃からは強い寒気が流れ込む,10/13(日) 15:47
tenki,tenki.jp,今週は月を眺めよう　月曜は月が土星に接近　火曜は十三夜　木曜はスーパームーン,10/13(日) 14:22
tenki,tenki.jp,午前中から夏日続出　東京都心も25℃超　東海〜九州は真夏日に迫る所も　暑さ対策を,10/13(日) 12:00
tenki,tenki.jp,近畿　今週は30度近くまで上がる所も　次の週末は季節が前進　週間天気,10/13(日) 10:34
tenki,tenki.jp,連休2日目も全国的に秋晴れ　西日本や東海は真夏日に迫る暑さに　関東も半袖日和,10/13(日) 8:10
tenki,tenki.jp,夏と冬が共存する日本列島　次の日曜日は北海道の平地でも雪の可能性　2週間天気,10/13(日) 6:04
tenki,tenki.jp,茨城県、栃木県、埼玉県などで震度3の地震　津波の心配なし,10/13(日) 3:59
tenki,tenki.jp,三連休最終日の14日は九州や四国で雨の所あり　連休明け15日は全国的に曇りや雨,10/12(土) 18:01
tenki,tenki.jp,紫金山・アトラス彗星がいよいよ夜空で見頃に　いつ、どこに見える?　天気は,10/12(土) 16:47
tenki,tenki.jp,北海道の紅葉は最低気温8℃から約4週間で見頃?　近年の傾向から見る道内の紅葉,10/12(土) 15:56
tenki,tenki.jp,北海道で「低緯度オーロラと北斗七星」の撮影に成功　三連休中に観察チャンスある?,10/12(土) 15:26
tenki,tenki.jp,冬の訪れが当初の予想より遅れる可能性　11月も高温傾向か　師走は冬らしく,10/12(土) 14:26
tenki,tenki.jp,関東〜九州は広く夏日予想　東京都心はすでに25℃超　10月だけど暑さに気をつけて,10/12(土) 11:51
tenki,tenki.jp,12日(土)　三連休初日は全国的に行楽日和　東・西日本は夏日に　秋の熱中症に注意,10/12(土) 8:12
tenki,tenki.jp,3連休　広く行楽日和　関東〜西は夏日続出　昼間は半袖の陽気　朝晩との気温差に注意,10/12(土) 6:40
tenki,tenki.jp,3連休の山の天気　広く登山日和　放射冷却で冷え込み強まる,10/11(金) 18:15
tenki,tenki.jp,関東　3連休は行楽日和　ただ「2K」に注意　服装選びの目安は?　衣替えはいつ?,10/11(金) 17:25
tenki,tenki.jp,北陸　3連休は秋晴れ　14日は夏日続出　連休明けは曇りや雨　2週間天気,10/11(金) 17:13
tenki,tenki.jp,近畿　3連休は行楽日和に　一日の寒暖差がさらに大きく　服装選びに注意,10/11(金) 16:56
tenki,tenki.jp,3連休　全国的に秋晴れ　朝晩と日中との気温差は10℃以上の所も　紅葉の見頃は?,10/11(金) 16:19
tenki,tenki.jp,11日金曜　「夏日」200地点超　内陸部は朝と昼の気温差大　3連休初日も服装注意,10/11(金) 15:29
tenki,tenki.jp,北海道　旭岳の初冠雪が史上最も遅くなる?　3連休も広く行楽日和に,10/11(金) 14:47
tenki,tenki.jp,関東甲信・東海　9月は記録的な高温　まだ1か月程度「気温の高い状態」続く,10/11(金) 12:17
tenki,tenki.jp,3連休は秋晴れ　連休明けは雨も　関東〜九州は夏日の日が多い　高温傾向　2週間天気,10/11(金) 11:47
tenki,tenki.jp,中国地方3連休　汗ばむ陽気　朝晩はヒンヤリ　最終日は雲多め　連休明けは傘の出番,10/11(金) 11:41
tenki,tenki.jp,空気カラカラ　湿度30パーセント台が続出　3連休も広く秋晴れで乾燥　火の元に注意,10/11(金) 11:30
tenki,tenki.jp,東海　3連休は行楽日和も気温差大　服装選びは慎重に　連休明けは短い周期で天気変化,10/11(金) 11:18
tenki,tenki.jp,九州　からりとした秋晴れを有効に　3連休最終日は下り坂　来週は蒸し暑さ戻る,10/11(金) 10:54
tenki,tenki.jp,台風19号　温帯低気圧に変わりました,10/11(金) 10:02
tenki,tenki.jp,3連休は秋晴れも　10月後半は関東以西で雨量多い可能性　秋雨前線や台風の動向注意,10/11(金) 9:47
tenki,tenki.jp,今朝はこの秋一番ヒンヤリ　日中は関東以西で夏日　一日の気温差大　最適な服装は?,10/11(金) 8:37
tenki,tenki.jp,今日11日の天気　広く秋晴れ　関東は夏日が復活　北陸〜北海道は雨や雷雨の所も,10/11(金) 5:45
tenki,tenki.jp,オーロラ観測のチャンスも　北海道の今夜10日〜明日11日朝の天気,10/10(木) 18:01
tenki,tenki.jp,北海道の1か月予報　気温は高めでも平年通りの初雪の可能性が?,10/10(木) 17:51
tenki,tenki.jp,長すぎる残暑　10月後半も西日本で夏日続く　暑さはいつまで?　1か月予報,10/10(木) 17:22
tenki,tenki.jp,3連休は行楽日和　関東から西は10月半ばでも夏日続出　連休明けは西から雨,10/10(木) 16:33
tenki,tenki.jp,西日本で夏日続出　関東は肌寒さ解消　北海道は一日の気温差が20℃近くに,10/10(木) 15:50
tenki,tenki.jp,今冬は厳しい寒さか　冬にかけてラニーニャ現象時の特徴に　エルニーニョ監視速報,10/10(木) 14:49
tenki,tenki.jp,関西　3連休はお出かけ日和に　最終日はムシムシする所も,10/10(木) 12:07
tenki,tenki.jp,3連休は行楽日和　関東以西で夏日続出　次の雨は15日〜16日頃　2週間天気,10/10(木) 11:58
tenki,tenki.jp,3連休の天気　広く晴れてお出かけ日和　まだ夏日の所も朝晩は涼しい　服装選びに注意,10/10(木) 11:26
tenki,tenki.jp,10日朝　今季一番冷えた所も　冬日は15地点　3連休にかけて朝晩と日中の気温差大,10/10(木) 9:51
tenki,tenki.jp,関東　10日は晴れ間も　気温20℃超えでヒンヤリ解消　3連休は秋晴れ　寒暖差注意,10/10(木) 7:15
tenki,tenki.jp,旭川で「初霜」　今シーズン全国初　昨シーズンより2週間も早く,10/10(木) 6:38
tenki,tenki.jp,10日　広い範囲で晴れ　東海以西で夏日も　関東の肌寒さは解消へ,10/10(木) 5:48
tenki,tenki.jp,季節ようやく前進　爽やかな秋晴れが長続き　放射冷却で朝ヒンヤリ　そろそろ冬支度を,10/9(水) 17:35
tenki,tenki.jp,3連休は全国的にお出かけ日和　10月とは思えない暑さに　熱中症に注意,10/9(水) 16:57
tenki,tenki.jp,台風19号「バリジャット」発生,10/9(水) 16:25
tenki,tenki.jp,3連休は全国的に晴れて行楽日和　一日の寒暖差大　来週末は再び冷たい雨の可能性,10/9(水) 15:49
tenki,tenki.jp,北海道　明日10日朝も今朝と同じくらいの冷え込みに　寝冷え注意,10/9(水) 15:13
tenki,tenki.jp,関東・東北太平洋側で11月並み　西日本で夏日復活も　9日夜は鍋物が恋しい気温に,10/9(水) 12:57
tenki,tenki.jp,東海地方　今日9日午後は天気回復　この先は秋晴れの日が多いが寒暖差大,10/9(水) 12:08
tenki,tenki.jp,3連休は全国的に秋晴れ 関東から西は夏日続出　朝晩と昼間の寒暖差大　2週間天気,10/9(水) 11:52
tenki,tenki.jp,関東で気温急降下　都心5か月ぶり20℃届かず　明日10日朝も冷える　薄手コートを,10/9(水) 11:32
tenki,tenki.jp,秋も花粉症　原因植物は身近な草木　屋外が快適な陽気になるこの時期は特に注意,10/9(水) 10:53
tenki,tenki.jp,今朝は関東と東海で本降り　沿岸部は雨・風強く　ピークは昼頃まで　足元に注意,10/9(水) 8:47
tenki,tenki.jp,今日9日の関東　朝はザッと強い雨も　日中にかけて気温横ばい　11月並みの肌寒さ,10/9(水) 7:16
tenki,tenki.jp,今日9日　日中は広く晴れ間あり　東北南部と関東は冷たい雨で昼間も上着を,10/9(水) 6:02
tenki,tenki.jp,明日9日　関東は雨風強まる　気温11月並みで更に肌寒く　3連休は全国的に行楽日和,10/8(火) 17:20
tenki,tenki.jp,関東は激しい寒暖差　9日は雨でヒンヤリ　3連休は秋晴れ　10月中旬に夏日の所も,10/8(火) 16:37
tenki,tenki.jp,関西　3連休は広く晴れて行楽日和に　来週の後半は傘の出番が多い　2週間天気,10/8(火) 16:14
tenki,tenki.jp,関東　局地的に発達した雨雲　明日9日は昼頃まで雨　関東はこの秋一番の肌寒さに,10/8(火) 15:09
tenki,tenki.jp,中国地方　明日9日瀬戸内側で気温大幅アップ一日の寒暖差大　3連休最終日は蒸し暑い,10/8(火) 14:29
tenki,tenki.jp,今日8日は二十四節気の「寒露」　関東甲信は10℃前後も気温降下　明日は11月並み,10/8(火) 13:04
tenki,tenki.jp,関西　今日8日は気温大幅ダウン　3連休は気温差大　衣替えを進めよう,10/8(火) 12:18
tenki,tenki.jp,9日も関東は昼頃まで雨　10日以降は秋晴れ　3連休は行楽日和　2週間天気,10/8(火) 11:50
tenki,tenki.jp,関東　雨で気温大幅ダウン　夜遅くなるほど雨強まる　明日9日は11月並みの肌寒さ,10/8(火) 11:23
tenki,tenki.jp,九州〜東北の所々に雨雲　日中も断続的に雨　帰宅時間帯は東海や関東で本降り,10/8(火) 9:50
tenki,tenki.jp,関東　8日は冷たい雨　次第に本降り　朝より日中は気温低下　晩秋のような肌寒さに,10/8(火) 6:54
tenki,tenki.jp,今日8日の天気　太平洋側を中心に本降りの雨　関東は気温急降下　晩秋の肌寒さに,10/8(火) 5:52
tenki,tenki.jp,秋雨のち秋晴れへ　3連休は広く行楽日和　寒暖差と新たな台風発生に注意,10/7(月) 18:05
tenki,tenki.jp,明日8日(火)全国的に冷たい雨　関東〜東海は大雨のおそれ　日中の気温は大幅に低下,10/7(月) 16:41
tenki,tenki.jp,沖縄で竜巻目撃情報　今夜にかけて急な激しい雨・落雷・竜巻などの突風に注意,10/7(月) 15:43
tenki,tenki.jp,大阪で真夏日の最多記録を更新　東京都心も30℃に迫るも明日は一転　長袖が必須,10/7(月) 14:55
tenki,tenki.jp,24時間以内に新たな台風発生へ　日本の東海上を北上か　動向に注意,10/7(月) 12:31
tenki,tenki.jp,東海地方　日中は25℃以上でも朝晩との寒暖差大　3連休の天気は?　2週間天気,10/7(月) 12:18
tenki,tenki.jp,8日は関東など雨でヒンヤリ　10日頃から広く秋晴れ　3連休は夏日が続出,10/7(月) 11:57
tenki,tenki.jp,帰宅時間帯は大阪など太平洋側も激しい雨　能登半島は夕方にかけ警報級大雨のおそれ,10/7(月) 11:32
tenki,tenki.jp,関東　寒暖差に注意　7日は蒸し暑さ復活　8日は雨でヒンヤリ　3連休は行楽日和,10/7(月) 9:53
tenki,tenki.jp,7日の服装指数　気温は朝から横ばいの所も　関東は蒸し暑い　羽織るもので調節を,10/7(月) 6:47
tenki,tenki.jp,7日は全国的に雨　北陸は警報級の大雨のおそれ　日本海側を中心に前日より気温低下,10/7(月) 5:36
tenki,tenki.jp,週前半は雨　3連休は秋晴れ　彗星やスーパームーンなど天体ショーも　2週間天気,10/6(日) 17:59
tenki,tenki.jp,6日　大阪など西日本で真夏日続出　7日は真夏日地点減少も太平洋側はムシムシ,10/6(日) 16:08
tenki,tenki.jp,北陸　週明けは秋雨前線が活発化　能登豪雨の被災地でも警報級大雨のおそれ,10/6(日) 15:46
tenki,tenki.jp,関東は短い周期で寒暖が大きく変化　まだ夏日が出現予想　前線通過で雨脚強まる可能性,10/6(日) 15:30
tenki,tenki.jp,月曜〜火曜　西日本〜北日本の広範囲で雨　大雨の恐れも　秋雨前線が本州を南下,10/6(日) 13:47
tenki,tenki.jp,6日　朝は今シーズン最も肌寒く　日中は大阪や京都で今年最後の真夏日か,10/6(日) 12:06
tenki,tenki.jp,今夜　月が金星に接近　見られる所は?,10/6(日) 11:19
tenki,tenki.jp,今日6日(日)九州〜東北はスッキリしない天気　北海道は爽やかな秋晴れに,10/6(日) 8:08
tenki,tenki.jp,7日〜8日は局地的に激しい雨　3連休は行楽日和　寒暖差が大きい　2週間天気,10/6(日) 6:09
tenki,tenki.jp,寒暖差が激しい関東　来週も体感が短い周期で変化　晴れると25℃前後に,10/5(土) 16:43
tenki,tenki.jp,北海道　5日夜はオーロラが見られる可能性　この先一週間は晴れ間の出る日が多い,10/5(土) 15:54
tenki,tenki.jp,関西　明日6日は真夏日の所も　週明けの7日と8日は広い範囲で雨,10/5(土) 15:43
tenki,tenki.jp,関東甲信は今夜にかけ断続的に雨　週明けは西・東日本で広く雨に　激しく降る可能性,10/5(土) 15:04
tenki,tenki.jp,ラニーニャ現象の特徴すでに出現　秋雨と台風シーズン　11月に入ると急に寒くなる,10/5(土) 14:23
tenki,tenki.jp,東京都心は今秋一番の肌寒さ　西日本は蒸し暑い,10/5(土) 11:48
tenki,tenki.jp,今日5日(土)　西〜東日本の太平洋側を中心に雨雲かかる　関東は昼間も空気ヒンヤリ,10/5(土) 8:13
tenki,tenki.jp,秋雨シーズン　週明けも前線の影響で広く雨　気温差大　3連休の天気は?　2週間天気,10/5(土) 6:28
tenki,tenki.jp,5日・6日の山の天気　紅葉観に行くチャンスあり　秋雨前線が南下して活動弱まる,10/4(金) 20:16
tenki,tenki.jp,秋雨続く東北　行楽日和はいつ?　東北2週間天気,10/4(金) 18:04
tenki,tenki.jp,関東「土日の天気」　5日土曜は秋の涼しさ　6日日曜はまた夏日　雨が降るのはいつ?,10/4(金) 16:43
tenki,tenki.jp,週末も所々で雨　6日(日)の方が蒸し暑い　西日本では30℃以上の真夏日も,10/4(金) 16:19
tenki,tenki.jp,関西　この先一週間も気温の変化大　服装選びに注意して,10/4(金) 15:55
tenki,tenki.jp,4日金曜　沖縄・関東を中心に「真夏日」続出　大阪市は今季初「2日連続25℃未満」,10/4(金) 15:39
tenki,tenki.jp,東京都心　また最高気温30℃以上を観測　10月に2回「真夏日」は5年ぶり,10/4(金) 12:53
tenki,tenki.jp,東海　3日は浜松で突風被害が発生　今日4日も非常に不安定　竜巻発生時の行動は,10/4(金) 12:26
tenki,tenki.jp,関西　土日はお出かけチャンスあり　日曜日は暑さ戻る　京都は30℃予想,10/4(金) 12:05
tenki,tenki.jp,北海道　今日4日は大雨に注意　夕方から夜は激しい雨の恐れ,10/4(金) 11:40
tenki,tenki.jp,関東　暑さが戻る　すでに最高気温30℃超の所も　午後も10月らしくない暑さ,10/4(金) 11:32
tenki,tenki.jp,週明けから再び雨続く　来週末からは広く秋晴れ　暑さおさまる　2週間天気,10/4(金) 11:25
tenki,tenki.jp,中国地方　今日(4日)は天気が持ち直し日差しが戻る　5日と6日は暑さ復活,10/4(金) 11:03
tenki,tenki.jp,台風18号　熱帯低気圧に変わる　沖縄では引き続き大雨注意,10/4(金) 9:56
tenki,tenki.jp,局地的に記録的な大雨　沖縄では約100ミリの猛烈な雨　東海では非常に激しい雨も,10/4(金) 9:32
tenki,tenki.jp,沖縄県与那国町付近で1時間に約100ミリ「記録的短時間大雨情報」,10/4(金) 7:20
tenki,tenki.jp,関東の天気　再び真夏日　東京都心は30℃予想　晴れ間があってもにわか雨に注意,10/4(金) 7:09
tenki,tenki.jp,4日　全国的に雨　非常に激しく降る所も　大雨に警戒,10/4(金) 5:52
tenki,tenki.jp,北海道　10月も気温高く　数日の周期で行楽日和　1か月予報,10/3(木) 19:07
tenki,tenki.jp,静岡県で竜巻目撃情報,10/3(木) 19:02
tenki,tenki.jp,台風18号　沖縄で4日にかけて大雨　動き遅く影響長引く,10/3(木) 17:58
tenki,tenki.jp,長野　4日明け方にかけて南部で激しい雨に注意　来週前半まで雨の日続く,10/3(木) 17:07
tenki,tenki.jp,中国地方　気温は高く　秋の深まりはゆっくり　朝晩と昼間の寒暖差に注意　1か月予報,10/3(木) 16:38
tenki,tenki.jp,関東　明日4日は暑さ戻る　東京30℃予想　来週は気温急降下で20℃に届かない日も,10/3(木) 16:24
tenki,tenki.jp,10月も全国的に高温　異例の残暑となる可能性　秋雨前線により雨量多い　1か月予報,10/3(木) 16:12
tenki,tenki.jp,関東など真夏日から一転　気温急降下　明日4日は東京で再び30℃か,10/3(木) 15:03
tenki,tenki.jp,関西　4日にかけて警報級の大雨のおそれも　発達した雨雲が通過中,10/3(木) 12:37
tenki,tenki.jp,今日3日　東海〜四国は大雨のおそれ　4日にかけて能登半島も大雨に注意・警戒,10/3(木) 12:07
tenki,tenki.jp,秋雨前線の影響で本州付近は雨の日が多い　関東などで気温の変化大　2週間天気,10/3(木) 11:58
tenki,tenki.jp,紅葉前線　立山室堂平は今が色づきのピーク　標高の高い所から徐々に進行中,10/3(木) 11:40
tenki,tenki.jp,九州　週末は蒸し暑さ戻る　来週は秋の空気入り季節が進む　気温変化大きい,10/3(木) 11:02
tenki,tenki.jp,関東　帰宅時間帯は本降りの雨　気温は昨日より大幅低下　明日は再び真夏日　気温差大,10/3(木) 9:52
tenki,tenki.jp,強い台風18号　台湾付近で動きノロノロ　沖縄は4日にかけて大雨・高波に注意・警戒,10/3(木) 7:07
tenki,tenki.jp,3日　広く雨　前線や低気圧で西・東日本は滝のような雨も　沖縄は台風の影響受ける,10/3(木) 5:54
tenki,tenki.jp,台風17号　温帯低気圧に変わりました,10/2(水) 22:12
tenki,tenki.jp,台風18号　沖縄で影響長引く　3日から5日ごろ先島諸島に接近のおそれ,10/2(水) 18:01
tenki,tenki.jp,能登豪雨の被災地は土砂災害に注意　8日まで断続的に雨が強まる恐れ　北陸2週間天気,10/2(水) 17:54
tenki,tenki.jp,10月なのに30℃超え続出　来週中頃はようやく残暑おさまる　服装の目安は,10/2(水) 16:57
tenki,tenki.jp,北海道　高い山は紅葉最盛期　この先の色づきはゆっくり,10/2(水) 16:37
tenki,tenki.jp,岩手山　噴火警戒レベル2(火口周辺規制)に引き上げ,10/2(水) 16:17
tenki,tenki.jp,関東週間　天気が短い周期で変化　期間の初めと終わりは気温差大　体調管理に要注意,10/2(水) 16:09
tenki,tenki.jp,宮崎県南部平野部で竜巻目撃情報,10/2(水) 15:50
tenki,tenki.jp,4日にかけて東海〜九州で大雨の恐れ　秋雨前線+台風で雨雲活発に,10/2(水) 14:22
tenki,tenki.jp,2024年冬はラニーニャ現象発生　2023年より厳しい寒さ　用意すべきアイテムは,10/2(水) 14:17
tenki,tenki.jp,関西　明日3日〜4日は広く雨で激しい雨も　いつもと違う気温変化に注意,10/2(水) 13:02
tenki,tenki.jp,東海　今日2日は広く秋晴れも天気は下り坂　3日〜4日は山地を中心に大雨の恐れ,10/2(水) 12:26
tenki,tenki.jp,日本気象協会　第2回「紅葉見頃予想」　長引く残暑で今年の紅葉は全国的に遅い傾向,10/2(水) 12:11
tenki,tenki.jp,東京都心で10月としては3年ぶりの真夏日　明日3日は気温が急降下　服装注意,10/2(水) 11:44
tenki,tenki.jp,前半は雨の日多いが真夏日も　後半は秋晴れで汗ばむ陽気　2週間天気,10/2(水) 11:25
tenki,tenki.jp,東京都心で30.6度　10月の真夏日は3年ぶり,10/2(水) 11:09
tenki,tenki.jp,台風18号　非常に強い勢力で沖縄に接近　先島諸島は暴風・高波に警戒,10/2(水) 9:02
tenki,tenki.jp,2日の最高気温　体感も服装もガラリと変化　都心は真夏日　福岡は一気にヒンヤリ,10/2(水) 7:02
tenki,tenki.jp,2日　日本海側から雨　関東など暑さ復活　先島諸島は台風18号の影響で荒天,10/2(水) 5:55
tenki,tenki.jp,大型で猛烈な台風18号　非常に強い勢力で先島諸島に接近　動き遅く影響長引くおそれ,10/1(火) 18:06
tenki,tenki.jp,明日2日　東京都心32℃　10月としては記録的な暑さ　福岡など九州では大幅ダウン,10/1(火) 17:31
tenki,tenki.jp,関西　京都で今年100日目の真夏日　この先も高温傾向がつづく　週間予報,10/1(火) 17:19
tenki,tenki.jp,西・東日本で過去最も暑い9月　猛暑日日数は2010年以降最多　10月も高温傾向,10/1(火) 16:43
tenki,tenki.jp,北海道　明日2日は台風17号と寒冷前線の影響で雨が降る　雨の降り方が強まる所も,10/1(火) 15:34
tenki,tenki.jp,4日にかけて西日本で大雨のおそれ　秋雨前線の位置と台風18号の動きに注意,10/1(火) 14:30
tenki,tenki.jp,台風18号　3日〜4日頃に沖縄接近　雨でも気温高く　九州から関東は真夏日も,10/1(火) 12:17
tenki,tenki.jp,今夜は2回　明日2日の夜も1回「きぼう」が日本の上空を通過　見えるチャンスは?,10/1(火) 12:08
tenki,tenki.jp,関西　明日2日は前線南下で天気下り坂　3日は広く雨　台風18号周辺の暖湿気も流入,10/1(火) 11:45
tenki,tenki.jp,九州　2日から秋雨前線の影響で天気ぐずつく　一時的に気温低下　台風18号の動きは,10/1(火) 11:10
tenki,tenki.jp,台風17号　まもなく千葉県が強風域の中に　非常に強い風や高波に注意,10/1(火) 10:51
tenki,tenki.jp,服装選びに悩む10月　明日2日は東京都心も真夏日予想　衣替えのタイミングは,10/1(火) 9:58
tenki,tenki.jp,台風18号　1日の夜には「猛烈」な勢力に　3日〜4日頃は沖縄に接近　影響は広範囲,10/1(火) 7:14
tenki,tenki.jp,10月1日　台風17号が関東や東北に接近　沖縄は台風18号の影響で大雨　真夏日も,10/1(火) 5:35
tenki,tenki.jp,10月スタートは真夏日続出　台風18号の動向次第で猛暑日の可能性も　暑さいつまで,9/30(月) 17:29
tenki,tenki.jp,中国地方　週半ば 雨で肌寒い日も　雨の後は真夏日　台風18号の動向にも注意,9/30(月) 16:51
tenki,tenki.jp,W台風北上　大型で非常に強い台風18号　沖縄は荒天　西日本で雨量が多くなる恐れも,9/30(月) 16:16
tenki,tenki.jp,台風17号　明日1日火曜　帰宅時間に関東に最も近づく　沿岸部中心に強風・高波注意,9/30(月) 15:04
tenki,tenki.jp,東海地方　ダブル台風の影響は?　10月はじめは真夏日続出　暑さ対策を　週間天気,9/30(月) 12:27
tenki,tenki.jp,関西　9月は歴代の高温記録を大幅に更新か　10月も高温傾向続く　2週間天気,9/30(月) 12:14
tenki,tenki.jp,ダブル台風　台風17号は小笠原に最接近　台風18号は目がくっきり沖縄は影響長引く,9/30(月) 11:55
tenki,tenki.jp,北海道の週間予報　来週にかけてダブル台風の動きに注意　北海道への影響は?,9/30(月) 11:30
tenki,tenki.jp,10月スタート　ダブル台風の動向は?　暑さ復活　最高気温30℃以上も　2週間天気,9/30(月) 11:10
tenki,tenki.jp,和歌山県潮岬で1時間に70.0ミリの非常に激しい雨　午後も関東〜九州は雨雲が発達,9/30(月) 9:38
tenki,tenki.jp,ダブル台風　台風17号は小笠原諸島へ　台風18号は「大型で非常に強い」台風に発達,9/30(月) 7:21
tenki,tenki.jp,30日　台風17号が小笠原諸島に接近・荒天に　九州から関東は天気急変に注意,9/30(月) 5:49
tenki,tenki.jp,ダブル台風の動向注意　10月スタートは真夏日急増　夏の暑さぶり返す　北陸も30℃,9/29(日) 17:25
tenki,tenki.jp,台風17号・台風18号が北上　台風18号は温帯低気圧に変わってから広く影響か,9/29(日) 16:35
tenki,tenki.jp,北海道　今週はW台風の影響を受ける恐れ　最新の台風情報に留意を,9/29(日) 15:52
tenki,tenki.jp,関西　ダブル台風から離れていても油断禁物　今週後半は広い範囲で雨,9/29(日) 15:26
tenki,tenki.jp,台風18号「強い」勢力に発達　沖縄は荒天が長期化か　過去「18号」は大災害が多い,9/29(日) 14:58
tenki,tenki.jp,2023年に発見された紫金山・アトラス彗星が3等前後　天体観察が楽しめる所は?,9/29(日) 13:21
tenki,tenki.jp,ダブル台風　台風17号は今夜から小笠原に影響　台風18号は強い勢力で沖縄へ接近,9/29(日) 11:46
tenki,tenki.jp,今日29日　太平洋側ほど雲が多い　晴れのエリアも急な雨に気を付けて,9/29(日) 7:59
tenki,tenki.jp,ダブル台風　関東などへの影響は　台風18号は2日〜3日頃　強い勢力で沖縄に接近か,9/29(日) 6:23
tenki,tenki.jp,台風17号　小笠原では明日から雨風強まる　暴風域を伴って10月1日に関東沖へ,9/28(土) 17:09
tenki,tenki.jp,2週間天気　秋晴れ少なく蒸し暑い日も　気温の変化が大きい　2つの台風の影響は?,9/28(土) 16:56
tenki,tenki.jp,沖縄本島で激しい雨　台風18号は強い勢力へ　沖縄・先島に来週中頃接近か,9/28(土) 16:24
tenki,tenki.jp,北海道の週間天気　気温は高め　後半は台風や低気圧の動向に注意を,9/28(土) 16:07
tenki,tenki.jp,西日本ではすでに真夏日・・・残暑続く　関東も前日より3℃前後高い　昼夜で寒暖差大,9/28(土) 12:01
tenki,tenki.jp,台風18号「クラトーン」発生　暴風域を伴って沖縄に近づくおそれ,9/28(土) 10:37
tenki,tenki.jp,今日28日　多くの所で晴れ　西日本を中心に暑さ続く　関東や沖縄は局地的に雷雨,9/28(土) 7:49
tenki,tenki.jp,W台風が10月早々に関東や沖縄に接近へ　台風への備えはこの週末に,9/28(土) 5:40
tenki,tenki.jp,新たな台風発生へ　1日〜2日ごろ沖縄地方に接近のおそれ　先島諸島は大荒れに,9/27(金) 18:40
tenki,tenki.jp,28日〜29日　関東など東日本太平洋側や沖縄で雨　元台風16号や新たな台風が影響,9/27(金) 17:31
tenki,tenki.jp,長野　しばらく曇りがちで気温は高め　30℃近くまで上がる日も　衣替えは?,9/27(金) 17:11
tenki,tenki.jp,関東　明日28日にかけて沿岸部で激しい雨　週明けは台風17号が関東に近づく恐れ,9/27(金) 16:57
tenki,tenki.jp,関西　雲は多いが30℃以上つづく　来週後半は広く雨　新たな台風の動向に注意,9/27(金) 16:43
tenki,tenki.jp,台風17号「チェービー」発生　1日に関東や伊豆諸島に接近のおそれ,9/27(金) 16:19
tenki,tenki.jp,東京都心は25℃に届かず　西日本は真夏日続出で季節外れの暑さ　高知県で34℃台,9/27(金) 14:41
tenki,tenki.jp,東海地方　静岡県の伊豆を中心に大雨の恐れ　明日28日も雨が続く所も　週間天気,9/27(金) 12:19
tenki,tenki.jp,関東　南部は27日夜にかけても激しい雨に注意　伊豆諸島はさらに300ミリ超の大雨,9/27(金) 11:59
tenki,tenki.jp,ダブル台風発生か　南の海上に2つの熱帯低気圧　今後　台風17号と18号に,9/27(金) 11:47
tenki,tenki.jp,西日本を中心に暑さ続く　南には台風のたまご　動向注意　2週間天気,9/27(金) 11:25
tenki,tenki.jp,日本の南はまだ夏　10月も台風シーズンは続く　動向に十分注意　北陸への接近事例は,9/27(金) 11:07
tenki,tenki.jp,今朝は伊豆諸島の一部で激しい雨　関東と静岡県　明日28日にかけて広範囲で雨強まる,9/27(金) 9:10
tenki,tenki.jp,今日27日の服装指数　昼間は広範囲で夏の装いが活躍,9/27(金) 6:53
tenki,tenki.jp,今日27日　北・東日本に雨雲　関東と東海で激しい雨に　西日本は晴れて厳しい暑さ,9/27(金) 5:47
tenki,tenki.jp,明日27〜28日　関東・静岡県で警報級大雨の可能性　道路冠水や土砂災害などの恐れ,9/26(木) 18:00
tenki,tenki.jp,明日27日　9月終盤なのに猛暑日一歩手前　秋の熱中症に注意　残暑いつまで,9/26(木) 17:02
tenki,tenki.jp,新たな台風発生予想　動向に注意　台風になれば今月7個目,9/26(木) 16:50
tenki,tenki.jp,北海道　秋の紅葉はゆっくり　来春の花粉は例年より多い,9/26(木) 16:20
tenki,tenki.jp,台風16号は熱帯低気圧に変わりました　熱帯低気圧に変わっても大雨に注意・警戒,9/26(木) 16:13
tenki,tenki.jp,北海道で震度4の地震　津波の心配なし,9/26(木) 16:09
tenki,tenki.jp,10月入っても高温　季節の歩みゆっくり　秋の行楽シーズンは周期的に雨　1か月予報,9/26(木) 15:53
tenki,tenki.jp,関西　明日27日は蒸し暑さアップ　台風16号の間接的な影響で雨や雷雨も,9/26(木) 13:15
tenki,tenki.jp,日本気象協会　2025年春の花粉飛散予測　第1報　猛暑の影響で例年の2倍以上も,9/26(木) 12:59
tenki,tenki.jp,東海　27日は大雨の恐れ　台風16号は熱帯低気圧に変わるも新たな低気圧が発生,9/26(木) 12:45
tenki,tenki.jp,明日27日〜28日は東海・関東で大雨の恐れ　本格的な秋の訪れはまだ先　2週間天気,9/26(木) 12:13
tenki,tenki.jp,明日27日未明〜28日にかけて　静岡県と関東で警報級大雨の恐れ　大雨災害に備えを,9/26(木) 11:49
tenki,tenki.jp,関西　ぐんぐん気温上昇中　今日26日の日中は8月並みの暑さ　27日は再び熱帯夜か,9/26(木) 11:17
tenki,tenki.jp,今日26日の関東　気温大幅アップ　真夏日も　明日27日は南部で激しい雷雨の可能性,9/26(木) 9:01
tenki,tenki.jp,台風16号　明日27日には熱帯低気圧　新たな低気圧発生　東海や関東で大雨の恐れ,9/26(木) 7:23
tenki,tenki.jp,今日26日　広く晴天　東海から西で厳しい残暑　猛暑日に迫る所も　関東も真夏日か,9/26(木) 6:17
tenki,tenki.jp,北陸の冬　世界平均より2〜3倍も大きい海面水温上昇率　シーズン最初の大雪に警戒,9/25(水) 17:46
tenki,tenki.jp,台風16号　熱帯低気圧として北上か　関東など影響注意　伊豆諸島は警報級大雨の恐れ,9/25(水) 17:39
tenki,tenki.jp,中国地方　今週後半は再び35℃近くに　ゆっくり季節は前進　内陸部は一日の気温差大,9/25(水) 16:47
tenki,tenki.jp,関東　明日26日(木)は再び真夏日予想　27日(金)〜28日(土)は大雨のおそれ,9/25(水) 16:47
tenki,tenki.jp,関西の秋は短い　10月まで高温　11月は一気に秋が深まり12月からは冬らしく,9/25(水) 16:25
tenki,tenki.jp,都心25℃届かず　明日26日〜関東以西で真夏日増加　10月に入っても残暑長続き,9/25(水) 14:54
tenki,tenki.jp,台風16号「シマロン」発生　日本の南を北上か　動向に注意,9/25(水) 13:17
tenki,tenki.jp,関西　向こう1週間は厳しい暑さ　その先は季節が前進　2週間天気,9/25(水) 13:11
tenki,tenki.jp,東海　秋晴れ長続きせず　猛暑から解放も気温は高め　新たな台風発生も　2週間天気,9/25(水) 12:45
tenki,tenki.jp,月と2惑星の天体ショー　25日夜遅く〜月が火星に接近　近くに木星も　見られる所は,9/25(水) 12:16
tenki,tenki.jp,台風16号発生へ　動向注意　10月も台風シーズン続く恐れ　厳しい残暑　2週間天気,9/25(水) 11:51
tenki,tenki.jp,関西　今日25日は今季一番涼しい朝　26日昼間は猛暑に迫る暑さ　寒暖の変化に注意,9/25(水) 11:44
tenki,tenki.jp,日本のすぐ南海上　今後24時間以内に新たな台風発生か　動向注意　まだ台風シーズン,9/25(水) 10:47
tenki,tenki.jp,関東　沿岸部を中心に雨　日中も涼しさ続く　明日は広く真夏日　厳しい残暑に,9/25(水) 9:44
tenki,tenki.jp,最適な服装は?　北海道〜関東は秋らしい体感　　東海以西は厳しい残暑,9/25(水) 6:41
tenki,tenki.jp,今日25日　関東・東北太平洋側は沿岸部中心に雨　九州は激しい雨や雷雨に注意,9/25(水) 5:48
tenki,tenki.jp,北海道で震度4の地震　津波の心配なし,9/24(火) 22:14
tenki,tenki.jp,東日本は傘の出番多い　西日本は真夏日続出か　能登半島は10月初旬に荒天も,9/24(火) 18:05
tenki,tenki.jp,東海地方　彼岸明けも残暑厳しく秋は短い　今年の冬の傾向は?,9/24(火) 17:13
tenki,tenki.jp,秋晴れは束の間　暑さぶり返す　10月に入っても30℃超え　11月一気に季節進む,9/24(火) 16:49
tenki,tenki.jp,11月から急に寒くなる　日本海側の雪は多い予想　冬型の気圧配置が強まり大雪も,9/24(火) 16:47
tenki,tenki.jp,10月2日にかけて東北日本海側では30℃の所も　3日以降は秋が深まり長袖の出番,9/24(火) 16:31
tenki,tenki.jp,北海道の秋〜冬の見通し　秋が長引き　その後は　急に冬本番となることも,9/24(火) 16:15
tenki,tenki.jp,秋晴れは長く続かず　気温は高い　10月上旬まで30℃超え続出　2週間天気,9/24(火) 11:54
tenki,tenki.jp,伊豆諸島・小笠原諸島　津波注意報は解除,9/24(火) 11:05
tenki,tenki.jp,八丈島八重根　津波到達　50センチの津波を観測,9/24(火) 9:14
tenki,tenki.jp,伊豆諸島と小笠原諸島に津波注意報　海岸から離れて,9/24(火) 8:38
tenki,tenki.jp,24日　北ほど朝晩と日中との気温差が大きい　服装3枚分に相当する所も,9/24(火) 6:52
tenki,tenki.jp,24日　北日本を中心に秋晴れ　九州や四国は激しい雨も　東海以西で真夏日地点が増加,9/24(火) 5:40
tenki,tenki.jp,関東「2週間天気」晴れても急な雨　東京の真夏日はいつまで?　衣替えのタイミングは,9/23(月) 16:55
tenki,tenki.jp,週間天気　まだ真夏日になる日も　晴れる日は秋らしく空気カラリ　朝晩はしのぎやすく,9/23(月) 15:59
tenki,tenki.jp,今週の関西　からっとした暑さの日が多い　朝晩と昼間との気温差に注意,9/23(月) 15:41
tenki,tenki.jp,3連休最終日　名古屋は真夏日　東京都心は約2か月ぶり「2日連続30℃未満」,9/23(月) 15:28
tenki,tenki.jp,曇りや雨の日でも気温は高く　関東以西は10月も真夏日が続出　2週間天気,9/23(月) 11:57
tenki,tenki.jp,今夜は月と木星が接近　晴れてキレイに見られるのはどこ?　今週は月と火星のコラボも,9/23(月) 11:30
tenki,tenki.jp,ようやく秋?　23日は涼しい朝　東京都心は20℃台　富士山は今シーズン初の冬日,9/23(月) 9:44
tenki,tenki.jp,石川県は平年9月の2倍以上の記録的な雨量の所も　昼前にかけて土砂災害に厳重に警戒,9/23(月) 7:23
tenki,tenki.jp,23日　能登は少しの雨でも土砂災害に警戒　日中は広く晴天　関東以西で真夏日も,9/23(月) 5:48
tenki,tenki.jp,23日は天気回復も晴天は長続きせず　25日は西日本で大雨か　10月も真夏日続出,9/22(日) 17:06
tenki,tenki.jp,秋らしい秋は短く　冬は冬らしく　ラニーニャ現象発生時の冬　過去には日本海側で大雪,9/22(日) 15:54
tenki,tenki.jp,9月に入って初めて猛暑日地点ゼロ　全国的に曇りや雨で厳しい残暑おさまる,9/22(日) 15:16
tenki,tenki.jp,千葉市で最大瞬間風速25.1メートルを観測　関東の強風は夕方には弱まる,9/22(日) 13:50
tenki,tenki.jp,北陸　能登豪雨　大雨のピークを過ぎても引き続き土砂災害に厳重警戒,9/22(日) 13:13
tenki,tenki.jp,強雨エリアは東北へ　関東〜九州も所々で激しい雨　能登は雨ピーク過ぎるも警戒続けて,9/22(日) 12:02
tenki,tenki.jp,石川県能登北部の大雨特別警報は警報に切り替わりました　引き続き洪水や土砂災害警戒,9/22(日) 10:41
tenki,tenki.jp,今シーズン全国初　北海道の利尻山で「初冠雪」　昨年より25日早い,9/22(日) 9:41
tenki,tenki.jp,22日　九州から東北で大雨　北陸は昼前にかけて再び雨のピーク　交通への影響も,9/22(日) 8:05
tenki,tenki.jp,今日22日は全国的に大雨に　石川県は午前中に再び雨強まる　災害に厳重警戒を,9/22(日) 5:50
tenki,tenki.jp,【速報】北海道稚内市沼川　全国で今シーズン初の冬日,9/22(日) 4:50
tenki,tenki.jp,22日は広範囲で荒天　北陸・東北は大雨厳重警戒　連休最終日は回復も蒸し暑い,9/21(土) 17:18
tenki,tenki.jp,2週間天気　猛暑は収まっても季節外れの暑さ続く　10月でも気温30℃以上頻発か,9/21(土) 16:22
tenki,tenki.jp,北陸　台風14号　低気圧に変わるも再発達して能登に近づく　22日も大雨厳重警戒,9/21(土) 16:07
tenki,tenki.jp,台風14号は温帯低気圧に変わる　前線と一体化して本州へ　大雨や強風エリア拡大警戒,9/21(土) 15:43
tenki,tenki.jp,北海道の週間天気　前半は晴れるが気温は低め　体調管理に注意を,9/21(土) 15:38
tenki,tenki.jp,西・東日本は季節外れの暑さ続く　名古屋など35℃予想　北日本は急に秋らしく,9/21(土) 12:00
tenki,tenki.jp,北海道　大雪山系・黒岳から初雪の便り,9/21(土) 11:28
tenki,tenki.jp,能登半島で記録的な大雨　台風東進で前線さらに活発化のおそれ　北陸・東北は厳重警戒,9/21(土) 11:01
tenki,tenki.jp,石川県に「大雨特別警報」発表,9/21(土) 10:55
tenki,tenki.jp,石川県能登地方　「線状降水帯」発生中　命の危険も　災害発生の危険度が急激に高まる,9/21(土) 9:17
tenki,tenki.jp,21日も北陸や東北は大雨　土砂災害に警戒　関東以西は夏の暑さ　都心などで猛暑日か,9/21(土) 8:43
tenki,tenki.jp,Uターン台風14号　低気圧に変わり列島へ　日曜日にかけ　東北〜九州は雨・風強まる,9/21(土) 6:20
tenki,tenki.jp,愛媛県で震度4の地震　津波の心配なし,9/20(金) 21:33
tenki,tenki.jp,3連休の山の天気　東北・北陸は大雨のおそれ　活発化する秋雨前線の動向に注意,9/20(金) 20:22
tenki,tenki.jp,21日と22日は全国的に大雨　土砂災害や低い土地の浸水、河川の増水に厳重警戒,9/20(金) 18:13
tenki,tenki.jp,東北では22日秋分の日にかけて長時間の大雨　災害に厳重に警戒,9/20(金) 16:35
tenki,tenki.jp,明日21日も猛烈な暑さ　東北などは大雨に警戒　紅葉は来週以降ゆっくり色づき進む,9/20(金) 16:29
tenki,tenki.jp,関西　長引く猛暑　今日20日は豊岡と舞鶴で38.0℃　9月としては記録的高温に,9/20(金) 16:18
tenki,tenki.jp,中国地方　3連休は局地的に大雨も　風強まる　台風由来の暖湿気で前線の活動活発化,9/20(金) 14:53
tenki,tenki.jp,静岡40℃に迫る酷暑　21日も9月下旬とは思えない猛暑　東京は今年最後の猛暑日か,9/20(金) 14:39
tenki,tenki.jp,台風14号　22日に温帯低気圧として北陸通過か　秋雨前線も活発化　大雨に警戒,9/20(金) 13:43
tenki,tenki.jp,日曜日は全国的に雨　警報級の大雨の所も　3連休の天気のポイントは?,9/20(金) 12:50
tenki,tenki.jp,関西　3連休は季節が大きく前進　22日は大雨に注意　23日はお出かけ日和に,9/20(金) 12:21
tenki,tenki.jp,台風14号　Uターンして低気圧に変わり列島へ　警報級の大雨の恐れ　強風にも注意,9/20(金) 12:11
tenki,tenki.jp,東海　静岡で午前中から38℃台　9月の観測史上1位を更新　3連休の天気は日替わり,9/20(金) 12:05
tenki,tenki.jp,九州　3連休　猛暑はおさまるが局地的に大雨のおそれ　活発な秋雨前線が南下,9/20(金) 11:01
tenki,tenki.jp,秋田県では6時間余りで月平均の約半分の大雨　山形県で線状降水帯の発生の恐れ,9/20(金) 10:45
tenki,tenki.jp,異例の残暑　関東甲信で体温超えの暑さ続出　東京36℃予想　最も遅い猛暑日か,9/20(金) 9:35
tenki,tenki.jp,20日　東北日本海側・北陸は大雨の恐れ　線状降水帯発生も　関東〜九州は猛烈な残暑,9/20(金) 7:22
tenki,tenki.jp,20日日中にかけても　秋田県・山形県　「線状降水帯」発生の可能性,9/20(金) 6:52
tenki,tenki.jp,秋田県　「線状降水帯」発生中　命の危険も　災害発生の危険度が急激に高まる,9/20(金) 5:58
tenki,tenki.jp,台風14号　Uターンして山陰沖で低気圧に　秋雨前線活発化　広く警報級の大雨の恐れ,9/20(金) 5:52
tenki,tenki.jp,東北　3連休は大雨警戒　秋田は過去の記録を上回る恐れ　梅雨の大雨被災地で再び,9/19(木) 18:13
tenki,tenki.jp,10月にかけて全国的に高温　秋の深まりは遅め　最新の1か月予報,9/19(木) 18:05
tenki,tenki.jp,北陸　22日(日)まで警報級の大雨のおそれ　土砂災害に注意・警戒,9/19(木) 17:12
tenki,tenki.jp,東京都心周辺でゲリラ豪雨　雷も多数観測　帰宅時間にかけ停電など注意,9/19(木) 16:19
tenki,tenki.jp,北海道の1か月予報　秋の深まりは今年もゆっくり,9/19(木) 16:13
tenki,tenki.jp,異例の秋　金曜も顕著な高温　関東甲信で体温超え　東京36℃予想　猛暑解消は3連休,9/19(木) 16:09
tenki,tenki.jp,名古屋市や京都市など記録的に遅い猛暑日　猛烈な残暑が続く理由は?,9/19(木) 15:30
tenki,tenki.jp,関西　週末は猛暑がようやく終息　一旦秋の空気流入するが高温傾向は継続,9/19(木) 12:33
tenki,tenki.jp,週末にかけて東北や北陸は警報級の大雨　秋雨前線が活発化,9/19(木) 12:17
tenki,tenki.jp,3連休は局地的に雨量が多くなるおそれ　高温傾向が続く　2週間天気,9/19(木) 11:48
tenki,tenki.jp,関西　21日から秋雨シーズン　22日は広い範囲で本降りの雨　前線の影響長引く,9/19(木) 11:03
tenki,tenki.jp,台風15号「ソーリック」発生　南シナ海を西よりに進む予想,9/19(木) 10:45
tenki,tenki.jp,今日19日の関東　午後は局地的に激しい雷雨 　明日20日は再び猛暑日続出か,9/19(木) 9:11
tenki,tenki.jp,台風14号　今日19日昼過ぎにかけて　沖縄・奄美地方は激しい雷雨　土砂災害に警戒,9/19(木) 7:44
tenki,tenki.jp,今日19日　広く不安定　北陸・沖縄は土砂災害に警戒　東海から西は連日の猛暑,9/19(木) 6:57
tenki,tenki.jp,台風14号　今夜は沖縄本島へ最接近　大雨災害・強風・高波・高潮に注意警戒,9/18(水) 18:01
tenki,tenki.jp,関西　暑すぎる9月　奈良市では過去最も遅い猛暑日　猛烈な暑さは20日(金)まで,9/18(水) 17:11
tenki,tenki.jp,東北　残暑収まり長雨シーズンへ　3連休にかけて大雨の恐れ,9/18(水) 17:09
tenki,tenki.jp,9月後半も長引く猛暑　中国地方各地で最も遅い猛暑日　記録更新,9/18(水) 16:17
tenki,tenki.jp,台風14号は今夜・沖縄に最接近　3連休は前線活発化　東北〜九州で警報級の大雨か,9/18(水) 16:07
tenki,tenki.jp,山梨県で1時間に約100ミリ「記録的短時間大雨情報」,9/18(水) 15:59
tenki,tenki.jp,暑さ寒さも彼岸まで　猛暑日・熱帯夜にようやく終止符か　3連休頃からは暑さ落ち着く,9/18(水) 15:35
tenki,tenki.jp,北陸　秋雨シーズン本格化　22日まで警報級大雨リスク続く　台風による間接的影響も,9/18(水) 14:01
tenki,tenki.jp,東海　名古屋と岐阜で最も遅い猛暑日　3連休は秋雨前線南下で大雨か　2週間天気,9/18(水) 12:51
tenki,tenki.jp,【速報】東京都心35℃超　最も遅い猛暑日　82年ぶりに記録更新,9/18(水) 11:59
tenki,tenki.jp,関西　猛暑から秋雨の季節へ　3連休は22日(日)を中心に広く本降りの雨　週間予報,9/18(水) 11:41
tenki,tenki.jp,関東　午後は天気急変　東京都心も帰宅ラッシュは激しい雨や雷雨の恐れ　冠水など注意,9/18(水) 11:31
tenki,tenki.jp,三連休は全国的に本降りの雨　大雨も　秋の長雨シーズン突入で猛暑ようやく落ち着く,9/18(水) 11:13
tenki,tenki.jp,今日18日夕方　金星とスピカが最接近　観測できる地域は?,9/18(水) 10:27
tenki,tenki.jp,今日18日は満月　9月は「ハーベストムーン」　今夜の各地の天気は,9/18(水) 9:10
tenki,tenki.jp,大型の台風14号　今日18日夕方〜夜　沖縄本島に最接近　風が急に強まる　高波警戒,9/18(水) 7:10
tenki,tenki.jp,今日18日　関東は急な激しい雨に注意　沖縄は台風で荒天　全国的に厳しすぎる残暑,9/18(水) 5:54
tenki,tenki.jp,京都で最も遅い猛暑日　関西の猛暑いつまで続く?　週末の雨の見通しは?,9/17(火) 18:23
tenki,tenki.jp,大型の台風14号　明日18日夜　沖縄・奄美に直撃か　次の3連休は本州も大雨に注意,9/17(火) 17:49
tenki,tenki.jp,台風14号　明日18日沖縄・奄美に最接近　急激に風強まる　3連休は秋雨前線で大雨,9/17(火) 16:35
tenki,tenki.jp,関東〜九州で厳しい残暑　37℃超も　次の3連休は大雨の恐れ　気温急降下で秋の気配,9/17(火) 15:42
tenki,tenki.jp,北海道　広く中秋の名月を楽しめそう　3連休にかけての天気は?,9/17(火) 15:37
tenki,tenki.jp,中国地方　局地的に滝のような雨や雷雨も　夜はお月見チャンス有　猛暑の出口は今週末,9/17(火) 14:48
tenki,tenki.jp,東北　今夜の中秋の名月が見られる場所は?,9/17(火) 12:57
tenki,tenki.jp,大型の台風14号　明日18日沖縄・奄美を再び直撃の恐れ　今日17日のうちに備えを,9/17(火) 12:54
tenki,tenki.jp,今夜は「中秋の名月」　広い範囲でお月見チャンス　日中は厳しい残暑も夜風は心地良く,9/17(火) 11:38
tenki,tenki.jp,明日は台風14号が沖縄・奄美へ　3連休中は広く本降りの雨　猛暑収まる　2週間天気,9/17(火) 11:29
tenki,tenki.jp,台風13号(バビンカ)は熱帯低気圧に変わりました,9/17(火) 10:31
tenki,tenki.jp,今日17日の関東　気温上昇　熱中症注意　内陸中心に急な雨や雷雨も,9/17(火) 8:56
tenki,tenki.jp,台風14号　速度を上げて北西進　明日18日(水)に沖縄や奄美へ最も接近,9/17(火) 7:06
tenki,tenki.jp,今日17日　広く晴れるが局地的に雷雲発達　西日本を中心に厳しい残暑　猛暑日も,9/17(火) 5:40
tenki,tenki.jp,台風14号　18日〜19日頃に沖縄に接近　23日にかけての3連休は秋雨前線で大雨,9/16(月) 17:09
tenki,tenki.jp,関西　次の3連休は秋雨前線南下　猛暑は収まるものの大雨に注意,9/16(月) 15:54
tenki,tenki.jp,新たな「台風のたまご」　フィリピンの東で24時間以内に台風へ,9/16(月) 12:34
tenki,tenki.jp,厳しすぎる残暑続く　福岡市37℃予想　九州・中国はすでに猛暑日も　熱中症警戒,9/16(月) 11:44
tenki,tenki.jp,来週はようやく猛暑収まる　沖縄は再び台風の影響も　2週間天気,9/16(月) 11:14
tenki,tenki.jp,2つの台風発生中　大型の台風14号　18日〜19日に沖縄に接近　海上は大しけに,9/16(月) 9:22
tenki,tenki.jp,高知県で1時間に50ミリ以上の非常に激しい雨　東京都内でも局地的に雨雲発達,9/16(月) 7:10
tenki,tenki.jp,16日　関東から九州は傘が必要　晴れ間が出ても変わりやすい天気,9/16(月) 5:51
tenki,tenki.jp,大型の台風14号「プラサン」発生　沖縄に接近の恐れ,9/15(日) 22:35
tenki,tenki.jp,島根県で1時間に約110ミリ「記録的短時間大雨情報」,9/15(日) 21:39
tenki,tenki.jp,3連休最終日の明日は東京都心でも雷雨　局地的な大雨に警戒,9/15(日) 18:07
tenki,tenki.jp,新たな台風発生へ　今週半ばには沖縄に接近の恐れ　早めの対策を,9/15(日) 17:12
tenki,tenki.jp,北海道の2週間天気　暑さは彼岸まで?　20日以降は急激に肌寒くなる,9/15(日) 16:39
tenki,tenki.jp,異例の猛暑　ようやく終息へ　次の3連休は西・東日本で大雨か　前線と台風の影響は,9/15(日) 16:30
tenki,tenki.jp,今日も厳しい暑さ最高気温38℃超も　今週は後半にはようやく猛暑の出口が見えた?,9/15(日) 15:31
tenki,tenki.jp,暑すぎる日本列島にも冬の便り?　今週後半には北海道の山では雪の可能性も,9/15(日) 14:18
tenki,tenki.jp,午後の関東は北部を中心に滝のような雨の恐れ　天気の急変に注意,9/15(日) 11:55
tenki,tenki.jp,17日は「中秋の名月」お月見に最適な地域は?　今年は土星とのコラボも楽しめる,9/15(日) 11:05
tenki,tenki.jp,今日15日　九州〜東北　あちらこちらで雨雲発達　滝のような雨も　かなりの蒸し暑さ,9/15(日) 7:51
tenki,tenki.jp,台風13号は奄美から遠ざかるも　奄美〜東北は激しい雨注意　新たな台風の卵も発生へ,9/15(日) 6:31
tenki,tenki.jp,長すぎる残暑もようやく終盤へ　来週末以降は広範囲でしばらく雨に　2週間天気,9/14(土) 17:39
tenki,tenki.jp,西・東日本は連休明けも厳しい残暑　来週末は暑さ収まるが広く雨　前線活発化も,9/14(土) 16:49
tenki,tenki.jp,北海道　今日14日夜から明日15日朝は道南で局地的に激しい雨の恐れ　落雷や突風も,9/14(土) 16:39
tenki,tenki.jp,猛暑は次の週末には収まる　季節が進むとはいえ高温傾向　台風シーズン今後の傾向は?,9/14(土) 16:37
tenki,tenki.jp,台風13号　今夜にかけて暴風域を伴って奄美に最接近　離れた西日本でも大雨注意,9/14(土) 14:23
tenki,tenki.jp,午前中から35℃超え　今日も午後は東京都心など関東から西で猛暑日予想　残暑警戒,9/14(土) 11:44
tenki,tenki.jp,関西　3連休初日は晴れていても急な激しい雨や雷雨のおそれ　屋内でも停電に注意を,9/14(土) 10:52
tenki,tenki.jp,今日14日　台風が南西諸島へ　台風から遠い地域も強雨や雷雨のおそれ　猛暑続く,9/14(土) 8:03
tenki,tenki.jp,14日午後　台風13号が奄美・沖縄本島に最接近　トラックが横転するほどの暴風も,9/14(土) 6:15
tenki,tenki.jp,3連休の山の天気　大雪山では秋深まる,9/13(金) 18:12
tenki,tenki.jp,北陸　3連休は15日を中心に非常に激しい雨も　台風の間接的影響で,9/13(金) 17:28
tenki,tenki.jp,今日13日もあちらこちらで雷雨に　帰宅時間帯も天気急変に注意,9/13(金) 17:12
tenki,tenki.jp,台風13号は奄美や沖縄を直撃　暴風・高波・大雨に警戒　新たな台風のたまごも発生か,9/13(金) 17:06
tenki,tenki.jp,関西　3連休も激しい雨や猛暑に注意　日ごとのポイントは,9/13(金) 16:28
tenki,tenki.jp,北海道　最低気温がこの秋全国初の5℃未満も　明日14日朝は内陸を中心に肌寒い,9/13(金) 16:13
tenki,tenki.jp,3連休　沖縄・奄美は14日を中心に台風13号の影響大　九州〜関東も雷雨と暑さ注意,9/13(金) 15:56
tenki,tenki.jp,東海地方　3連休も天気の急変に注意　来週後半は雨の日が増える　新たな台風発生か,9/13(金) 12:37
tenki,tenki.jp,今日13日も真夏の暑さ　午前中から35℃超えの所も　広範囲の猛暑は来週前半まで,9/13(金) 12:16
tenki,tenki.jp,台風13号　14日は沖縄・奄美へ接近　関東から九州は厳しい残暑　いつまで続く?,9/13(金) 11:51
tenki,tenki.jp,台風13号　14日に強い勢力で沖縄へ接近　猛烈な風で大荒れ　暴風や高波に厳重警戒,9/13(金) 9:26
tenki,tenki.jp,13日の最高気温　35℃以上の猛暑日の所も　来週にかけても厳しい残暑続く,9/13(金) 7:01
tenki,tenki.jp,13日　関東〜九州は厳しい残暑と天気急変注意　台風13号は発達しながら沖縄方面へ,9/13(金) 5:42
tenki,tenki.jp,3連休　台風直撃の沖縄・奄美は大荒れ　早めの備えを　台風から離れた所も雷雨に注意,9/12(木) 18:00
tenki,tenki.jp,10月中頃まで異例の残暑続く　北はようやく秋の気配か　秋雨前線や台風で雨量多い,9/12(木) 16:27
tenki,tenki.jp,関西　猛暑の終わり見える　9月下旬から秋らしい日も　大雨に注意　1か月予報,9/12(木) 16:18
tenki,tenki.jp,北海道の1か月予報　来週末は10月並みの寒さの所も　気温変化の大きな1か月に,9/12(木) 16:07
tenki,tenki.jp,関東　厳しい残暑はいつまで?　来週後半からは秋雨の季節　台風や大雨に注意,9/12(木) 15:56
tenki,tenki.jp,広島市　今年40日目の猛暑日に　猛暑と午後の雷雨や激しい雨続く　熱中症に警戒を,9/12(木) 15:20
tenki,tenki.jp,猛暑日2日連続で100地点超　前橋で猛暑日最晩タイ　暖気流入で異例の残暑留まらず,9/12(木) 15:11
tenki,tenki.jp,大阪で今年40日目の猛暑日に　少なくとも三連休明けにかけて厳しい残暑続く,9/12(木) 14:12
tenki,tenki.jp,3連休に台風　14〜15日　発達ピークで沖縄・奄美を直撃恐れ　交通影響に注意,9/12(木) 13:01
tenki,tenki.jp,関西　今日も天気急変に注意　局地的に激しい雨や雷雨のおそれ,9/12(木) 12:10
tenki,tenki.jp,今日12日も9月と思えぬ猛暑　3連休明けまで猛烈残暑が続く　秋めくのはいつ?,9/12(木) 11:40
tenki,tenki.jp,台風13号が3連休に沖縄・奄美を直撃の恐れ　新たな台風の卵も発生か　2週間天気,9/12(木) 11:28
tenki,tenki.jp,九州　3連休も真夏並みの暑さ続く　台風13号の影響　宮崎県は大雨のおそれも,9/12(木) 11:05
tenki,tenki.jp,関東　今日12日も猛烈な暑さ　厳しすぎる残暑まだ続く　猛暑の出口はいつ?,9/12(木) 9:53
tenki,tenki.jp,今日12日　晴れるが急な雷雨や激しい雨に注意　厳しすぎる残暑　体温超えの暑さも,9/12(木) 7:08
tenki,tenki.jp,台風13号　発達しながら北上　3連休に沖縄・奄美を直撃　猛烈な風・高波・大雨警戒,9/12(木) 5:58
tenki,tenki.jp,台風13号「強い」勢力で14〜15日頃　沖縄・奄美を直撃の恐れ　3連休前に備えを,9/11(水) 17:52
tenki,tenki.jp,関東　17日頃まで内陸で猛暑日続出　異例の残暑いつまで?　天気の急変にも注意,9/11(水) 16:34
tenki,tenki.jp,猛烈な残暑　150地点以上で猛暑日　5地点で37℃以上　明日12日も体温超えも,9/11(水) 16:12
tenki,tenki.jp,東北は夏と秋のせめぎ合い　秋雨前線や台風の動きに注意　異例の残暑はいつまで?,9/11(水) 15:55
tenki,tenki.jp,関東〜中国地方で記録的な大雨　冠水など注意　明日12日も大気不安定　天気急変恐れ,9/11(水) 15:15
tenki,tenki.jp,午前中から猛暑日続出　「異例の残暑」続く　秋のお彼岸も高温傾向か　秋風はいつ?,9/11(水) 12:49
tenki,tenki.jp,東海地方　3連休の天気は?　この先も厳しい残暑と天気急変に注意　台風シーズン続く,9/11(水) 12:40
tenki,tenki.jp,関西　2週間天気　14日から行楽には暑すぎる3連休　その次の3連休は天気ぐずつく,9/11(水) 12:12
tenki,tenki.jp,北海道　この先一週間の天気は?三連休は雨具が必要な所も,9/11(水) 11:49
tenki,tenki.jp,北海道に前線　沖縄の西に熱帯低気圧　台風13号は3連休に「強い」勢力で沖縄直撃か,9/11(水) 11:36
tenki,tenki.jp,厳しい残暑と急な雨や雷雨に注意　台風13号は3連休に沖縄付近へ　2週間天気,9/11(水) 11:25
tenki,tenki.jp,関西　今日11日も帰宅時間帯に雨雲発達　天気急変に注意　季節外れの暑さも継続,9/11(水) 10:52
tenki,tenki.jp,台風13号は3連休に沖縄付近へ　台風シーズン続く,9/11(水) 9:53
tenki,tenki.jp,11日の最高気温　関東〜九州は35℃以上の猛暑日も　19府県に熱中症警戒アラート,9/11(水) 7:31
tenki,tenki.jp,11日　大気の状態不安定　晴れても天気急変　激しい雨や雷雨も,9/11(水) 5:51
tenki,tenki.jp,台風13号「バビンカ」発生　今後の進路に注意,9/10(火) 22:28
tenki,tenki.jp,北陸　10日は猛暑日続出で全国1位も　明日も猛暑　台風発生で高温長期化懸念も,9/10(火) 18:45
tenki,tenki.jp,厳しすぎる残暑　まだまだ続く　11日は関東で猛暑日が増加　真夏と同じ熱中症対策を,9/10(火) 17:55
tenki,tenki.jp,秋なのに夏のような厳しい暑さ続く　3連休にかけて天気急変と新たな台風の動向に注意,9/10(火) 17:05
tenki,tenki.jp,関東〜九州で雨雲発達中　帰宅ラッシュ時は激しい雨に気をつけて　冠水や停電も,9/10(火) 15:45
tenki,tenki.jp,関西　今日10日(火)　帰宅時間は急な激しい雨や雷雨の恐れ　道路の冠水などに警戒,9/10(火) 15:16
tenki,tenki.jp,冬にかけてラニーニャ現象が発生する可能性が高い　エルニーニョ監視速報,9/10(火) 14:42
tenki,tenki.jp,関西　今日10日も猛暑日地点続出　大阪市は午前中で猛暑日に,9/10(火) 12:52
tenki,tenki.jp,台風が11日にかけて相次いで発生か　宮古島の北にある熱帯低気圧も台風に発達予想,9/10(火) 12:38
tenki,tenki.jp,14日頃は沖縄に台風接近か　晴れても天気急変　九州〜関東は猛暑日も　2週間天気,9/10(火) 12:00
tenki,tenki.jp,2024年 第1回「紅葉見頃予想」　全国的に平年並みか遅い　日本気象協会発表,9/10(火) 11:22
tenki,tenki.jp,気温の上昇ハイペース　午前10時過ぎに35℃超も　日本海側を中心に猛暑日続出か,9/10(火) 11:02
tenki,tenki.jp,九州から東海で局地的に大雨　三重県の紀伊長島で74.5ミリの非常に激しい雨,9/10(火) 8:54
tenki,tenki.jp,南の海上の熱帯低気圧　明日11日には台風へ　週末には沖縄に接近か,9/10(火) 6:37
tenki,tenki.jp,10日　所々で激しい雨　九州南部などで長時間の雨　猛暑が続く所も　熱中症に警戒を,9/10(火) 5:40
tenki,tenki.jp,群馬県で1時間に約100ミリ「記録的短時間大雨情報」,9/9(月) 22:29
tenki,tenki.jp,台風シーズン9月下旬にかけても続く　南の海上は熱帯低気圧の発生しやすい状況,9/9(月) 18:03
tenki,tenki.jp,沖縄県で1時間に約110ミリ「記録的短時間大雨情報」,9/9(月) 17:06
tenki,tenki.jp,中国地方　9月も猛暑おさまらず　猛暑日数　瀬戸内側で記録更新続く明日は体温超えも,9/9(月) 16:45
tenki,tenki.jp,3連休にかけて　厳しい残暑と急な激しい雨や雷雨　熱帯低気圧の動向に注意,9/9(月) 16:35
tenki,tenki.jp,関東　帰宅時間帯もゲリラ雷雨に注意　局地的に非常に激しい雨,9/9(月) 16:10
tenki,tenki.jp,神戸市で今年19日目の猛暑日　年間最多記録を更新　9月中旬も猛暑日続出,9/9(月) 14:56
tenki,tenki.jp,今日9日　西日本で9月として記録的な暑さも　明日も厳しい残暑続く,9/9(月) 14:35
tenki,tenki.jp,東海地方　猛暑日予想も　厳しい残暑と天気急変に注意　台風シーズン続く　2週間天気,9/9(月) 12:33
tenki,tenki.jp,天体ショー　土星が衝・見ごろに　水星とレグルスが大接近　気になる今夜の天気は?,9/9(月) 12:19
tenki,tenki.jp,猛暑と天気急変に注意　3連休も所々で雨雲発達　台風シーズン続く　2週間天気,9/9(月) 11:16
tenki,tenki.jp,九州　北西部はフェーン現象で体温超えの猛列な暑さ　この先も厳しい残暑続く,9/9(月) 10:59
tenki,tenki.jp,関東甲信　今日9日(月)も局地的に激しい雨や雷雨　蒸し暑さが続く,9/9(月) 8:44
tenki,tenki.jp,今日9日も厳しい残暑　東海から九州にかけて所々で猛暑日　熱中症に警戒,9/9(月) 6:38
tenki,tenki.jp,今日9日　広く晴れるが大気不安定　関東と東北南部を中心に急な激しい雨や雷雨も,9/9(月) 5:46
tenki,tenki.jp,群馬県南部　局地的に猛烈な雨　災害の危険度　急激に高まる,9/9(月) 4:19
tenki,tenki.jp,群馬県で再び「記録的短時間大雨情報」　高崎市付近で約100ミリの猛烈な雨,9/9(月) 2:21
tenki,tenki.jp,群馬県で1時間に約100ミリ「記録的短時間大雨情報」,9/8(日) 21:04
tenki,tenki.jp,明日9日　関東は帰宅時間帯に雷雨　東海以西は猛暑　沖縄近海で熱帯低気圧発生へ,9/8(日) 17:51
tenki,tenki.jp,関東の所々で雨雲や雷雲が発達　今夜にかけてゲリラ雷雨に注意　明日も所々で雷雨,9/8(日) 16:29
tenki,tenki.jp,関東　連日30℃超え　11日頃は内陸で猛暑日予想　天気急変にも注意　2週間天気,9/8(日) 16:05
tenki,tenki.jp,台風11号(ヤギ)　熱帯低気圧に変わりました,9/8(日) 15:56
tenki,tenki.jp,今日　関東以西は厳しい残暑　9月としては記録的な暑さも　明日も残暑続く,9/8(日) 14:38
tenki,tenki.jp,今日8日　関東甲信　夕方以降は平野部も雷雨や激しい雨　道路の冠水に注意,9/8(日) 11:45
tenki,tenki.jp,関西　今日8日は局地的に雷雨の恐れ　晴れていても空模様の変化に注意して,9/8(日) 11:32
tenki,tenki.jp,8日　天気急変に注意　局地的に激しい雨も　東海〜九州は35℃以上の猛暑日続出,9/8(日) 7:20
tenki,tenki.jp,2週間天気　来週も東海から西は猛烈な暑さ　3連休も厳しい残暑　熱中症対策を,9/8(日) 7:00
tenki,tenki.jp,来週にかけても厳しい残暑　西日本を中心に猛暑日に　台風シーズンも続く　動向注意,9/7(土) 18:00
tenki,tenki.jp,今シーズン最強の台風11号と厳暑の関係　残暑まだ続く　熱帯擾乱発生しやすい状況も,9/7(土) 16:45
tenki,tenki.jp,関東　8日は雨エリア広がる　都心周辺も急な雨に注意　内陸部を中心に激しい雨や雷雨,9/7(土) 16:01
tenki,tenki.jp,名古屋は2週間ぶりの猛暑日　関東〜九州の所々で35℃以上に　体温並みの暑さも,9/7(土) 15:28
tenki,tenki.jp,残暑厳しくすでに35℃超も　大阪や名古屋は久しぶりに猛暑日か　暑さ対策しっかりと,9/7(土) 12:13
tenki,tenki.jp,台風12号「リーピ」　温帯低気圧に変わりました,9/7(土) 10:08
tenki,tenki.jp,7日は広く晴れ　真夏のような暑さ　九州から関東は猛暑日地点が増える　熱中症対策を,9/7(土) 7:56
tenki,tenki.jp,関東以西は厳しすぎる残暑　猛暑日も　秋雨・台風シーズン　2週間天気,9/7(土) 6:12
tenki,tenki.jp,今後1か月程度も高温　猛暑日も　気象庁「東・西日本の長期間の高温に関する情報」,9/6(金) 17:51
tenki,tenki.jp,土日の天気　西日本は晴れて猛烈な暑さ続く　関東甲信は8日(日)に本降りの雨,9/6(金) 16:39
tenki,tenki.jp,今日も厳暑　熊本や京都で体温並み　さいたまは13日ぶりの猛暑日　明日も残暑続く,9/6(金) 16:27
tenki,tenki.jp,猛烈な台風11号　発達のピークへ　中心気圧905hPa・最大瞬間風速80予想,9/6(金) 15:14
tenki,tenki.jp,東海地方　土日も猛暑日予想　厳しい残暑続く　2週間天気,9/6(金) 12:32
tenki,tenki.jp,午前中から気温上昇　午後はさらに気温アップ　関東以西は猛烈な暑さも　熱中症対策を,9/6(金) 12:06
tenki,tenki.jp,北海道の週末の天気　ほぼ全道で晴れて、行楽日和の週末に　ただ寒暖差には注意,9/6(金) 11:44
tenki,tenki.jp,関西　今日6日は安定した晴天　強い日差しで気温上昇　猛暑日予想の所も,9/6(金) 11:36
tenki,tenki.jp,残暑厳しい　秋雨前線や台風の影響も　3連休の天気は?　2週間天気,9/6(金) 11:19
tenki,tenki.jp,2つの台風発生中　熱帯低気圧も次々と発生　日本付近への影響は,9/6(金) 9:54
tenki,tenki.jp,今日6日の最高気温　関東〜九州は猛暑日の所も　8県に熱中症警戒アラート,9/6(金) 7:02
tenki,tenki.jp,6日　関東から九州は広く日差し　再び厳しい残暑に　名古屋など猛暑日も,9/6(金) 5:42
tenki,tenki.jp,北海道　大雪山・黒岳から日本一早い紅葉の便り,9/5(木) 18:14
tenki,tenki.jp,週末は厳しい残暑　来週にかけて秋雨前線が南下・停滞　新たな台風発生か　影響に注意,9/5(木) 18:01
tenki,tenki.jp,東北　一日の寒暖差に注意　気温と服装の目安は?　2週間天気,9/5(木) 17:24
tenki,tenki.jp,中国地方　猛暑はいつまで?長引く残暑　熱中症や食中毒に警戒を　3連休は晴れて暑い,9/5(木) 17:12
tenki,tenki.jp,北陸　厳しい残暑いつまで　熱中症に警戒　後半は秋雨前線活発化か　2週間天気,9/5(木) 17:07
tenki,tenki.jp,関東甲信　明日6日と7日は猛暑日地点続出　8日〜10日は秋雨前線南下で雨脚強まる,9/5(木) 16:40
tenki,tenki.jp,1か月　10月初めまで残暑長引く　秋雨シーズンに雨量多い所　台風発生や動向に注意,9/5(木) 16:31
tenki,tenki.jp,台風12号「リーピ」発生,9/5(木) 16:18
tenki,tenki.jp,北海道　今夜から一部大雨や激しい雨の恐れ　週末は残暑が厳しい,9/5(木) 16:06
tenki,tenki.jp,猛暑日の国内年間最多記録更新　福岡県太宰府市,9/5(木) 15:53
tenki,tenki.jp,夏と秋がせめぎ合い　北日本は秋の気配　東・西日本は厳しい残暑続く,9/5(木) 14:47
tenki,tenki.jp,台風11号が猛烈な勢力に　日本の南海上の熱帯低気圧　来週は沖縄・奄美に影響か,9/5(木) 13:05
tenki,tenki.jp,今日5日　昼前から30℃超え続出　東・西日本は猛暑日予想も　朝との気温差に注意,9/5(木) 12:19
tenki,tenki.jp,来週は台風発生で秋雨前線活発化　関東〜九州で大雨か　2週間天気,9/5(木) 11:58
tenki,tenki.jp,関西　まだまだ猛暑日になる所も　朝晩と昼間との気温差にも注意を　2週間天気,9/5(木) 11:34
tenki,tenki.jp,今夜　細い月と金星が大接近　日の入り後が観測チャンス,9/5(木) 8:30
tenki,tenki.jp,服装指数　朝と昼の寒暖差に注意　時間に合わせた服装選びを,9/5(木) 6:59
tenki,tenki.jp,今日5日　西日本や東海で猛暑日も　各地で厳しい残暑続く,9/5(木) 5:49
tenki,tenki.jp,秋の気配は束の間　週末は暖気北上で再び猛暑日増加　熱中症警戒　熱帯擾乱の動向注意,9/4(水) 17:56
tenki,tenki.jp,東北は残暑のち雨の繰り返し　気温差の大きな日が続く　2週間天気,9/4(水) 17:35
tenki,tenki.jp,台風11号周辺の暖湿流　沖縄は大気不安定　7日以降、新たな熱帯擾乱の影響に注意,9/4(水) 15:55
tenki,tenki.jp,九州から関東　週末にかけ猛暑日続出　9月になっても熱中症リスク高い　万全の対策を,9/4(水) 15:49
tenki,tenki.jp,北海道で日較差20℃以上の所も　季節進み寒暖差大きく　服装選びに注意,9/4(水) 14:54
tenki,tenki.jp,涼しい朝から一転　厳しい残暑　日較差15℃も　週後半に猛暑戻る　熱中症対策を,9/4(水) 12:29
tenki,tenki.jp,明日5日明け方　水星が「西方最大離角」　東の低い空に注目　広い範囲で観測チャンス,9/4(水) 11:39
tenki,tenki.jp,残暑厳しく　関東以西で猛暑日も　新たな熱帯低気圧や台風発生の可能性　2週間天気,9/4(水) 11:38
tenki,tenki.jp,台風シーズン続く　南の海上は熱帯低気圧や台風が発生しやすい状況,9/4(水) 10:01
tenki,tenki.jp,関東　今日は内陸部を中心に真夏日　週末は猛烈な暑さ　厳しい残暑に,9/4(水) 6:51
tenki,tenki.jp,今日4日の天気　広く晴れるが急な雷雨や激しい雨に注意　東海以西は厳しい残暑,9/4(水) 5:45
tenki,tenki.jp,明日4日　関東で非常に激しい雨　再び災害リスク高まる恐れ　太平洋側も雷雨に注意,9/3(火) 18:02
tenki,tenki.jp,明日も関東は通勤・通学の時間帯　道路の冠水などに注意　週末は厳しすぎる残暑,9/3(火) 17:01
tenki,tenki.jp,雨の関東は気温上がらず　明日朝はエアコン要らずの涼しさ　週後半は関東以西で猛暑日,9/3(火) 16:53
tenki,tenki.jp,北海道はこの夏史上2位の暑さ　9月も高温傾向で夏日日数の記録更新も,9/3(火) 15:55
tenki,tenki.jp,関西　明日4日以降は晴れて真夏のような暑さ　来週後半から傘の出番も　2週間天気,9/3(火) 15:51
tenki,tenki.jp,日本の南で台風の卵、続々と発生か　9月は台風シーズン　動向に注意,9/3(火) 14:48
tenki,tenki.jp,関東　曇天で気温上がらず　局地的に激しい雨　今夜は秋の気配か,9/3(火) 12:14
tenki,tenki.jp,熱帯低気圧が次々発生　台風に発達して日本へ影響も　2週間天気,9/3(火) 11:40
tenki,tenki.jp,関東　局地的に活発な雨雲　明日4日にかけて激しい雨や雷雨　災害リスク高まる恐れ,9/3(火) 11:18
tenki,tenki.jp,台風シーズン真っ只中　台風11号の動向は?　続々と熱帯低気圧が発生,9/3(火) 10:26
tenki,tenki.jp,関東に活発な雨雲　1時間に50ミリ以上の滝のような雨　明日4日にかけて断続的に雨,9/3(火) 7:19
tenki,tenki.jp,3日　関東や東海で雨雲発達　局地的に非常に激しい雨　その他も天気急変に注意,9/3(火) 5:59
tenki,tenki.jp,今年8月は歴代2位の高温　9月も厳しい残暑　早期天候情報も　著しい高温の可能性,9/2(月) 18:09
tenki,tenki.jp,明日3日　関東や東海　通勤・通学時は局地的に滝のような雨　来週にかけて残暑続く,9/2(月) 17:31
tenki,tenki.jp,台風10号まとめ　記録的な大雨・暴風　秋も台風の発生しやすい状況続く　動向に注意,9/2(月) 17:27
tenki,tenki.jp,東北にライン状の雷雲　関東・東海も激しい雷雨に注意　前線と元台風10号の暖湿流,9/2(月) 15:02
tenki,tenki.jp,台風発生が続く可能性　11号に続き　新たな熱帯低気圧が発生か　9月は台風シーズン,9/2(月) 13:24
tenki,tenki.jp,東海　3日まで局地的な大雨の恐れ続く　少しの雨でも土砂災害警戒　前線南下で不安定,9/2(月) 12:25
tenki,tenki.jp,関西　9月に入っても厳しい残暑続く　今日2日(月)も昼前から30℃超え続出,9/2(月) 12:06
tenki,tenki.jp,6日頃　新たな熱帯低気圧か台風が沖縄に接近か　前線による雨・残暑も　2週間天気,9/2(月) 11:57
tenki,tenki.jp,2日　天気回復の関東も気温上昇　朝から30℃超え続出　熱中症対策を万全に,9/2(月) 9:50
tenki,tenki.jp,関東甲信　明日3日にかけて雷雨や激しい雨　少ない雨量でも土砂災害の危険度高まる,9/2(月) 7:18
tenki,tenki.jp,2日　東・北日本で激しい雨　台風の次は秋雨前線が南下　少しの雨でも土砂災害に警戒,9/2(月) 5:57
tenki,tenki.jp,台風11号「ヤギ」発生,9/1(日) 22:48
tenki,tenki.jp,2日　元台風10号と前線　北海道〜近畿は局地的に非常に激しい雨　9月でも高温多湿,9/1(日) 18:01
tenki,tenki.jp,新たな台風が複数発生か　台風シーズン　今後の傾向は?　例年と違う特徴も,9/1(日) 17:09
tenki,tenki.jp,元台風10号の影響で2日も大雨に警戒　新たな台風発生へ　まだ猛暑も　2週間天気,9/1(日) 16:49
tenki,tenki.jp,台風10号は熱帯低気圧に　2日にかけて東海地方を北上　災害リスク大　大雨に警戒,9/1(日) 15:43
tenki,tenki.jp,関東〜近畿に雷雲　都内も発雷　台風10号は低気圧に変わったが明日まで大雨に警戒,9/1(日) 13:50
tenki,tenki.jp,台風10号は熱帯低気圧に変わりました　熱帯低気圧でも大雨リスク高い　2日まで警戒,9/1(日) 12:53
tenki,tenki.jp,今夜は台風から変わる熱帯低気圧が北上　関西は明日2日にかけて再び大雨の恐れ,9/1(日) 12:29
tenki,tenki.jp,北陸　越中八尾おわら風の盆　風にも負けず雨にも負けず1日から開催　期間中の天気は,9/1(日) 12:01
tenki,tenki.jp,新たな「台風」フィリピンの東で発生へ　今後の動向に注意　9月も台風シーズン,9/1(日) 11:44
tenki,tenki.jp,山梨県で震度3の地震　津波の心配なし,9/1(日) 11:33
tenki,tenki.jp,9月のスタートは厳しい残暑　近畿、東海、関東は大雨災害に厳重警戒,9/1(日) 8:12
tenki,tenki.jp,台風10号はゆっくり北上　関東や東海、近畿は大雨に　引き続き土砂災害等に厳重警戒,9/1(日) 5:41
tenki,tenki.jp,静岡県菊川市を流れる菊川　「氾濫危険情報」発表　氾濫の恐れ,8/31(土) 18:14
tenki,tenki.jp,名古屋は来週後半に猛暑日予想　9月も残暑厳しく熱中症警戒　高温に関する情報も,8/31(土) 17:05
tenki,tenki.jp,台風10号　風は次第に弱まるも強い暖湿気が北陸へ流入　2日頃までは警報級大雨も,8/31(土) 16:57
tenki,tenki.jp,関東甲信に線状降水帯発生予測情報　大雨に厳重警戒,8/31(土) 16:39
