media_en,media_jp,title_articles,link_articles,date_original
wmap,ウェザーマップ,週明け以降も酷暑と天気急変おそれ続く　内陸中心に40℃迫る所も　台風3号は週中ごろ〜後半に沖縄・先島諸島を直撃か,https://news.yahoo.co.jp/articles/f504df84f6d7b7f667992812faef3a2cdb18d127,7/21(日) 11:44
wmap,ウェザーマップ,中国・近畿で梅雨明け　平年より2日遅く盛夏スタート　向こう2週間はかなり高温続く,https://news.yahoo.co.jp/articles/e6869596e76c5923168c196e4c8c3da7be99e94e,7/21(日) 11:01
wmap,ウェザーマップ,【動画】21日の天気 - 猛暑と天気急変に注意　台風3号　週半ばに沖縄接近のおそれ（21日7時更新）,https://news.yahoo.co.jp/articles/5abb6fe7c412bdcafaed0048cb88e21ac2752728,7/21(日) 8:03
wmap,ウェザーマップ,猛暑列島　体温超えの暑さも　熱中症に要警戒　台風3号は週中ごろ沖縄に接近か,https://news.yahoo.co.jp/articles/2acdc49f2828bbe76965dafa0edeba9636a88cfc,7/21(日) 6:41
wmap,ウェザーマップ,【動画】21日の天気 - 続く猛暑＆繰り返す雷雨　熱中症と天気急変に注意警戒（20日19時更新）,https://news.yahoo.co.jp/articles/1d36d2d118d183b5001286482fa61ea4dc83d4e8,7/20(土) 19:22
wmap,ウェザーマップ,【21日(日)の天気】危険な猛暑続く　27府県に熱中症警戒アラート　大型台風3号は来週半ば強い勢力で沖縄・先島諸島接近か,https://news.yahoo.co.jp/articles/215ac39b0524bebe7dedfeeac3f6f2f3acb8e224,7/20(土) 17:50
wmap,ウェザーマップ,大型の台風3号が発生　来週24日〜25日ごろ沖縄・先島諸島を直撃のおそれ,https://news.yahoo.co.jp/articles/6f165458c68e327c42a40ed921e8fbb66fe27b39,7/20(土) 16:21
wmap,ウェザーマップ,今後24時間以内にダブル台風発生へ　来週半ば〜後半は沖縄・先島諸島にかなり接近か,https://news.yahoo.co.jp/articles/36d3f5741b7bc7b44d45f209acd5dc5328d65e84,7/20(土) 14:37
wmap,ウェザーマップ,【土日の天気】夏休みレジャーは急な激しい雷雨と猛烈な暑さ警戒,https://news.yahoo.co.jp/articles/cd3c26e3c51afc55a65318047c398a54c781316a,7/20(土) 11:30
wmap,ウェザーマップ,【動画】20日の天気 - 全国的に激しい雷雨に注意　各地で猛烈な暑さ 熱中症に警戒（20日7時更新）,https://news.yahoo.co.jp/articles/b5f1627b9e49f75bb9bc996efc7b6cb3040ae279,7/20(土) 7:26
wmap,ウェザーマップ,大気不安定　20日（土）は西〜北日本で落雷・突風に注意,https://news.yahoo.co.jp/articles/7a49923b846ab319188bf372cb1eef86bdcb60f1,7/20(土) 5:36
wmap,ウェザーマップ,【動画】20日の天気 - 暑さ続く　広範囲で大気不安定　沖縄でも異例の猛暑日に（19日19時更新）,https://news.yahoo.co.jp/articles/81549515405464e2863f94c3e515db34722e83a8,7/19(金) 19:11
wmap,ウェザーマップ,西・東日本で大気不安定続く　土曜日にかけて局地的な激しい雨や落雷・突風などに注意,https://news.yahoo.co.jp/articles/e57b0c6c93e753484ab90b9639e49f3fa1a9fe9c,7/19(金) 16:44
wmap,ウェザーマップ,週末の天気　土日も続く厳しい暑さと大気不安定　激しい雷雨も　来週は長丁場の猛暑に警戒,https://news.yahoo.co.jp/articles/2d24fe343f396f96054da2a744d54302780017ab,7/19(金) 16:09
wmap,ウェザーマップ,【動画解説】今後の梅雨明けの見通しは？　梅雨明けした地域も天気の急変に注意,https://news.yahoo.co.jp/articles/f0d68f19e111e40ae6bdf5b311528c5fd172e511,7/19(金) 15:39
wmap,ウェザーマップ,梅雨明け猛暑と急な雷雨に注意　週末も続く厳しい暑さと不安定な空模様　熱中症の危険度高く,https://news.yahoo.co.jp/articles/a3ffef0078b2f357d3e01d25bd61fee742b8c06d,7/19(金) 11:40
wmap,ウェザーマップ,四国で梅雨明け　平年より2日遅く　熱中症により一層の警戒を,https://news.yahoo.co.jp/articles/a9786b63b8b3a311476984fc990360a082a5ddeb,7/19(金) 11:07
wmap,ウェザーマップ,【動画】19日の天気 - 厳しい暑さと天気の急変に注意　晴れる所も急な雷雨のおそれ（19日7時更新）,https://news.yahoo.co.jp/articles/9b2bb25f2e96dfa9c6eeee82243a2ad356377dd7,7/19(金) 7:38
wmap,ウェザーマップ,きょう(金)の天気　猛暑と激しい雷雨に注意　晴れる所も天気急変のおそれ　東・西日本は各地に熱中症警戒アラート,https://news.yahoo.co.jp/articles/c84f1afc0bf925358934dd709fb12a4619d74a89,7/19(金) 5:29
wmap,ウェザーマップ,西・東日本で大気非常に不安定　土曜日にかけて局地的な激しい雨や落雷・突風に注意,https://news.yahoo.co.jp/articles/795766b7d6c90a6a47ed82a6a606b794b41b627c,7/19(金) 5:10
wmap,ウェザーマップ,【動画】19日の天気 - 日本海側中心に激しい雷雨　西・東日本は熱帯夜　全国的に蒸し暑い（18日19時更新）,https://news.yahoo.co.jp/articles/7c93497a42fef5d98dcf11a364f322f43fb6e808,7/18(木) 19:04
wmap,ウェザーマップ,【動画解説】関東甲信・東海　梅雨明け　天気急変と危険な暑さに注意,https://news.yahoo.co.jp/articles/6fbb1a3a3723dcc4c76c97559ca88a541ad104d2,7/18(木) 14:55
wmap,ウェザーマップ,今後2週間　全国的に気温かなり高い　高温に関する情報も　気象庁1か月予報,https://news.yahoo.co.jp/articles/72c6adb2215fa57aaf3e39931069ad31399acfec,7/18(木) 14:41
wmap,ウェザーマップ,東海・北陸から沖縄にかけて　満潮の時間帯は浸水・冠水に注意を,https://news.yahoo.co.jp/articles/aa1b70ad40eee4e169edbddf1e4307e9b2a69b58,7/18(木) 11:57
wmap,ウェザーマップ,不安定な天気でも気温高い　週末以降は　危険な暑さ長引くおそれ,https://news.yahoo.co.jp/articles/1718942df9d2de1cee47cde0235309b1f7a74a95,7/18(木) 11:32
wmap,ウェザーマップ,関東甲信・東海が梅雨明け　ともに平年より1日早く　来週にかけて猛暑続く,https://news.yahoo.co.jp/articles/4090bb6fde0824fcc83b68f921e0714d39973386,7/18(木) 11:00
wmap,ウェザーマップ,【動画】18日の天気 - 関東甲信など 梅雨明けへ　猛暑が復活 熱中症に警戒（18日7時更新）,https://news.yahoo.co.jp/articles/8d0269655e30e5e71acf2bba2bb2bbae1911a83b,7/18(木) 7:21
wmap,ウェザーマップ,気温上昇　暑さ厳しく猛暑日地点続出へ　急な暑さに注意　晴れ間あっても大気不安定　急な強い雨や雷雨にも注意,https://news.yahoo.co.jp/articles/3bafab0a541d5cb52d75cbe359fdcf3317e70ed7,7/18(木) 5:54
wmap,ウェザーマップ,【動画】18日の天気 - 東日本から沖縄で猛暑　熱中症に警戒　にわか雨や雷雨にも注意（17日19時更新）,https://news.yahoo.co.jp/articles/be6216d59f960da4e2455c799479ecd705ad7874,7/17(水) 19:13
wmap,ウェザーマップ,北陸から近畿北部　引き続き満潮の時間帯は浸水・冠水に注意を,https://news.yahoo.co.jp/articles/4ba3bcab4e12a001a7553c29047e7dada6367fa1,7/17(水) 16:51
wmap,ウェザーマップ,東日本から沖縄　24日（水）ごろにかけて高温　35℃以上の猛暑日続く所も,https://news.yahoo.co.jp/articles/552073d02d7a71c3935434e72bd8d489cda5e082,7/17(水) 15:19
wmap,ウェザーマップ,【動画解説】梅雨明け猛暑 熱中症警戒　週末にかけて続々と梅雨明け　熱帯夜・猛暑日増加,https://news.yahoo.co.jp/articles/1338846addf794e4b3e4f92ecf637a76491f2882,7/17(水) 13:23
wmap,ウェザーマップ,東日本や東北　17日（水）午後も不安定　九州から沖縄は暑さ厳しく　熱中症に警戒を,https://news.yahoo.co.jp/articles/b588249acb17718bea5fa0928cf0467dd2cea495,7/17(水) 11:33
wmap,ウェザーマップ,九州南部が梅雨明け　平年より2日遅く　昨年より8日早い,https://news.yahoo.co.jp/articles/9310ab5c3ffb7c5708b8c837b78f7c776b6320f8,7/17(水) 11:07
wmap,ウェザーマップ,【動画】17日の天気 - 前線北上　雨のエリアは東日本・東北へ　晴れる所は厳しい暑さに（17日7時更新）,https://news.yahoo.co.jp/articles/3d9dea4a607fc9af9517cd507d5d6868ff2ed178,7/17(水) 7:36
wmap,ウェザーマップ,17日(水)の天気　梅雨前線北上　雨の中心は北陸・東北へ　週後半は夏空到来・猛暑再来,https://news.yahoo.co.jp/articles/ca3ef4fbcb485eff54b6051d430406e2a3c1d19f,7/17(水) 5:28
wmap,ウェザーマップ,【動画】17日の天気 - 前線北上　雨の中心は東日本〜東北　西日本は九州南部など梅雨明けか（16日18時更新）,https://news.yahoo.co.jp/articles/8c8c5a6d1e74838434001e20ba4d4311e73f7ac2,7/16(火) 18:22
wmap,ウェザーマップ,熱中症警戒　来週は足並みそろえて猛暑か　広い範囲に「高温に関する早期天候情報」,https://news.yahoo.co.jp/articles/191972d74d5097ef1d16644ae6dd5d6dbce95232,7/16(火) 14:35
wmap,ウェザーマップ,【動画解説】ゲリラ雷雨のおそれ 猛暑が復活　梅雨明けラッシュの可能性も,https://news.yahoo.co.jp/articles/fa1262a2b19b664efb79dd8c42e1a2b2d4094b25,7/16(火) 13:25
wmap,ウェザーマップ,西・東日本　16日（火）午後も局地的に激しい雷雨　土砂災害に注意・警戒を,https://news.yahoo.co.jp/articles/c38d40ca2c0466cfc9f7e436223cfe3e32867dfb,7/16(火) 11:14
wmap,ウェザーマップ,【動画】16日の天気 - 西〜東日本 局地的に激しい雨　土砂災害に警戒　落雷や突風にも注意（16日7時更新）,https://news.yahoo.co.jp/articles/4f5cd60646a991ec13775f9057ed473015a90396,7/16(火) 7:30
wmap,ウェザーマップ,きょう（火）の天気　東・西日本は梅雨空続く　激しい雷雨も　引き続き土砂災害に警戒　北日本と南西諸島は厳しい暑さ,https://news.yahoo.co.jp/articles/d58721be0a05ac6294e76800ca54dc2d83029f23,7/16(火) 5:34
wmap,ウェザーマップ,【動画】16日の天気 - 梅雨空続く　所々で激しい雨　すでに大雨災害のリスクは高い（15日18時更新）,https://news.yahoo.co.jp/articles/a785b497838e46063563a7793c97276caba6b47b,7/15(月) 18:38
wmap,ウェザーマップ,西・東日本　引き続き大気非常に不安定　少ない雨でも土砂災害の危険度高まるおそれ,https://news.yahoo.co.jp/articles/d5e4489c5b1100ea136259c3eac5b7f30118dcd5,7/15(月) 17:05
wmap,ウェザーマップ,【動画解説】梅雨明けは難しい？今週も不安定　気温・湿度高い　熱中症に注意,https://news.yahoo.co.jp/articles/e6ffbaf0a55270b415a6e6e5806cba4c8f74adda,7/15(月) 14:55
wmap,ウェザーマップ,九州は夕方にかけて　土砂災害などに警戒を　16日（火）も大気不安定,https://news.yahoo.co.jp/articles/41fdcd48171108e356c60cd7153f9868b6a98fa3,7/15(月) 11:11
wmap,ウェザーマップ,【動画】15日の天気 - 九州北部 線状降水帯発生おそれ　週後半は続々梅雨明けへ（15日7時更新）,https://news.yahoo.co.jp/articles/81f32a1ed0820aebaba9161efa811481ec0bc6c7,7/15(月) 7:25
wmap,ウェザーマップ,15日（月）午前中にかけても九州北部は線状降水帯のおそれ,https://news.yahoo.co.jp/articles/63db76bc487b018cb5352579b0d243ba693cacc4,7/15(月) 5:43
wmap,ウェザーマップ,15日（月）九州中心に梅雨末期の大雨続く　土砂災害や浸水に厳重に警戒,https://news.yahoo.co.jp/articles/c67188286671c3fde5302494a4627080a84ea3d4,7/15(月) 5:24
wmap,ウェザーマップ,【動画】15日の天気 - 九州北部はさらなる大雨に警戒　線状降水帯発生のおそれ　夜間に雨強まる（14日19時更新）,https://news.yahoo.co.jp/articles/b6a34a2a57f0c808c2dc6479c9d46c52922eb3c9,7/14(日) 19:03
wmap,ウェザーマップ,九州北部　15日(月)にかけて線状降水帯発生のおそれ　土砂災害などに厳重警戒,https://news.yahoo.co.jp/articles/2f48d345935b5cf1c35ac808c18f1787a28527c7,7/14(日) 17:05
wmap,ウェザーマップ,九州北部　15日にかけて大雨に警戒　激しい雨も　西〜東日本も不安定,https://news.yahoo.co.jp/articles/d8cf960199d3743a71c223983d4d74913f120da0,7/14(日) 14:24
wmap,ウェザーマップ,【動画解説】九州北部15日にかけて大雨に警戒　夜間も安全な場所で　西〜東日本も急な強い雨に注意,https://news.yahoo.co.jp/articles/b04dafb71b1a974131c1e04d6c56d221324277e5,7/14(日) 14:05
wmap,ウェザーマップ,長崎に線状降水帯発生　午後も九州北部は線状降水帯のおそれ続く　安全な所で過ごして,https://news.yahoo.co.jp/articles/348006d9d424eba55c41b468e596a7d205cca30a,7/14(日) 11:31
wmap,ウェザーマップ,長崎県に『線状降水帯』発生　「顕著な大雨に関する気象情報」,https://news.yahoo.co.jp/articles/d260f4c3338b2adf9674d034a67697946c957f66,7/14(日) 8:13
wmap,ウェザーマップ,【動画】14日の天気 - 長崎県五島で線状降水帯が発生　九州北部・山口では大雨に厳重警戒（14日7時更新）,https://news.yahoo.co.jp/articles/554e584b1281355f4a866a3b9e55d4ee2aa3ebbf,7/14(日) 8:03
wmap,ウェザーマップ,3連休中日は梅雨末期の大雨に　九州北部は土砂災害など厳重警戒,https://news.yahoo.co.jp/articles/9bf8054b4b31ef823f3cd4e6742bfce1e3729efd,7/14(日) 5:53
wmap,ウェザーマップ,九州北部・山口で線状降水帯発生のおそれ　　14日(日)は梅雨末期の大雨に厳重警戒,https://news.yahoo.co.jp/articles/a6ffefa0a1867e65317b185ed9e47bd925dc0ed7,7/14(日) 5:14
wmap,ウェザーマップ,【動画】14日の天気 - 前線停滞　西〜東日本中心に雨　九州北部・山口で線状降水帯発生のおそれ（13日19時更新）,https://news.yahoo.co.jp/articles/2a4017d894486321e7720333d09f89b286ee857e,7/13(土) 19:46
wmap,ウェザーマップ,九州北部と山口に線状降水帯予想　14日(日)は大雨災害の危険度急激に高まるおそれ,https://news.yahoo.co.jp/articles/e3ca55e4d976ac905c149884d8accd763e060dce,7/13(土) 16:47
wmap,ウェザーマップ,九州〜関東　3連休は梅雨空続き大雨おそれも　来週半ばには一斉に梅雨明けか,https://news.yahoo.co.jp/articles/dd59065629196445c490e4b30c9758f61c85d3c3,7/13(土) 15:10
wmap,ウェザーマップ,【3連休天気】西〜東日本は梅雨空続き大雨おそれも　沖縄・北日本は行楽日和の連休に,https://news.yahoo.co.jp/articles/08aefe6ed95957df081b391091cdc07fbeb2cb47,7/13(土) 11:33
wmap,ウェザーマップ,【動画】13日の天気 - 3連休初日 西〜東日本で雨　連休中は大雨にも注意（13日7時更新）,https://news.yahoo.co.jp/articles/f495fed1f03776e9436a748643355568e760cb0a,7/13(土) 8:05
wmap,ウェザーマップ,【動画】13日の天気 - 西・東日本の太平洋側中心に雨　激しく降る所も　三連休も前線停滞（12日19時更新）,https://news.yahoo.co.jp/articles/a2e55102129e07e7e8c06f0468620116f3ebe6a7,7/12(金) 19:38
wmap,ウェザーマップ,梅雨前線が停滞　西・東日本は土曜日にかけて大気不安定続く　少ない雨でも土砂災害などに注意,https://news.yahoo.co.jp/articles/654fc2dfdc372508f37ca862fa1c77f5527f376e,7/12(金) 17:18
wmap,ウェザーマップ,【動画解説】3連休 西〜東日本は梅雨空続く　降り方強まる所も 土砂災害に警戒,https://news.yahoo.co.jp/articles/2cff5b8a4206b8d7dd149d41bc00e0b1fd1a0e45,7/12(金) 15:43
wmap,ウェザーマップ,活発な前線で梅雨末期の大雨　午後は東日本でも激しい雷雨のおそれ　西日本は雨が止んでも土砂災害などに厳重警戒,https://news.yahoo.co.jp/articles/60dd94855ca2c20451ae2c902097219daff29b75,7/12(金) 11:16
wmap,ウェザーマップ,【動画】12日の天気 - 九州から関東で大雨のおそれ　非常に激しい雨も　土砂災害に厳重警戒（12日7時更新）,https://news.yahoo.co.jp/articles/9dcf65e515a04687fbbbe391671fa804055aad06,7/12(金) 7:43
wmap,ウェザーマップ,きょう(金)の天気　東・西日本で大雨のおそれ　土砂災害などに厳重警戒　関東は午後から本降りの雨　気温も上がらず暑さ収まる,https://news.yahoo.co.jp/articles/b0d2e666e6d5bb3bb40050a1037144ed8ba84eee,7/12(金) 5:39
wmap,ウェザーマップ,西日本は土砂災害に厳重警戒　梅雨前線活発化で東・西日本はさらなる大雨のおそれ,https://news.yahoo.co.jp/articles/4d2664aad803acd47ac93bbc36897315ced4116e,7/12(金) 5:28
wmap,ウェザーマップ,【動画】12日の天気 - 西・東日本で大雨のおそれ　土砂災害や河川の氾濫に警戒（11日19時更新）,https://news.yahoo.co.jp/articles/f6721c03e47ed7c400bb2f0a319abd23fc5dff22,7/11(木) 19:15
wmap,ウェザーマップ,西日本中心に　12日（金）にかけて　土砂災害・浸水害・河川の増水など警戒を,https://news.yahoo.co.jp/articles/c351d55a82c7247e5817cd741df4b1a7fd058f8b,7/11(木) 16:55
wmap,ウェザーマップ,暑さはこれからがピーク　関東以西は7月下旬に夏空広がる予想　気象庁1か月予報,https://news.yahoo.co.jp/articles/524edf19e532b5714efe7fc95f5ba25f532dc119,7/11(木) 14:58
wmap,ウェザーマップ,【動画解説】九州などで今夜から再び大雨か　連休にかけて梅雨末期の大雨に警戒,https://news.yahoo.co.jp/articles/2d802e3bfe5f364e51d5998d7a9ce16a2bc97540,7/11(木) 13:50
wmap,ウェザーマップ,西日本から東北　雨弱まっても土砂災害に注意・警戒を　今夜は九州で再び雨強まるおそれ,https://news.yahoo.co.jp/articles/aa98d1687b321e8513d26af215e2c655e9196b16,7/11(木) 11:13
wmap,ウェザーマップ,【動画】11日の天気 - 西日本で大雨 土砂災害など厳重警戒　大気不安定 東日本も激しい雷雨に（11日7時更新）,https://news.yahoo.co.jp/articles/8bf8e281b895c95c0801a17c94304d6a3affe0cd,7/11(木) 7:23
wmap,ウェザーマップ,九州から東北　土砂災害などに厳重警戒　大気不安定　西〜東日本を中心に非常に激しい雨も,https://news.yahoo.co.jp/articles/0cf5d08d75404089ed59e98824facbe18341c713,7/11(木) 5:44
wmap,ウェザーマップ,東北〜西日本　土砂災害などに厳重警戒　大気不安定　局地的に非常に激しい雨も,https://news.yahoo.co.jp/articles/6d151c23c6d5f217ffabd0d9e7baea11766842ab,7/11(木) 5:37
wmap,ウェザーマップ,山口県下関市で1時間に約100ミリの猛烈な雨　記録的短時間大雨情報,https://news.yahoo.co.jp/articles/ac8e25e595aba2ddd949d25c26e552d96a6fe0ff,7/11(木) 1:29
wmap,ウェザーマップ,【動画】11日の天気 - 九州〜東北で大雨のおそれ　梅雨前線南下　非常に激しい雨も（10日18時更新）,https://news.yahoo.co.jp/articles/af6f94574baf0255d923e289fb8b1dacff2fbe43,7/10(水) 18:59
wmap,ウェザーマップ,梅雨前線活発　東北から西日本　11日（木）にかけて大雨災害に厳重警戒,https://news.yahoo.co.jp/articles/51a7d6c9406732952c32b8d3e86ed79c5fea7b21,7/10(水) 17:10
wmap,ウェザーマップ,監視海域は平常の状態　今後秋にかけて　ラニーニャ現象発生の可能性高い,https://news.yahoo.co.jp/articles/03ad474eba74732a589ed7ec296229b13aec9f9f,7/10(水) 14:30
wmap,ウェザーマップ,北陸から山陰にかけての一部沿岸で異常潮位　満潮の時間帯は浸水・冠水に注意を,https://news.yahoo.co.jp/articles/0c4c7f63ad6710e890db1ba336c7b64450bbd665,7/10(水) 14:21
wmap,ウェザーマップ,【動画解説】あす11日(木) 東北〜九州は大雨警戒　九州・山陰 非常に激しい雨も,https://news.yahoo.co.jp/articles/7d07b5658d53b17d8fa21f4273184e832c9f1e97,7/10(水) 13:19
wmap,ウェザーマップ,大雨の範囲広がる　日本海側中心に土砂災害・浸水害・河川の増水など警戒を,https://news.yahoo.co.jp/articles/9b9140980d55c84b02d907e9ae36afc61f416480,7/10(水) 11:15
wmap,ウェザーマップ,【動画】10日の天気 - 広く梅雨空戻る　太平洋側も大雨警戒　暑さトーンダウンも蒸し暑さは続く（10日7時更新）,https://news.yahoo.co.jp/articles/1f0b2d3008b5ce6054a285cd5f59c390d8039617,7/10(水) 7:31
wmap,ウェザーマップ,10日(水)の天気　梅雨空戻る　雨の範囲広がり大雨警戒　猛暑ピーク超えても熱中症警戒は緩めずに,https://news.yahoo.co.jp/articles/a0a32837f82db8a7e5563b9c32c5672f03ad745c,7/10(水) 5:49
wmap,ウェザーマップ,梅雨前線南下　東北や東日本は11日(木)にかけて　西日本は12日(金)にかけて　土砂災害などに厳重警戒,https://news.yahoo.co.jp/articles/583aea6334acee4b4d95d271e296263838af5e56,7/10(水) 5:38
wmap,ウェザーマップ,【動画】10日の天気 - 猛暑日縮小も雨エリアは拡大　11日(木)以降も梅雨空で大雨続くおそれ（9日19時更新）,https://news.yahoo.co.jp/articles/9fdbc10b6974b566e900977cae6b036a4e2d1b5f,7/9(火) 19:01
wmap,ウェザーマップ,日本海側中心に　土砂災害・浸水害・河川の増水や氾濫に厳重警戒　大雨は12日（金）まで続くおそれ,https://news.yahoo.co.jp/articles/5b9f2802e75fe5173e19a923d9b6de2e48af7b07,7/9(火) 17:18
wmap,ウェザーマップ,【動画解説】梅雨空戻り暑さ一段落　梅雨明けはいつ？,https://news.yahoo.co.jp/articles/f12b212edcd908a4453554cc394d37c51455ee50,7/9(火) 14:20
wmap,ウェザーマップ,関東から西で猛暑続く　東北から山陰は激しい雷雨のおそれ　太平洋側も天気急変に注意を,https://news.yahoo.co.jp/articles/cb6610e1344d205929ccf357ffc8f2415785163f,7/9(火) 11:16
wmap,ウェザーマップ,【動画】9日の天気 - 東北や北陸は大雨に警戒　関東から西で猛暑続く　天気急変にも注意（9日7時更新）,https://news.yahoo.co.jp/articles/ee5039e49e3c6e62aea65e8bb327c911f2568598,7/9(火) 7:25
wmap,ウェザーマップ,東北・北陸は9日にかけて土砂災害などに厳重警戒　前線停滞で12日頃にかけて大雨長引くおそれ,https://news.yahoo.co.jp/articles/b3c4b84ef21b5abd8d3c361e74537beda18cc8b4,7/9(火) 5:49
wmap,ウェザーマップ,きょう(火)の天気　関東・東海を中心に続く猛暑　東北や北陸は大雨のおそれ　土砂災害などに厳重警戒,https://news.yahoo.co.jp/articles/23b69515bd228d2c7a19cec5b2ec73eb7350f8eb,7/9(火) 5:23
wmap,ウェザーマップ,【動画】9日の天気 - 東北・北陸で大雨のおそれ　関東や東海など危険な暑さ続く（8日18時更新）,https://news.yahoo.co.jp/articles/9c98ce3a66416cb24795618700c7d00e769c24ba,7/8(月) 17:57
wmap,ウェザーマップ,新宮（和歌山）で39.6℃　9日（火）も猛暑と熱帯夜続く　昼夜問わず熱中症予防を,https://news.yahoo.co.jp/articles/06e21afc392f73c5c60aa7dade6e63bd95e19e2d,7/8(月) 17:10
wmap,ウェザーマップ,東北や北陸　土砂災害など厳重警戒　週後半まで大雨長引くおそれも,https://news.yahoo.co.jp/articles/2fc17f2163c08344ab2ff14ebc39924c54fdfcea,7/8(月) 16:50
wmap,ウェザーマップ,【動画解説】今週は梅雨空戻る　大雨のおそれも　極端な暑さは収まるも蒸し暑い,https://news.yahoo.co.jp/articles/44dfa177dda3f17f2f1df8feb2db7b8f24259e25,7/8(月) 15:10
wmap,ウェザーマップ,北日本や沖縄など「高温に関する早期天候情報」　沖縄・奄美は最低気温が30℃前後の日も,https://news.yahoo.co.jp/articles/dc5906ca1c7aad79c0da5774b74bf678ef22fe3a,7/8(月) 14:38
wmap,ウェザーマップ,熱中症警戒　午前中から35℃超え地点続出　東京や横浜など37℃予想,https://news.yahoo.co.jp/articles/710ce024b8350b6e2c858d69dc7f0b375ea20671,7/8(月) 11:21
wmap,ウェザーマップ,【動画】8日の天気 - 朝から高温 関東・東海40℃迫る所も　北陸と東北日本海側 あすにかけて大雨注意・警戒（8日7時更新）,https://news.yahoo.co.jp/articles/f8d736355bc94782da56fa03a5b801105fd34f2b,7/8(月) 7:39
wmap,ウェザーマップ,8日(月)　危険な暑さの中心は関東　今年一番の暑さで40℃に迫る所も　東京都心は37℃予想,https://news.yahoo.co.jp/articles/9dda841b3eaa8538c24a0260c2e34b2382e782ba,7/8(月) 5:42
wmap,ウェザーマップ,梅雨前線停滞　東北や北陸で警報級の大雨のおそれ　土砂災害など警戒,https://news.yahoo.co.jp/articles/e9a545fb685ca02ec925fef13174fee468ca934c,7/8(月) 5:22
wmap,ウェザーマップ,【動画】8日の天気 - 東北や北陸で大雨のおそれ　関東から西は猛暑続く　関東は天気急変にも注意（7日19時更新）,https://news.yahoo.co.jp/articles/5e86f6e325991018966d1e4d41e5f09f3715936f,7/7(日) 19:18
wmap,ウェザーマップ,8日(月)も関東〜西で猛暑続く　東京37℃予想　関東内陸は40℃に届く可能性も　熱中症に厳重警戒,https://news.yahoo.co.jp/articles/0ee9fc8d9c98d09237b70324afd5ee031495a378,7/7(日) 17:46
wmap,ウェザーマップ,東北と北陸　週明けは大雨のおそれ　土砂災害などに警戒,https://news.yahoo.co.jp/articles/d688e8b58acebd8170705138fec161d03bfacd94,7/7(日) 17:06
wmap,ウェザーマップ,【動画解説】月曜日も関東から西で危険な暑さ続く　40℃近い所も　熱中症に警戒,https://news.yahoo.co.jp/articles/4ed702dc091ff89573d5f6659b2f1f620a3d056c,7/7(日) 14:26
wmap,ウェザーマップ,静岡で40.0℃と危険な暑さ　猛暑日地点は今年最多　熱中症に警戒　あす(月)も猛暑続く　関東などで40℃近い所も,https://news.yahoo.co.jp/articles/49532449c1c6aa2fac726b9379a3a65fc6f9b4f8,7/7(日) 13:42
wmap,ウェザーマップ,午前中から35℃超え続出　今年最多26都県に熱中症警戒アラート発表中　関東40℃超えおそれも,https://news.yahoo.co.jp/articles/625ed9b0b01f4119d67dca9bc4709eab80bff542,7/7(日) 11:24
wmap,ウェザーマップ,【動画】7日の天気 - 東日本・西日本は猛烈な暑さ続く　前橋39℃予想　北日本は雨強まる（7日7時更新）,https://news.yahoo.co.jp/articles/3a0abe8f855cbc39ede1b5b09485f7bf60df436f,7/7(日) 7:58
wmap,ウェザーマップ,酷暑の七夕　東海から関東で40℃に迫る暑さ　熱中症警戒アラートは26都県に発表,https://news.yahoo.co.jp/articles/6d2082d9b17eaae1578376e0fefcf250ba893346,7/7(日) 6:12
wmap,ウェザーマップ,【動画】7日の天気 - 東日本 体温越えの暑さ 秩父39℃予想　熱中症に厳重警戒（6日19時更新）,https://news.yahoo.co.jp/articles/e60270ef776048bf2ca51271ad61a96dae94e639,7/6(土) 19:34
wmap,ウェザーマップ,活発な雷雲が関東通過中　6日(土)夜遅くにかけて大気非常に不安定　低地浸水や落雷など十分注意,https://news.yahoo.co.jp/articles/ca92302e8f4eec6215e584ba624206a0bf48c9cc,7/6(土) 16:48
wmap,ウェザーマップ,7日(日)は非常に危険な暑さ　関東内陸を中心に40℃超えおそれも,https://news.yahoo.co.jp/articles/54154eb1f497105f059807f078defe41c5e19a11,7/6(土) 15:43
wmap,ウェザーマップ,土日の天気　危険な暑さ収まらず　東京都心は連日猛暑日か　40℃に迫る暑さも,https://news.yahoo.co.jp/articles/604bb28e5d2bb48257b83640cdf4cbb6d02520c3,7/6(土) 11:46
wmap,ウェザーマップ,【動画】6日の天気 - 西〜東日本 猛烈な暑さ続く　関東は夕方以降 激しい雷雨に注意（6日7時更新）,https://news.yahoo.co.jp/articles/20d8432bcaf3376e9e19cd13b8a94895d26c6221,7/6(土) 7:56
wmap,ウェザーマップ,北日本〜西日本で大気不安定　6日（土）は落雷、突風、激しい雨のおそれ,https://news.yahoo.co.jp/articles/34a3d9ebb0218c2dee77daa13e03a386b0f88e01,7/6(土) 5:10
wmap,ウェザーマップ,【動画】6日の天気 - 天気変わり目　真夏の暑さ続く　静岡38℃予想など（5日19時更新）,https://news.yahoo.co.jp/articles/ba3b9351575ae3c811b4250afc5134c262933557,7/5(金) 19:14
wmap,ウェザーマップ,北陸から山陰にかけての一部沿岸で異常潮位　大潮の時期　6日（土）前後は潮位高く　浸水・冠水に注意,https://news.yahoo.co.jp/articles/14bd68977a8a61611574e2a6de49d2706a7371f5,7/5(金) 17:49
wmap,ウェザーマップ,【動画解説】猛暑日続出 暑さはいつまで？　週明けは日本海側で大雨のおそれ,https://news.yahoo.co.jp/articles/ec4e426b754deea32cddda56585935665a338613,7/5(金) 15:42
wmap,ウェザーマップ,今年の最高気温をまた更新　三重県松阪市粥見で39.7℃　東京都心も2日連続の猛暑日に　土日も厳しい暑さと急な雷雨に注意,https://news.yahoo.co.jp/articles/1d4a936e2b98578448bae5df137cab454f82c02a,7/5(金) 15:39
wmap,ウェザーマップ,連日の危険な暑さで38℃予想も　今年最多の21都府県23地域に熱中症警戒アラート　午後は急な雷雨にも注意,https://news.yahoo.co.jp/articles/2ca31085814428820bb47578ffe1619bce2fe532,7/5(金) 11:23
wmap,ウェザーマップ,【動画】5日の天気 - さらに暑さ厳しく 猛暑日地点続出へ　東京も36℃予想　熱中症に警戒　午後は雷雨の所も（5日7時更新）,https://news.yahoo.co.jp/articles/f8807651fa2cc75cfbcdd07310630b642af28f70,7/5(金) 7:29
wmap,ウェザーマップ,きょう(金)の天気　各地に熱中症警戒アラート　東京など2日連続の猛暑日予想　厳しい暑さと天気急変に注意,https://news.yahoo.co.jp/articles/9a67f1277d83fdf6c38e44bf5c98e05fd2d1e244,7/5(金) 5:21
wmap,ウェザーマップ,【動画】5日の天気 - 岐阜・熊谷37℃予想 体温超えの暑さ　東京35℃ 2日連続の猛暑日に　（4日19時更新）,https://news.yahoo.co.jp/articles/9e33aff693e4837173e39cc39ee5a3e7d27ff83d,7/4(木) 19:18
wmap,ウェザーマップ,【動画解説】危険な暑さ 40℃近い所も　週末にかけても高温続く,https://news.yahoo.co.jp/articles/730f572122b06fc88347e9af68efe1502da66ac8,7/4(木) 15:30
wmap,ウェザーマップ,高温に関する全般気象情報　西日本と沖縄・奄美は厳しい暑さ続く　熱中症に注意を,https://news.yahoo.co.jp/articles/2a374d8cd77581e32e485569d22ac8da77f0b69f,7/4(木) 15:12
wmap,ウェザーマップ,全国的に高温　日本海側は大雨のおそれも　気象庁1か月予報,https://news.yahoo.co.jp/articles/3d7a5e5f762610439433fe3f2194d155f4a6eb31,7/4(木) 14:43
wmap,ウェザーマップ,東京都心で今年初めての猛暑日　静岡で39℃超　5日（金）も厳しい暑さ続く　熱中症に警戒を,https://news.yahoo.co.jp/articles/fc378c4edf3e3abc4398ed1e449f664e5347700b,7/4(木) 13:01
wmap,ウェザーマップ,猛暑日地点続出　熱中症に警戒を　関東以西は5日（金）も高温続く,https://news.yahoo.co.jp/articles/2aa29bf6dbf62ec3833d3656c4210f2be3088b66,7/4(木) 11:24
wmap,ウェザーマップ,【動画】4日の天気 - 関東など東日本で猛暑日続出　東京都心で今年初の熱中症警戒アラート（4日7時更新）,https://news.yahoo.co.jp/articles/d693bc0d08d267e299832ccc0b040bf1a3dcda0e,7/4(木) 7:12
wmap,ウェザーマップ,暑さ厳しく　関東から西で猛暑日予想も　熱中症に警戒　北陸や東北　雨弱まっても土砂災害などに注意・警戒,https://news.yahoo.co.jp/articles/d478a5a493da99cd6391ded7615f8aa216b5b0ea,7/4(木) 5:57
wmap,ウェザーマップ,北陸や東北　雨弱まっても土砂災害などに警戒,https://news.yahoo.co.jp/articles/e96275f7ef64c4562ee9c9bed1fe72b554d8df66,7/4(木) 5:31
wmap,ウェザーマップ,【動画】4日の天気 - 厳しい暑さ　西・東日本で35℃以上猛暑日も　北陸や東北は大雨に警戒（3日19時更新）,https://news.yahoo.co.jp/articles/68fb4ad955ebfa8c42bd4a3a3c701fafcabc646e,7/3(水) 19:16
wmap,ウェザーマップ,江川崎（高知）37.1℃　今年全国最高　4日（木）も東日本中心に猛暑　静岡38℃予想,https://news.yahoo.co.jp/articles/12deb6805fbf6cc4f517b1e6d020beea2c39d3a3,7/3(水) 17:06
wmap,ウェザーマップ,北陸と東北　少しの雨でも土砂災害の危険度が高まるおそれ　4日（木）にかけて土砂災害に厳重警戒,https://news.yahoo.co.jp/articles/481d563dff6f99ad87924582a0e9f292d756a07d,7/3(水) 16:21
wmap,ウェザーマップ,【動画解説】新紙幣にみる夏の天気の注意点　葛飾北斎の神奈川沖浪裏に描かれた夏を象徴する波と雲,https://news.yahoo.co.jp/articles/f6a6cc14836e8a99108250146acb1172e727db1d,7/3(水) 14:06
wmap,ウェザーマップ,危険な暑さ　東海や西日本など35℃超　東北や北陸は大雨に警戒を,https://news.yahoo.co.jp/articles/1cf53e25c8f3ba28776c8a5f5af4d27dc36c8bba,7/3(水) 11:31
wmap,ウェザーマップ,【動画】3日の天気 - 晴れる所は暑さ厳しく 熱中症に警戒　大雨エリアは北陸・東北へ（3日7時更新）,https://news.yahoo.co.jp/articles/61d79624aa2d474f82cee8d98ff6a0b9f5d3559b,7/3(水) 7:28
wmap,ウェザーマップ,3日(水)の天気　西日本中心に猛暑日も　熱中症に警戒　東北・北陸は4日(木)にかけ大雨警戒,https://news.yahoo.co.jp/articles/b0bd847b6f029f5dfa31b284642dd22ba019a9b0,7/3(水) 5:45
wmap,ウェザーマップ,梅雨前線北上　北陸・東北は4日(木)にかけて　土砂災害厳重警戒　低い土地の浸水などに警戒,https://news.yahoo.co.jp/articles/74b5634a2088a0f5f4daf704dba2c24110a0f1ea,7/3(水) 5:33
wmap,ウェザーマップ,【動画】3日の天気 - 関東以西は危険な暑さ 熱中症警戒　4日(木)にかけて大雨の中心は北陸〜東北へ（2日19時更新）,https://news.yahoo.co.jp/articles/844d34336747201275cb59c3a9baebcd61cf4187,7/2(火) 19:31
wmap,ウェザーマップ,西日本は2日（火）夜にかけて土砂災害に警戒　3日（水）は大雨の中心が北陸や東北へ,https://news.yahoo.co.jp/articles/f3555da30d02cc5e5891107659d150d451af75cf,7/2(火) 17:36
wmap,ウェザーマップ,【動画解説】太平洋高気圧強まり広範囲で猛暑　大雨エリアは東北・北陸へ,https://news.yahoo.co.jp/articles/49b1a0da452e485871e2d1321790eb89a36fca36,7/2(火) 13:52
wmap,ウェザーマップ,日本海側で激しい雷雨　土砂災害に警戒を　3日（水）は西日本や東海で厳しい暑さ,https://news.yahoo.co.jp/articles/b488f4d861f565f820c9b2a77e0f92f5c97410cb,7/2(火) 11:19
wmap,ウェザーマップ,【動画】2日の天気 - 西〜東日本は梅雨空続く　日本海側で激しい雨も　土砂災害に警戒（2日7時更新）,https://news.yahoo.co.jp/articles/4ee3839ca192a88096ad5ac743cd861e632fdb47,7/2(火) 7:22
wmap,ウェザーマップ,きょう(火)の天気　東・西日本は梅雨空続く　日本海側を中心に大雨のおそれも　晴れる所は暑さに注意,https://news.yahoo.co.jp/articles/75cc1931a96286c5eb8d80a6223a123a67a038c9,7/2(火) 5:51
wmap,ウェザーマップ,西・東日本は大気非常に不安定　激しい雷雨のおそれも　引き続き土砂災害などに警戒,https://news.yahoo.co.jp/articles/774f72bcceaab821d7144630b5bed570e1c48b8d,7/2(火) 5:34
wmap,ウェザーマップ,【動画】2日の天気 - 西・東日本　日本海側中心に大雨　北日本と沖縄は晴れて熱中症警戒（1日18時更新）,https://news.yahoo.co.jp/articles/d206272fa7da8f3075c0d801d07f122eb87df855,7/1(月) 18:43
wmap,ウェザーマップ,西日本と東日本　2日（火）にかけて土砂災害に厳重警戒を,https://news.yahoo.co.jp/articles/099cb06ba62f212eed2c3e3b05efbc61a5347e86,7/1(月) 17:09
wmap,ウェザーマップ,梅雨入り平年より遅れる　下旬は東日本の太平洋側で雨多かった　6月の天候まとめ,https://news.yahoo.co.jp/articles/2f7aefd86463e3eeb3f8cee66c77bf138d85a938,7/1(月) 16:39
wmap,ウェザーマップ,【動画解説】梅雨の晴れ間は猛暑に注意　東京で35℃予想　週中頃からは北陸・東北で大雨か,https://news.yahoo.co.jp/articles/4375e0b0c26b5406c9d3b393b43eb8df6ca61cdc,7/1(月) 15:26
wmap,ウェザーマップ,北と南に「高温に関する早期天候情報」　沖縄・奄美は熱中症の危険度高い状態続く,https://news.yahoo.co.jp/articles/a5469acd53d9a432d2cfdfa22b44bd5e405e8754,7/1(月) 14:39
wmap,ウェザーマップ,九州北部　1日（月）夕方まで非常に激しい雨　今週は日本海側中心に大雨続くおそれ,https://news.yahoo.co.jp/articles/13573c5df64a065b5d13b80711ea1dc43ed8e1e1,7/1(月) 11:15
wmap,ウェザーマップ,【動画】1日の天気 - 北陸・西日本で土砂災害に厳重警戒　週中頃は関東から九州で猛暑に（1日7時更新）,https://news.yahoo.co.jp/articles/57b3fc7441db899ee2e67b87886c694b40383b9a,7/1(月) 7:22
wmap,ウェザーマップ,1日（月）西〜北日本は大雨警戒　西・東日本は2日（火）も大雨続く,https://news.yahoo.co.jp/articles/a6502d95b60a79f5bbf860810e77425433518e8c,7/1(月) 5:40
wmap,ウェザーマップ,7月スタートは梅雨前線が活発化　西〜北日本は大雨警戒,https://news.yahoo.co.jp/articles/db02e4d81952cd1fcd3f435b0ec9446646757e05,7/1(月) 5:20
wmap,ウェザーマップ,【動画】1日の天気 - 西〜北日本 広い範囲で大雨のおそれ　非常に激しい雨も　土砂災害などに警戒（30日19時更新）,https://news.yahoo.co.jp/articles/70f71692d54166940f45c29289390aa806999611,6/30(日) 19:16
wmap,ウェザーマップ,梅雨前線が活発化　週明けにかけて全国的に大雨　土砂災害などに厳重警戒,https://news.yahoo.co.jp/articles/d000c17658cb7a6d780e3c67fac2a44b13ec5837,6/30(日) 17:31
wmap,ウェザーマップ,沖縄と奄美　7月7日(日)ごろにかけて高温　35℃以上の猛暑日も　熱中症に注意,https://news.yahoo.co.jp/articles/5550c2cca06d660ab387eb4c17e112867577b45b,6/30(日) 15:33
wmap,ウェザーマップ,週明けにかけて西〜北日本　広い範囲で大雨に警戒　日本海側は週の中ごろにかけてさらに大雨続くおそれ,https://news.yahoo.co.jp/articles/61695f8575e3ac356888a7334847d8a32c825dea,6/30(日) 14:41
wmap,ウェザーマップ,【動画解説】週明けにかけ 西〜北日本で大雨のおそれ　日本海側も土砂災害などに警戒,https://news.yahoo.co.jp/articles/3709e65c4e2700d20942ed17df899f3828f02efc,6/30(日) 14:21
wmap,ウェザーマップ,週明けにかけて広範囲で大雨警戒　しばらく梅雨前線が西・東日本の日本海側停滞　大雨続き記録的雨量おそれも,https://news.yahoo.co.jp/articles/7d74b622d56478d762349d9282dc35a911218763,6/30(日) 11:53
wmap,ウェザーマップ,【動画】30日の天気 - 北〜西日本まで広く大雨警戒　日本海側を中心に雨や風が強まる（30日7時更新）,https://news.yahoo.co.jp/articles/b3bec6f955bf56662666a33e853c6dab27e37b6f,6/30(日) 7:52
wmap,ウェザーマップ,週明けにかけて広範囲で大雨警戒　北日本は猛暑日予想も,https://news.yahoo.co.jp/articles/8b88d83f57399f97f03027021b439fe21daa76dd,6/30(日) 6:34
wmap,ウェザーマップ,災害の危険度高まる　西日本〜北日本　週明けにかけて大雨警戒,https://news.yahoo.co.jp/articles/9e21d1b507733c61e9cf767b15b4ba36a682db2f,6/30(日) 5:41
wmap,ウェザーマップ,【動画】30日の天気 - 西から雨雲　夜は広い範囲で雨　日本海側は激しく降る所も（29日19時更新）,https://news.yahoo.co.jp/articles/ddfafa7a074b2448b94d1b3d8fe5f4bf039ee1ad,6/29(土) 19:48
wmap,ウェザーマップ,7月1日(月)にかけて大雨のおそれ　西〜北日本の広範囲で土砂災害など警戒,https://news.yahoo.co.jp/articles/ec7d734612e766a8c7c6a3f31dc52e733a1dff17,6/29(土) 17:13
wmap,ウェザーマップ,7月スタートは警報級大雨のおそれ　来週は日本海側に梅雨前線が停滞　度々大雨の可能性も,https://news.yahoo.co.jp/articles/ce3e02a2c7e4a90f588feb9a2658cb58d2701793,6/29(土) 15:20
wmap,ウェザーマップ,6月最後の週末は西から天気下り坂　再び激しい雷雨のおそれ　7月スタートは日本海側の広範囲で警報級大雨か,https://news.yahoo.co.jp/articles/f362022c70e9759c2e0d8beaab1c26ba7cd84f3d,6/29(土) 11:35
wmap,ウェザーマップ,【動画】29日の天気 - 晴れる地域は蒸し暑さアップ　熱中症に注意 西日本は梅雨らしい天気（29日7時更新）,https://news.yahoo.co.jp/articles/1baaf7472bb39a7efd1ae33efc598f1de2469f2b,6/29(土) 7:33
wmap,ウェザーマップ,【動画】29日の天気 - 蒸し暑い　日差しは東〜北日本中心　西〜東日本　明け方にかけて大雨警戒（28日19時更新）,https://news.yahoo.co.jp/articles/7225207cfe59dd0981f29cb8108607dbfea15585,6/28(金) 19:35
wmap,ウェザーマップ,活発な梅雨前線で大気非常に不安定　東・西日本は土曜日の明け方にかけて土砂災害に厳重警戒,https://news.yahoo.co.jp/articles/95bbaabd8fcc55551f522dd450817d2263e00cd8,6/28(金) 17:15
wmap,ウェザーマップ,【動画解説】日本海側で警報級の大雨か　週明けにかけて雨量が増えるおそれ,https://news.yahoo.co.jp/articles/d4501cb7548ff8e7be8be98a259190d173beaab2,6/28(金) 15:42
wmap,ウェザーマップ,静岡で「線状降水帯」発生　活発な雨雲通過中　東・西日本は午後も非常に激しい雷雨のおそれ　土砂災害などに厳重警戒,https://news.yahoo.co.jp/articles/acd6946df56526e6fdabb0216d52bee2b286cace,6/28(金) 11:34
wmap,ウェザーマップ,静岡に『線状降水帯』発生　「顕著な大雨に関する気象情報」,https://news.yahoo.co.jp/articles/8e9d729a2de5c047de2597f10a367acfa6646636,6/28(金) 10:54
wmap,ウェザーマップ,【動画】28日の天気 - 西〜東日本で大雨 土砂災害などに警戒　九州北部では線状降水帯発生のおそれも（28日7時更新）,https://news.yahoo.co.jp/articles/ba61e77b64e508f80b920da4b90e0d38a4c5f89f,6/28(金) 8:03
wmap,ウェザーマップ,きょう(金)の天気　東・西日本は大雨に警戒　九州北部は午前中に「線状降水帯」発生のおそれも　北日本は晴れて気温上昇　真夏日予想も,https://news.yahoo.co.jp/articles/0e5ed1716527d542a7626f038a2c3262fe903b95,6/28(金) 5:36
wmap,ウェザーマップ,前線活発化で東・西日本は大雨警戒　九州北部は午前中に「線状降水帯」発生のおそれ　大雨災害の危険度が急激に高まる可能性も,https://news.yahoo.co.jp/articles/fd05cdfa74d0d15a3220f9a4421fd5660779cd6f,6/28(金) 5:17
wmap,ウェザーマップ,【動画】28日の天気 - 九州北部 線状降水帯発生のおそれ　短時間の大雨に警戒　早めの避難を（27日18時更新）,https://news.yahoo.co.jp/articles/dbde81d72ea3d693f4a282b33106c19f33117c64,6/27(木) 19:27
wmap,ウェザーマップ,【動画解説】九州北部　線状降水帯のおそれ　夜間の大雨災害に厳重警戒,https://news.yahoo.co.jp/articles/108d106657a3a05541650acccddbdb4d1dc9a8c9,6/27(木) 17:16
wmap,ウェザーマップ,土砂災害に厳重警戒　九州北部で28日（金）午前中にかけて「線状降水帯」発生のおそれ,https://news.yahoo.co.jp/articles/f9287aba4e6885f4b069a00fb7d2912b78bfc7b9,6/27(木) 17:06
wmap,ウェザーマップ,全国的に暑さ厳しい　日本海側は雨多く　気象庁1か月予報,https://news.yahoo.co.jp/articles/4bd6fe8ee12efead68305643bfa7fb4e5c44a35b,6/27(木) 14:50
wmap,ウェザーマップ,九州北部で「線状降水帯」発生のおそれ　土砂災害に厳重警戒を　28日（金）正午までに250ミリ予想,https://news.yahoo.co.jp/articles/0f4041431b3de0b771bcc5f75b51fcf522d15bf8,6/27(木) 11:43
wmap,ウェザーマップ,【動画】27日の天気 - 前線活発化 九州は大雨警戒　湿度高く ジメジメ蒸し暑い（27日7時更新）,https://news.yahoo.co.jp/articles/21e2ef37b5884477d20e63fbdc4e871fdcf40685,6/27(木) 7:21
wmap,ウェザーマップ,西〜東日本に雨雲広がる　九州では非常に激しい雨も　あす(金)は広い範囲で大雨のおそれ　北海道も急な雨に注意,https://news.yahoo.co.jp/articles/bfe322d8a3897b6b81a9b7dbb552a64b83b31701,6/27(木) 5:40
wmap,ウェザーマップ,29日(土)にかけ　西〜東日本は大雨のおそれ　土砂災害などに警戒,https://news.yahoo.co.jp/articles/3949fc46cdd3dc0241bb51ccfb0846afe0df3b65,6/27(木) 5:26
wmap,ウェザーマップ,【動画】27日の天気 - 九州で非常に激しい雨　土砂災害など警戒（26日18時更新）,https://news.yahoo.co.jp/articles/ea51429d23dfe3d869a89bee482a7363ffca39da,6/26(水) 19:11
wmap,ウェザーマップ,九州は28日（金）にかけて警報級の大雨に　土砂災害・低地の浸水・河川の増水や氾濫に警戒を,https://news.yahoo.co.jp/articles/397927afbc05293217d3408b8d6ea184e221cff3,6/26(水) 17:28
wmap,ウェザーマップ,【動画解説】28日は九州〜東海で大雨のおそれ　来週 西・東日本は厳しい暑さ続く,https://news.yahoo.co.jp/articles/cb63b04707723097bed69d84da2b8cc675d64d7f,6/26(水) 13:15
wmap,ウェザーマップ,九州南部で激しい雨　27日（木）〜28日（金）は大雨の範囲　さらに広がるおそれ,https://news.yahoo.co.jp/articles/90871a7277ea6f9083c2eb3ec2123f5fba608b4c,6/26(水) 11:16
wmap,ウェザーマップ,【動画】26日の天気 - 梅雨らしい天気 湿度高く蒸し暑い　九州南部は激しい雷雨も（26日7時更新）,https://news.yahoo.co.jp/articles/8af2fe0479f5b87578792240ad982090f5d2bedd,6/26(水) 7:33
wmap,ウェザーマップ,26日(水)の天気　梅雨空と蒸し暑さ続く　九州・四国は断続的に雨　その他も朝晩を中心に傘の出番,https://news.yahoo.co.jp/articles/0fb97f42bdf838058396d9c78369b83bd57fbb0f,6/26(水) 5:34
wmap,ウェザーマップ,【動画】26日の天気 - 梅雨空と蒸し暑さ続く　西〜東日本は28日(金)にかけて局地的な大雨警戒（25日19時更新）,https://news.yahoo.co.jp/articles/322f8981b66b5101d04a6d9d02510a803da7163b,6/25(火) 18:50
wmap,ウェザーマップ,西日本は大雨災害への備えを　暑さ厳しい夏　9月は残暑も　気象庁3か月予報,https://news.yahoo.co.jp/articles/f999ad66b6bea1a8a99ceff993879974457af832,6/25(火) 14:18
wmap,ウェザーマップ,【動画解説】梅雨明け前から危険な暑さに　熱中症に要注意,https://news.yahoo.co.jp/articles/e298c3f972042a755e0a1240a66c7dc84fe41bb8,6/25(火) 13:49
wmap,ウェザーマップ,梅雨空と蒸し暑さ続く　東北や九州は土砂災害や河川の増水に注意・警戒を,https://news.yahoo.co.jp/articles/5bafbe4992155e9823fbc98371fbceab5e12b2ba,6/25(火) 11:38
wmap,ウェザーマップ,【動画】25日の天気 - 各地で梅雨空 東北や九州で激しい雨　土砂災害などに警戒　関東もにわか雨（25日7時更新）,https://news.yahoo.co.jp/articles/0bfdab305b4ee94b27b4978a46a0facff4d34409,6/25(火) 7:35
wmap,ウェザーマップ,きょう(火)の天気　梅雨らしい空模様　広く曇りや雨で九州南部は土砂災害に警戒　気温は東日本中心に30℃前後の暑さ,https://news.yahoo.co.jp/articles/2f9a2d646f27e2eb54d58d5f0f6326c70d1a05fb,6/25(火) 5:24
wmap,ウェザーマップ,【動画】25日の天気 - 広く梅雨空　東日本中心に真夏日に　九州南部は激しい雷雨の所も（24日18時更新）,https://news.yahoo.co.jp/articles/bf581eecde341b52af3d84592b0a07b051c8c301,6/24(月) 18:26
wmap,ウェザーマップ,佐野（栃木）36.8℃　今年一番の高温　東京都心も33.4℃で今年最高　25日（火）も暑さ続く,https://news.yahoo.co.jp/articles/fb86ba247870b2ce7887941ded9f85d676654e7b,6/24(月) 17:05
wmap,ウェザーマップ,【動画解説】梅雨実感　週中は西日本で警報級大雨も　蒸し暑さによる熱中症にも注意,https://news.yahoo.co.jp/articles/94842223b8ee1c189455d1592510fc270afca832,6/24(月) 15:30
wmap,ウェザーマップ,全国すべての地方に「高温に関する早期天候情報」　熱中症に注意を,https://news.yahoo.co.jp/articles/cdfc42c9eb5c638d48d1369bad25f6ee031fc2fb,6/24(月) 14:38
wmap,ウェザーマップ,関東で今年一番の暑さ　熱中症警戒アラートも　都心は33℃予想,https://news.yahoo.co.jp/articles/4ea72b16c65b835524ad237fb906394fa271e6b4,6/24(月) 11:08
wmap,ウェザーマップ,【動画】24日の天気 - 関東で今年初 熱中症警戒アラート　九州は大雨に警戒（24日7時更新）,https://news.yahoo.co.jp/articles/d953d7fe73b27fd719b5763be27ecec0e42fc5a6,6/24(月) 7:35
wmap,ウェザーマップ,【24日(月)の天気】メリハリのある梅雨　九州で大雨　関東で今年初めての猛暑日に,https://news.yahoo.co.jp/articles/d34376c1672aae8d0824e27b15055bfa868c242b,6/24(月) 5:58
wmap,ウェザーマップ,梅雨前線南下　九州を中心に大雨のおそれ　土砂災害などに警戒,https://news.yahoo.co.jp/articles/af5060c3a9bf1de7e95fd87769d07ca6a03e2768,6/24(月) 5:27
wmap,ウェザーマップ,【動画】24日の天気 - 月曜日にかけて土砂災害に警戒　関東は梅雨の晴れ間　猛暑日予想も　熱中症に注意（23日19時更新）,https://news.yahoo.co.jp/articles/646ae09b70a055f3f06b359e808abfdab32c269f,6/23(日) 19:14
wmap,ウェザーマップ,暖湿気流入で梅雨前線の活動活発に　24日(月)にかけても大雨に警戒,https://news.yahoo.co.jp/articles/be2bcbec5e67681159ed42a86c58ef33aecd7897,6/23(日) 17:18
wmap,ウェザーマップ,【動画解説】週明けにかけ西〜東日本は大雨に警戒　水曜日以降も西日本で大雨のおそれ,https://news.yahoo.co.jp/articles/001c325f6764ec067f45f5b9af4b58d7748e7781,6/23(日) 14:45
wmap,ウェザーマップ,あす(月)にかけて西〜東日本で大雨に警戒　各地で梅雨空続く　週の中ごろから西日本で再び大雨のおそれ,https://news.yahoo.co.jp/articles/7a8bdf46ada0ec2d48480c05784b659009c6f09b,6/23(日) 14:18
wmap,ウェザーマップ,東北南部と北部が梅雨入り　梅雨ある地域全て平年より遅い梅雨入りに　奄美は平年より6日早い梅雨明け,https://news.yahoo.co.jp/articles/758d1ce3c1877fc8e668ee1db2865acc9759f222,6/23(日) 11:10
wmap,ウェザーマップ,【動画】23日の天気 - 西・東日本で大雨警戒　東北も梅雨入り発表か（23日7時更新）,https://news.yahoo.co.jp/articles/50ec4e6847e1626e4456866765c3579feee09ab5,6/23(日) 8:03
wmap,ウェザーマップ,梅雨前線が活発化　梅雨入り早々大雨災害に警戒　広範囲で警報級の大雨のおそれ,https://news.yahoo.co.jp/articles/fff6aa7100296612aec6dcbf1276f94f853b547f,6/23(日) 6:16
wmap,ウェザーマップ,梅雨前線の活動が活発に　西・東日本の広範囲で警報級の大雨のおそれ,https://news.yahoo.co.jp/articles/079b724ed598ba69c0b35314ce6b3916d6bc9b78,6/23(日) 5:19
wmap,ウェザーマップ,【動画】23日の天気 - 大雨の危険エリア拡大　西日本から東日本まで警戒を（22日19時更新）,https://news.yahoo.co.jp/articles/bbdc7c219cfec74713f1fbcabf1518c5a0cf3b9d,6/22(土) 19:40
wmap,ウェザーマップ,【23日(日)の天気】九州〜東北で警報級大雨おそれ　多い所で200ミリ予想　土砂災害など警戒,https://news.yahoo.co.jp/articles/627a691b22e92e43aecb2d19f2cae011ababc3de,6/22(土) 18:01
wmap,ウェザーマップ,西〜東日本　24日(月)にかけて大雨による土砂災害など警戒,https://news.yahoo.co.jp/articles/7d74e810bd998f3a36fe9e2d310b8fb1ede1203f,6/22(土) 17:23
wmap,ウェザーマップ,梅雨末期並み湿った空気流入　特にあす23日(日)は広範囲で警報級大雨おそれ,https://news.yahoo.co.jp/articles/13b95cf358c207c452dd7076c0e5c9647642462c,6/22(土) 12:26
wmap,ウェザーマップ,中国・北陸が梅雨入り　西日本〜東北は24日(月)にかけて大雨警戒,https://news.yahoo.co.jp/articles/3f9bdda0a8a63b4bdfc43d687e406ce64e8f5df8,6/22(土) 11:09
wmap,ウェザーマップ,【動画】22日の天気 - 梅雨本格化 九州中心に激しい雨　土日は西・東日本で強雨域 広がる（22日7時更新）,https://news.yahoo.co.jp/articles/4669c2e649170be0e814f5fbb74ceed170c62a14,6/22(土) 7:57
wmap,ウェザーマップ,西・東日本　来週月曜日（24日）にかけて警報級大雨のおそれ,https://news.yahoo.co.jp/articles/450de2d195b78b0f4d728720eb66cf37b428285c,6/22(土) 6:05
wmap,ウェザーマップ,【動画】22日の天気 - 西日本は雨　九州も再び大雨警戒　山陰〜東北で真夏日に　熱中症に注意（21日19時更新）,https://news.yahoo.co.jp/articles/e15220193b8735cbaa6c4b1929fbf78f4a41db9f,6/21(金) 19:37
wmap,ウェザーマップ,22日(土)から24日(月)にかけて　西・東日本で警報級の大雨のおそれ,https://news.yahoo.co.jp/articles/56b428d9da99453837ca9baf5b37daaabdc4d3de,6/21(金) 17:16
wmap,ウェザーマップ,週末の天気　広範囲で警報級の大雨のおそれ　日本海側を中心に危険な雨の降り方に,https://news.yahoo.co.jp/articles/6eddaaa64b0fc37e1a005266e85268433f5958ac,6/21(金) 16:08
wmap,ウェザーマップ,【動画解説】24日にかけて西・東日本 大雨のおそれ        梅雨入り早々の大雨 あらためて備えを,https://news.yahoo.co.jp/articles/8e0ab88a9225ac693c1d27eb703707a7001ae053,6/21(金) 13:40
wmap,ウェザーマップ,鹿児島で線状降水帯発生　雨雲は梅雨入りした関東へ　週末も警報級の大雨のおそれ,https://news.yahoo.co.jp/articles/73ca81fa6fc661e5295f61065f57a1a77a7a8211,6/21(金) 11:49
wmap,ウェザーマップ,近畿・東海・関東甲信が梅雨入り　記録的に遅く　平年より14〜15日遅い,https://news.yahoo.co.jp/articles/b9fea0d6ed38cc3d24d8130c789c270e91f39747,6/21(金) 11:14
wmap,ウェザーマップ,九州南部で記録的な大雨に　大雨のピークを過ぎても土砂災害など警戒,https://news.yahoo.co.jp/articles/b751a21940162e7f9e5a216ef0b8c327f50172f4,6/21(金) 11:09
wmap,ウェザーマップ,【動画】21日の天気 - 鹿児島県で線状降水帯発生　九州南部は大雨に警戒　近畿〜関東も雨脚強まる（21日7時更新）,https://news.yahoo.co.jp/articles/03de02490daa5766cd707ed800c4e219bf38b91f,6/21(金) 7:52
wmap,ウェザーマップ,九州南部は引き続き線状降水帯発生のおそれ　土砂災害や河川の増水・氾濫に厳重警戒,https://news.yahoo.co.jp/articles/dbef0910530291153e4e94efd558b1709a34acf5,6/21(金) 5:55
wmap,ウェザーマップ,鹿児島県薩摩と大隅地方に『線状降水帯』発生　「顕著な大雨に関する気象情報」,https://news.yahoo.co.jp/articles/f2f5c4d86a7b5c165ed0c183632b18bbcd509789,6/21(金) 5:24
wmap,ウェザーマップ,21日（金）午前中にかけて九州南部は大雨に警戒　西日本〜関東は広く雨,https://news.yahoo.co.jp/articles/7488df55c15150bbb41b7112ca5e313f1dbab39a,6/21(金) 5:16
wmap,ウェザーマップ,【動画】21日の天気 - 九州南部で線状降水帯のおそれ　九州　土砂災害に厳重警戒（20日18時更新）,https://news.yahoo.co.jp/articles/a3681e18500af07b5fd93dbde171c937f5b8014b,6/20(木) 18:52
wmap,ウェザーマップ,九州南部で線状降水帯発生のおそれ　21日（金）にかけて土砂災害に厳重警戒,https://news.yahoo.co.jp/articles/2204396bf4a722b2d8cfc2e089b222adf7ba63f1,6/20(木) 17:04
wmap,ウェザーマップ,【動画解説】沖縄梅雨明け　九州で災害級大雨か　線状降水帯発生のおそれも,https://news.yahoo.co.jp/articles/9d88b1209702d2794c611828475ce25f39e56e86,6/20(木) 15:59
wmap,ウェザーマップ,全国的に暑さ厳しい　日本海側中心に大雨のおそれも　気象庁1か月予報,https://news.yahoo.co.jp/articles/c84149a5d467437acbc0772dfeac3e0e2caeb914,6/20(木) 14:38
wmap,ウェザーマップ,九州南部で「線状降水帯」発生のおそれ　21日（金）昼までに300ミリ予想,https://news.yahoo.co.jp/articles/5d37ae169ab68c0462aea49981bbee0c266c58ba,6/20(木) 11:34
wmap,ウェザーマップ,九州南部　20日（木）夜〜21日（金）午前中　「線状降水帯」発生のおそれ　土砂災害に厳重警戒,https://news.yahoo.co.jp/articles/f34bb9ce2d13e15454d1535189f2d7126dde1914,6/20(木) 11:19
wmap,ウェザーマップ,沖縄が梅雨明け　平年より1日早く　昨年より5日早い,https://news.yahoo.co.jp/articles/8db60970f4659e935e7491f1ccdc1244662b4307,6/20(木) 11:05
wmap,ウェザーマップ,【動画】20日の天気 - 東日本〜東北は晴れ 九州は大雨警戒　沖縄はきょうにも梅雨明けへ（20日7時更新）,https://news.yahoo.co.jp/articles/ee99266570e608ad9c03fd07f126db7a60d1b0b6,6/20(木) 7:34
wmap,ウェザーマップ,梅雨前線北上　九州はあす(金)にかけて大雨のおそれ　晴れる東〜北日本は暑さ厳しく　真夏日地点続出へ　35℃近い所も,https://news.yahoo.co.jp/articles/2480b61e07d28ea9914a04f0d6fe6e20aa0da715,6/20(木) 5:42
wmap,ウェザーマップ,九州はあす（金）にかけて大雨のおそれ　非常に激しい雨も　土砂災害などに警戒,https://news.yahoo.co.jp/articles/e2b649928c527abf94ed553ed2290e87b6b16989,6/20(木) 5:36
wmap,ウェザーマップ,【動画】20日の天気 - 本州は晴天と暑さ続く　東北で猛暑日に迫る暑さも（19日18時更新）,https://news.yahoo.co.jp/articles/5708c71cb4090623520c634af5ecbe663716d71f,6/19(水) 18:53
wmap,ウェザーマップ,【動画解説】本州は梅雨入り間近 晴れ有効活用を　沖縄は梅雨明け間近に,https://news.yahoo.co.jp/articles/c7b05e49223093c3b1b88f09688ef46420cff671,6/19(水) 14:24
wmap,ウェザーマップ,広く晴天で35℃以上の猛暑日の所も　20日（木）も暑さ続く　体調管理に注意を,https://news.yahoo.co.jp/articles/e0ac300c51dfd0dc95acfd640220922fc677f664,6/19(水) 11:14
wmap,ウェザーマップ,【動画】19日の天気 - 天気回復し真夏並み暑さも復活　本州付近は梅雨入り間近　きょう〜あすの晴れ間有効に（19日7時更新）,https://news.yahoo.co.jp/articles/bb7faa439aacec20be2526351dfaeffb6e4ab02f,6/19(水) 7:24
wmap,ウェザーマップ,19日(水)の天気　九州から北海道は晴れて真夏の暑さ復活　猛暑日も復活　沖縄は梅雨最後の雨か,https://news.yahoo.co.jp/articles/24239174d2d5a443de75bb6f51ed397b48c785fc,6/19(水) 5:34
wmap,ウェザーマップ,【動画】19日の天気 - 日差しと真夏並み暑さ戻る　大分県日田市37℃と今年全国トップの暑さ予想（18日19時更新）,https://news.yahoo.co.jp/articles/0f926b3be43b4f76805976d850f80cc8f9f99796,6/18(火) 18:33
wmap,ウェザーマップ,南西諸島と東日本　土砂災害に厳重警戒　低地の浸水や河川の増水・氾濫に警戒を,https://news.yahoo.co.jp/articles/dd4888c03aadf03c308a113d4a163aa58f2248d9,6/18(火) 17:00
wmap,ウェザーマップ,【動画解説】大雨のち猛暑　週末は続々梅雨入りか,https://news.yahoo.co.jp/articles/904779dc573c6014427fc3859eebe5e0740f5bcb,6/18(火) 13:11
wmap,ウェザーマップ,東日本の太平洋側　夕方にかけて雨のピーク　土砂災害や低地の浸水・河川の増水に注意・警戒,https://news.yahoo.co.jp/articles/c1891c8546213eaceaafde8070c7bd8f24a1106e,6/18(火) 11:11
wmap,ウェザーマップ,【動画】18日の天気 - 沖縄〜関東　土砂災害などに警戒　四国は線状降水帯のおそれ　関東は気温大幅ダウン（18日7時更新）,https://news.yahoo.co.jp/articles/e9165b68bab28fc56712dc6ab674a4869a053e3c,6/18(火) 7:31
wmap,ウェザーマップ,四国で線状降水帯発生のおそれ　南西諸島と西〜東日本は大雨に警戒,https://news.yahoo.co.jp/articles/ce064d4d6a9dbb8f528900ccf0df595712fd5bfa,6/18(火) 5:36
wmap,ウェザーマップ,【動画】18日の天気 - 梅雨前線活発　線状降水帯のおそれ　寝る前に安全の確保を（17日18時更新）,https://news.yahoo.co.jp/articles/755fbdd1c4b55e8a4dc22aa6887170aaf8c9a72f,6/17(月) 18:41
wmap,ウェザーマップ,梅雨前線活発　九州南部と四国で線状降水帯発生のおそれ　土砂災害に厳重警戒,https://news.yahoo.co.jp/articles/3f4ca909eb76777f55bbeafa57ef5e329ad31630,6/17(月) 17:07
wmap,ウェザーマップ,【動画解説】九州南部と四国に線状降水帯発生のおそれ　東・西日本の太平洋側中心に大雨,https://news.yahoo.co.jp/articles/fbc7b54cc2edd7e3240203054be3e5a79d2bc0bc,6/17(月) 16:04
wmap,ウェザーマップ,沖縄・奄美に「高温に関する早期天候情報」　次第に夏の高気圧強まる,https://news.yahoo.co.jp/articles/7e668b54c31b880c4526f0f98a1fd3a1f8ace4b6,6/17(月) 14:36
wmap,ウェザーマップ,九州北部が梅雨入り　平年より13日遅く　18日（火）にかけて大雨のおそれ,https://news.yahoo.co.jp/articles/1fb3852729f0def67e9a44670d1f30852013094d,6/17(月) 11:50
wmap,ウェザーマップ,九州南部と四国　18日（火）にかけて「線状降水帯」発生のおそれ　土砂災害に厳重警戒を,https://news.yahoo.co.jp/articles/a48cf2fe555a711d42f50483d8fa8ba0edcc4b60,6/17(月) 11:31
wmap,ウェザーマップ,今夜から18日（火）にかけて　西・東日本で大雨　土砂災害・河川の増水など警戒を,https://news.yahoo.co.jp/articles/9cae6413d5a7b535e934e77aa31807196b75f515,6/17(月) 11:16
wmap,ウェザーマップ,【動画】17日の天気 - 関東・東北で厳暑 35℃以上の所も　今夜からあす 西・東日本で非常に激しい雨（17日7時更新）,https://news.yahoo.co.jp/articles/2a3ef690866424e779cbbd82acf171124ccbb7f0,6/17(月) 7:40
wmap,ウェザーマップ,18日（火）まで南西諸島や西日本で大雨　18日（火）は東日本も大雨に警戒,https://news.yahoo.co.jp/articles/84b480a828fd7ba20c15f7fd201750b297c8ab86,6/17(月) 5:27
wmap,ウェザーマップ,17日（月）梅雨前線は北上し九州南部は大雨のおそれ　夜は西日本で広く雨,https://news.yahoo.co.jp/articles/51732f2fc2fd9ae71ddf1926aabfb6980c648d2d,6/17(月) 5:22
wmap,ウェザーマップ,【動画】17日の天気 - 西から雨雲 九州南部は激しい雨も　東北や関東など暑さ厳しく　北海道は雷雨に注意（16日19時更新）,https://news.yahoo.co.jp/articles/c9b10d869a036103ac62544346c0efeaa9c0a68d,6/16(日) 19:23
wmap,ウェザーマップ,全国的に大気の状態が非常に不安定　激しい雨や落雷、突風、ひょうなど注意,https://news.yahoo.co.jp/articles/57e13ac5178a6306f4c9e2b397dcb6eef4210277,6/16(日) 16:48
wmap,ウェザーマップ,火曜日は西〜東日本を中心に大雨のおそれ　週中ごろは晴れて暑く　金曜日以降 梅雨前線は本州付近へ北上,https://news.yahoo.co.jp/articles/79d32cd5f492388956784dfbb961650c7bbc24bd,6/16(日) 14:32
wmap,ウェザーマップ,【動画解説】火曜日 西〜東日本で大雨のおそれ　金曜日ごろも雨脚強まる　本州付近も大雨への備えを,https://news.yahoo.co.jp/articles/60f32418ae22dde2be5ca69ac151b86fe7efd84d,6/16(日) 14:04
wmap,ウェザーマップ,蒸し暑さアップ　午後は熱中症と急な激しい雷雨注意　短時間で道路冠水するおそれも,https://news.yahoo.co.jp/articles/65f361bcd27693b2d683cbce540634ed841bbc93,6/16(日) 11:39
wmap,ウェザーマップ,【動画】16日の天気 - 晴れ間出ても午後は天気急変に注意　落雷・突風にも注意　北海道は大雨のおそれ（16日7時更新）,https://news.yahoo.co.jp/articles/5bebd172fb904857895098c3f404c7aa47ab9e9e,6/16(日) 8:06
wmap,ウェザーマップ,16日（日）　全国的に大気不安定　激しい雷雨・突風に注意　各地で”厳暑”も続く,https://news.yahoo.co.jp/articles/80e1fc15bc5d72e8c9d9e63d5776da5f7cba30b9,6/16(日) 6:02
wmap,ウェザーマップ,16日（日）　西日本〜北日本で大気不安定　激しい雷雨や突風に注意,https://news.yahoo.co.jp/articles/a7f32be56b3d39fd1772791d6ee58f76e2f66f6a,6/16(日) 5:26
wmap,ウェザーマップ,【動画】16日の天気 - 暑さ続く　北〜東日本は急な雨に注意　大阪・名古屋は6日連続真夏日か（15日19時更新）,https://news.yahoo.co.jp/articles/20deb1ff346ab049a074b85d2fcbea44ea9c0d4f,6/15(土) 20:02
wmap,ウェザーマップ,西〜北日本　16日(日)は大気非常に不安定　局地的な激しい雷雨や突風など注意,https://news.yahoo.co.jp/articles/90fa91970c4f92b2f16440afcf388f02e0613213,6/15(土) 17:35
wmap,ウェザーマップ,【16日(日)】30℃以上真夏日続くも大気不安定　午後中心に晴れ間あっても急な激しい雷雨注意,https://news.yahoo.co.jp/articles/23f90b9f66abf7d8914279f2171b7494383055f6,6/15(土) 17:16
wmap,ウェザーマップ,次の週末までには各地梅雨入りへ　大雨への備えを　関東甲信は最遅記録に並ぶ可能性,https://news.yahoo.co.jp/articles/5ebfd1812a17fde9baf38c27d7b8ba6104cc6424,6/15(土) 15:03
wmap,ウェザーマップ,【土日の天気】きょう北陸で35℃猛暑日予想　8月並み真夏の暑さ　熱中症に警戒を,https://news.yahoo.co.jp/articles/8f2fdc2f012fbd02ac83ad672b24bb36bd935d15,6/15(土) 11:43
wmap,ウェザーマップ,【動画】15日の天気 - 梅雨前線北上 雨の範囲が広がる　広く真夏日 蒸し暑さアップ（15日7時更新）,https://news.yahoo.co.jp/articles/09dea38b0c5ef70387e775bea24e915e04baea7f,6/15(土) 7:30
wmap,ウェザーマップ,【動画】15日の天気 - 真夏のような暑さ続く　熱中症対策を　西〜東日本　天気はゆっくり下り坂（14日19時更新）,https://news.yahoo.co.jp/articles/5ca8975eee5f2de43dacde1c53b52b08b4be4f20,6/14(金) 19:33
wmap,ウェザーマップ,【動画解説】関東甲信 最も遅い梅雨入りか　雨の季節は来週末から？,https://news.yahoo.co.jp/articles/2351da8ac93fb75fc5aa8cfb486b3e8030a9ed5f,6/14(金) 16:09
wmap,ウェザーマップ,週末の天気　雨は限定的で30℃以上の真夏日続出　東京都心は連日真夏日に,https://news.yahoo.co.jp/articles/cbf18fed35fe110a1bd13477538fa853f0385512,6/14(金) 16:02
wmap,ウェザーマップ,関東で今年初めて35℃以上の猛暑日に　東京都心も今年一番の暑さ,https://news.yahoo.co.jp/articles/f3a3196fae988eb98c8699fcd19c623c604b7c16,6/14(金) 12:56
wmap,ウェザーマップ,暑さピーク　京都など35℃以上の猛暑日　関東でも今年初めての猛暑日の可能性,https://news.yahoo.co.jp/articles/a0b6c40d9bf78af75e47a620ba23c38fb0cd9ba4,6/14(金) 11:33
wmap,ウェザーマップ,沖縄本島で1時間約110ミリの猛烈な雨　記録的短時間大雨情報,https://news.yahoo.co.jp/articles/c48f1146de7aeda2f201b770240cbe3119cf0699,6/14(金) 10:47
wmap,ウェザーマップ,【動画】14日の天気 - 今年一番の暑さ　東京も32℃予想　猛暑日になる所も　熱中症に注意（14日7時更新）,https://news.yahoo.co.jp/articles/04120c6296f46c5c11ef7d96a89f90c4d2b6cb2e,6/14(金) 7:14
wmap,ウェザーマップ,14日（金）京都で猛暑日予想　西・東日本の内陸でも35℃に迫る暑さの所も,https://news.yahoo.co.jp/articles/ac5f1a931a634cd3d6076cfce45be76e4a0f99a7,6/14(金) 5:16
wmap,ウェザーマップ,【動画】14日の天気 - 今年一番の暑さ　猛暑日の所も　熱中症対策しっかりと（13日18時更新）,https://news.yahoo.co.jp/articles/e840a28d3b54a153cd5096ae448626009a4d1242,6/13(木) 18:55
wmap,ウェザーマップ,14日（金）東京は32℃予想　今年一番の暑さに　全国的に高温続く,https://news.yahoo.co.jp/articles/20f8d98c869da009e879a6101ea00c6f9fce6571,6/13(木) 17:10
wmap,ウェザーマップ,【動画解説】金曜日は今年一番の暑さに　土日は蒸し暑さがアップ,https://news.yahoo.co.jp/articles/6d478d3451911700b9d901daba6e6aa08d678f58,6/13(木) 16:04
wmap,ウェザーマップ,全国的に高温　西日本は前線や湿った空気の影響受けやすい　沖縄・奄美は6月下旬から晴天多く　気象庁1か月予報,https://news.yahoo.co.jp/articles/744d6abda93e23f617278859d8081d56fead15df,6/13(木) 14:37
wmap,ウェザーマップ,13日（木）午後も気温上昇　沖縄は大雨に警戒を　暑さのピークは14日（金）　東京は32℃予想,https://news.yahoo.co.jp/articles/7572dcb51eb408ca2d923bcdb279dc4a3c7d8e71,6/13(木) 11:19
wmap,ウェザーマップ,【動画】13日の天気 - 本州 30℃以上の真夏日続出　大気不安定 午後は天気急変に注意（13日7時更新）,https://news.yahoo.co.jp/articles/a2f23aa276793ff7a3bafa7eec2991743e0a5793,6/13(木) 7:29
wmap,ウェザーマップ,晴れて暑さ続く　京都や大阪33℃予想　真夏日続く所も　熱中症に注意　沖縄は大雨に警戒　北海道も大気不安定,https://news.yahoo.co.jp/articles/3ee8c8a120c7bc086141a2c61416c244c66e2b77,6/13(木) 5:33
wmap,ウェザーマップ,【動画】13日の天気 - 木曜日も暑さ続く　広範囲で30℃前後　沖縄と奄美は大雨　非常に激しい雨の所も（12日18時更新）,https://news.yahoo.co.jp/articles/2f09596c4e451d47e353e3b1f1080440c202a25d,6/12(水) 18:46
wmap,ウェザーマップ,福島で35℃超　今年初の猛暑日　13日（木）も全国的に同レベルの暑さ,https://news.yahoo.co.jp/articles/0b94a4c7f01a666ed9185195cb774690b1720df6,6/12(水) 16:58
wmap,ウェザーマップ,東京都心で今年初の真夏日　13日（木）も暑さ続く　熱中症に注意,https://news.yahoo.co.jp/articles/8eae827aee0dc548bfa5249a0fbb2e8fc2c8a565,6/12(水) 13:45
wmap,ウェザーマップ,【動画解説】東日本・東北など連続真夏日の予想　各地蒸し暑い 熱中症注意,https://news.yahoo.co.jp/articles/4923ae82377df35b2b51f6aa20ab473a4a530713,6/12(水) 13:39
wmap,ウェザーマップ,真夏日地点激増　内陸中心に厳しい暑さ　東京都心も今年初めて30℃超か,https://news.yahoo.co.jp/articles/3be9297880d1e2647df6f036254424ad58c77448,6/12(水) 11:10
wmap,ウェザーマップ,【動画】12日の天気 - 梅雨入り前に真夏のような暑さ　東京都心でも今年初真夏日か（12日7時更新）,https://news.yahoo.co.jp/articles/7c1e21cb442a997466290ddfc1c7a5dc498ab117,6/12(水) 7:23
wmap,ウェザーマップ,12日(水)の天気　広く晴れて真夏日エリア拡大　気温の上がる午後は雷雨の所も　沖縄は梅雨の大雨警戒,https://news.yahoo.co.jp/articles/e75a27175ac5c74adee52baf0b0f7fa34116eb58,6/12(水) 5:45
wmap,ウェザーマップ,【動画】12日の天気 - 梅雨明け後の真夏並み暑さ予想　大分県日田市34℃など猛暑日迫る所も（11日19時更新）,https://news.yahoo.co.jp/articles/45c047403ec83c9fda7f85b74608ab89857956df,6/11(火) 19:14
wmap,ウェザーマップ,桐生（群馬）33.2℃を観測　真夏日169地点で今年最多　12日（水）も時季外れの暑さ続く,https://news.yahoo.co.jp/articles/9346cf513258da1355c4d0b406a09f5f5d9d7343,6/11(火) 16:10
wmap,ウェザーマップ,【動画解説】梅雨入りした四国も日差しに暑さ　本格梅雨入りは広く今週末,https://news.yahoo.co.jp/articles/0ddc9ede3eb94a2c489042dd22455dbfae9d7e47,6/11(火) 14:30
wmap,ウェザーマップ,真夏日地点は今年最多に　熱中症に注意を　12日（水）も暑さ続く,https://news.yahoo.co.jp/articles/66e46956ebbc2ec06b40e6c922e7f096acdd1614,6/11(火) 11:13
wmap,ウェザーマップ,【動画】11日の天気 - 晴れて気温上昇 真夏日地点続出へ　熱中症に注意　沖縄は大雨のおそれ（11日7時更新）,https://news.yahoo.co.jp/articles/c6d8f30c5189542afa32c2fcee67b6691397b15d,6/11(火) 7:24
wmap,ウェザーマップ,【動画】11日の天気 - 真夏日続出　東北も30℃予想　午後は局地的な雷雨に注意（10日18時更新）,https://news.yahoo.co.jp/articles/212096a7e011bbb9c8aaca1b5a9e5b9de5af8c2b,6/10(月) 18:48
wmap,ウェザーマップ,【動画解説】あす(火)から暑さがレベルアップ　梅雨前線はいまどこ？,https://news.yahoo.co.jp/articles/24e9884181e6461ff122bd9f31aa5b883c501b20,6/10(月) 16:07
wmap,ウェザーマップ,エルニーニョ現象終息　今後はラニーニャ現象発生の可能性高い,https://news.yahoo.co.jp/articles/e529ddd1a2af7c89e21e1ecd14e916b7162c76e6,6/10(月) 14:33
wmap,ウェザーマップ,関東甲信・東海・沖縄に「高温に関する早期天候情報」　体調管理など注意,https://news.yahoo.co.jp/articles/a67392cef7ddf8f4550ed480ab6f34245463ec96,6/10(月) 14:31
wmap,ウェザーマップ,10日（月）午後は山沿いで雷雨注意　11日（火）は全国的に気温上昇　真夏日続出,https://news.yahoo.co.jp/articles/4074a8cfc2e2000a36f1f6d4afe9afed719b707e,6/10(月) 11:11
wmap,ウェザーマップ,【動画】10日の天気 - 関東と北日本 午前を中心に雨　午後はにわか雨も　本州の梅雨入りは週末以降（10日7時更新）,https://news.yahoo.co.jp/articles/75901f76ccacef64f0dde5372dc3a7fa555de876,6/10(月) 7:38
wmap,ウェザーマップ,10日(月)の天気　関東は朝の通勤通学時に雨　西日本を中心に日差し復活　真夏日の所も,https://news.yahoo.co.jp/articles/1924ac240fca874c327c44bab788194bbe7fb96a,6/10(月) 5:25
wmap,ウェザーマップ,【動画】10日の天気 - 天気回復へ 関東の雨は朝まで　西日本は急な暑さに注意　北日本や山沿いでは雷雨も（9日19時更新）,https://news.yahoo.co.jp/articles/e530e9762b33517c7acb0e7b8278d259e03b75d9,6/9(日) 19:01
wmap,ウェザーマップ,梅雨入りした四国で300ミリ超の大雨　土砂災害など注意　10日(月)朝の通勤通学時は関東〜北で雨,https://news.yahoo.co.jp/articles/30c1bda520911847f5a32dc7cc14a15f5c48acc5,6/9(日) 17:55
wmap,ウェザーマップ,週明けは暑さに注意　真夏日の所も　内陸は急な雨や雷雨のおそれ　週の後半は蒸し暑く,https://news.yahoo.co.jp/articles/0126562be8bc59a6309207a01cf42bea8a2e64c8,6/9(日) 14:43
wmap,ウェザーマップ,【動画解説】週明けは晴れて暑く 内陸は急な雷雨に注意　週後半は蒸し暑さ増す,https://news.yahoo.co.jp/articles/b10af779f84948d6546326429e7d054945018766,6/9(日) 14:25
wmap,ウェザーマップ,週明け以降は天気急変と熱中症に注意　九州から北海道にかけて蒸し暑い日が増加,https://news.yahoo.co.jp/articles/55a088e6109f8c839abf3dbc59fd46d0b837eb8b,6/9(日) 11:53
wmap,ウェザーマップ,四国が梅雨入り　平年より4日遅い　今夜にかけて大雨による土砂災害など十分注意,https://news.yahoo.co.jp/articles/8aefee380c290ece52794cf59c0613219e25affb,6/9(日) 11:25
wmap,ウェザーマップ,【動画】9日の天気 - 全国的に曇りや雨　九州や四国は激しい雷雨も（9日7時更新）,https://news.yahoo.co.jp/articles/0e8f14ef9fe55ddcb54cedafe8edfb42ddd8c0e8,6/9(日) 8:00
wmap,ウェザーマップ,梅雨前線と低気圧　西日本を中心に本降りの雨　九州・四国で警報級の大雨のおそれ,https://news.yahoo.co.jp/articles/dc664cab0ff5853168be3494c7086204189556ea,6/9(日) 6:54
wmap,ウェザーマップ,【動画】9日の天気 - 西から雨の範囲広がる　九州や高知は非常に激しい雨や雷雨（8日19時更新）,https://news.yahoo.co.jp/articles/00e42ec16a9f3a159a9c3386941eed4864799353,6/8(土) 19:22
wmap,ウェザーマップ,【9日(日)の天気】西日本中心に警報級大雨のおそれ　前日より最高気温低下も蒸し暑さはアップ,https://news.yahoo.co.jp/articles/0ee9e326d138ff4e2483d06c0f6b650f276263d7,6/8(土) 17:46
wmap,ウェザーマップ,【土日の天気】きょう近畿〜北海道は晴れてカラッとした暑さ　大阪30℃で今年初の真夏日　梅雨入りの九州南部はあすにかけ警報級大雨おそれ,https://news.yahoo.co.jp/articles/b6661c6e4550bc824c7c92122ce1dba1f7ad4066,6/8(土) 12:05
wmap,ウェザーマップ,九州南部が梅雨入り　平年や昨年より9日遅い　梅雨入り早々に警報級大雨のおそれ,https://news.yahoo.co.jp/articles/8478bfe22319c39f83588ad0b1f0627fed973684,6/8(土) 11:01
wmap,ウェザーマップ,【動画】8日の天気 - 東〜北日本は晴れ 西は下り坂　各地で汗ばむ陽気 大阪30℃予想（8日7時更新）,https://news.yahoo.co.jp/articles/a6538b20b7f15be0512423f7e02ab690b304886e,6/8(土) 8:14
wmap,ウェザーマップ,【動画】8日の天気 - 西日本は次第に雨雲広がる　東〜北日本は晴れて厳しい暑さ　札幌27℃予想（7日19時更新）,https://news.yahoo.co.jp/articles/9e4f8edb19e7f510f97c8d8b5eee097aa4ba3b08,6/7(金) 19:40
wmap,ウェザーマップ,週末の天気　西日本や南西諸島を中心に雨　局地的に非常に激しい雷雨のおそれ,https://news.yahoo.co.jp/articles/99fd16dec364c16a1c308e931d73f211d17b0a39,6/7(金) 16:45
wmap,ウェザーマップ,【動画解説】土日 沖縄や西日本は傘の出番　東・北日本 土曜は日差しの活用を,https://news.yahoo.co.jp/articles/508d54013e9b7a7527add00c1f7cf6691be72c6a,6/7(金) 15:40
wmap,ウェザーマップ,大気の状態が不安定　東日本を中心に急な雨や雷雨に　来週前半にかけて雨エリア拡大,https://news.yahoo.co.jp/articles/33349dc919587cc4d033f9717d018394478464b3,6/7(金) 12:00
wmap,ウェザーマップ,【動画】7日の天気 - 東日本の内陸中心 急な雷雨に注意　気温上昇 東北でも30℃近い暑さに（7日7時更新）,https://news.yahoo.co.jp/articles/fa2f5aea4f3f8fc1d9435cc1817d348b2a93db19,6/7(金) 7:46
wmap,ウェザーマップ,きょう(金)の天気　大気不安定　東日本中心に激しい雷雨のおそれ　晴れても天気急変に注意　気温高く北海道でも夏日予想,https://news.yahoo.co.jp/articles/bb312b118bfb46bd41bdbea33873836e928051b3,6/7(金) 5:12
wmap,ウェザーマップ,【動画】7日の天気 - 晴れていても天気急変に注意　内陸や山沿い中心　急な雷雨に（6日19時更新）,https://news.yahoo.co.jp/articles/f4b66ed881b032404ed52adadf3876a7d817c611,6/6(木) 18:59
wmap,ウェザーマップ,【動画解説】西・東日本の梅雨入りは遅い？　変わりやすい予報と激しい雨に注意,https://news.yahoo.co.jp/articles/56167ee5b1aa5914de3c482bfa28c6161ca24d70,6/6(木) 15:53
wmap,ウェザーマップ,北・東日本中心に高温　西日本の太平洋側〜沖縄・奄美は前線の影響受けやすく　気象庁1か月予報,https://news.yahoo.co.jp/articles/7ce585dc3c49044f6dcf6397714ff07ae80bec91,6/6(木) 14:57
wmap,ウェザーマップ,6日（木）午後　九州南部で雷雨のおそれ　東日本の内陸も天気の急変に注意を,https://news.yahoo.co.jp/articles/1024e2802e4a2c72bcd8672efd093cad31d966c0,6/6(木) 11:17
wmap,ウェザーマップ,【動画】6日の天気 - 東日本や東北 日差し届く　西日本は雲多く にわか雨の所も（6日7時更新）,https://news.yahoo.co.jp/articles/35433cdefb4781b8062259d68d98d8abac133d4e,6/6(木) 7:20
wmap,ウェザーマップ,西日本は大気不安定　晴れ間あっても午後は急な雨や雷雨に注意　関東もにわか雨　湿度高くムシムシ,https://news.yahoo.co.jp/articles/dc8f6a0f45ec22c00af045c42d6712ee75831a70,6/6(木) 5:30
wmap,ウェザーマップ,【動画】6日の天気 - 広範囲で晴れて日差し暑く　午後は西・東日本の一部でにわか雨も（5日18時更新）,https://news.yahoo.co.jp/articles/e4708c0adec95a94ab90341c85ba824a8f7c715c,6/5(水) 19:00
wmap,ウェザーマップ,【動画解説】金曜日頃まで貴重な晴れ間か　来週後半に梅雨前線の北上の兆し,https://news.yahoo.co.jp/articles/4ba019003831613b59df5eed26a1a7ab8ab663ef,6/5(水) 15:10
wmap,ウェザーマップ,5日（水）午後〜6日（木）も晴れる地域多い　週末以降は天気の傾向に変化,https://news.yahoo.co.jp/articles/443825c0d70daab9519408547706cd86f14729e5,6/5(水) 11:05
wmap,ウェザーマップ,【動画】5日の天気 - ようやく天気安定　広く晴天で暑い　北海道は曇りや雨（5日7時更新）,https://news.yahoo.co.jp/articles/4e3dfcd29eb7d3f72a040e11292a7215518d2528,6/5(水) 7:22
wmap,ウェザーマップ,5日(水)の天気　東北から西日本は安定した晴天　内陸は真夏日に迫る暑さも　北海道は不安定,https://news.yahoo.co.jp/articles/9ae5819f80fc6e93d353bee9ebabac6b4891df0a,6/5(水) 5:33
wmap,ウェザーマップ,【動画】5日の天気 - 東日本〜東北の大気不安定は解消　日差したっぷりで紫外線・暑さ対策を（4日19時更新）,https://news.yahoo.co.jp/articles/2e97b1e4e8bd45f1ec455c7dbe1b1736b94818da,6/4(火) 19:00
wmap,ウェザーマップ,【動画解説】来週は梅雨前線北上へ　関東など雨の季節突入か,https://news.yahoo.co.jp/articles/8ceeab039b7252018a29d2d6740828d9508cb48c,6/4(火) 13:55
wmap,ウェザーマップ,東日本や東北の日本海側　4日（火）夜にかけて天気急変のおそれ　落雷・突風に注意,https://news.yahoo.co.jp/articles/cb6ac7bcd1ea464fb692bbca2f999ce1a0f929de,6/4(火) 11:09
wmap,ウェザーマップ,【動画】4日の天気 - 東日本や東北は不安定な天気続く　午後は急な強い雨や雷雨に注意（4日7時更新）,https://news.yahoo.co.jp/articles/934fa2cfdb0379151ccc42e10464567403a47cb8,6/4(火) 7:26
wmap,ウェザーマップ,きょう(火)の天気　東日本・東北は続く大気不安定　急な雷雨や突風に注意　北日本や日本海側は気温低め,https://news.yahoo.co.jp/articles/0575f7369f6d84ccee8fca55564d1026c0727b58,6/4(火) 5:20
wmap,ウェザーマップ,【動画】4日の天気 - 東日本・東北で大気不安定続く　午後は急な雷雨に注意（3日18時更新）,https://news.yahoo.co.jp/articles/aabc8c24884307f335e1559adc60153dcfeed011,6/3(月) 18:45
wmap,ウェザーマップ,関東甲信　3日（月）夜遅くにかけて激しい雷雨のおそれ　道路の冠水や落雷に注意を,https://news.yahoo.co.jp/articles/4df85af78efa480be07fc7609a90cfd3f4cf981f,6/3(月) 17:00
wmap,ウェザーマップ,4月を中心に高温　東・西日本と沖縄・奄美は降水量が多かった　春の天候まとめ,https://news.yahoo.co.jp/articles/c84777241900c0c0c82f8712a268bb1959a0c568,6/3(月) 16:29
wmap,ウェザーマップ,【動画解説】火曜も雷雨に注意　梅雨は足踏み　本格的な雨のシーズンは来週以降か,https://news.yahoo.co.jp/articles/5268abdd33fd930316940d5097bc6affed378408,6/3(月) 15:02
wmap,ウェザーマップ,3日（月）午後は非常に不安定　関東甲信は夕方から所々で激しい雷雨　落雷・突風・降ひょうに注意,https://news.yahoo.co.jp/articles/f5b8b1ea3e96e683056c8fecd299d98aecad89ee,6/3(月) 11:09
wmap,ウェザーマップ,【動画】3日の天気 - 関東など東日本と東北で強雨・雷雨　日差し出ても天気急変　落雷・突風注意（3日7時更新）,https://news.yahoo.co.jp/articles/3d0dcdeb46f7811b42e46cecf9c17bc54fc56e1d,6/3(月) 7:46
wmap,ウェザーマップ,3日（月）も東北と関東甲信は大気不安定　午後は天気急変に注意,https://news.yahoo.co.jp/articles/7a69db3b80ad338aae733d3b9834ad0ce4a24ba2,6/3(月) 5:34
wmap,ウェザーマップ,3日（月）も関東〜東北は大気不安定　天気の急変に注意,https://news.yahoo.co.jp/articles/3409af68069623bfe914170370fc3e1aede3cc4d,6/3(月) 5:26
wmap,ウェザーマップ,【動画】3日の天気 - 関東〜東北は大気不安定　激しい雨も　関東は天気急変に注意（2日19時更新）,https://news.yahoo.co.jp/articles/c9043f6edcd3a4ad149f5176537522af957ad829,6/2(日) 19:04
wmap,ウェザーマップ,3日(月)にかけて大気が非常に不安定　東〜北日本は激しい雷雨のおそれ,https://news.yahoo.co.jp/articles/09055586ad6883fb684e020b11899fc4d1718e03,6/2(日) 16:58
wmap,ウェザーマップ,東日本や東北　週明けにかけ大気非常に不安定　激しい雨や雷雨に注意,https://news.yahoo.co.jp/articles/7fb539635fa7c0a0ababb7fa361ec9c4b907a24f,6/2(日) 14:19
wmap,ウェザーマップ,【動画解説】週明けも東日本や東北は大気不安定　激しい雨や落雷に注意　突風・ひょうのおそれも,https://news.yahoo.co.jp/articles/519fe129825cd375d5b1062c9782f46d3ea5c122,6/2(日) 13:51
wmap,ウェザーマップ,寒冷渦接近で大気非常に不安定　午後は東日本〜東北で激しい雷雨に注意　短時間で道路冠水おそれも,https://news.yahoo.co.jp/articles/31c289ba0765a722eb7921b0c87599d1805b5dc2,6/2(日) 11:41
wmap,ウェザーマップ,【動画】2日の天気 - 東北と東日本 激しい雷雨に注意　晴れ間出る近畿も雷雨注意 沖縄も大雨に（2日7時更新）,https://news.yahoo.co.jp/articles/fc8da7f26a83feb05e47fc80025924bd8cd00ca2,6/2(日) 8:03
wmap,ウェザーマップ,東・北日本　3日（月）にかけて落雷、激しい突風のおそれ,https://news.yahoo.co.jp/articles/a8b8157e6d342743aca20836ca4f5573013eacd8,6/2(日) 4:55
wmap,ウェザーマップ,【動画】2日の天気 - 東日本や東北は天気急変に注意　大気不安定　激しい雷雨のおそれも（1日19時更新）,https://news.yahoo.co.jp/articles/c0e622e6cb69caefdd37aadaae9888a07ef22706,6/1(土) 19:19
wmap,ウェザーマップ,大気非常に不安定　東・北日本は2日(日)〜3日(月)にかけて落雷・突風・激しい雨など注意,https://news.yahoo.co.jp/articles/6c3a20d8a9ed7b173eab9bcd53f7a9856417ac7d,6/1(土) 17:01
wmap,ウェザーマップ,台風2号は熱帯低気圧に　今後は梅雨前線を刺激　南西諸島は3日(月)にかけて大雨のおそれ,https://news.yahoo.co.jp/articles/d1529dc306632bd4674ff1b9709dbb1ca6aee560,6/1(土) 16:13
wmap,ウェザーマップ,九州〜関東甲信　今月中旬には平年より遅く梅雨入りか　梅雨入り早々に大雨おそれも,https://news.yahoo.co.jp/articles/e8d49be0bf6392e2b49a963418ca0c2b8a7d43d7,6/1(土) 14:56
wmap,ウェザーマップ,6月最初の土日は天気急変に注意　特にあす2日(日)は激しい雷雨や突風のおそれ,https://news.yahoo.co.jp/articles/eb8158cb8d7fc54c468509973b046c8677e5a901,6/1(土) 11:20
wmap,ウェザーマップ,【動画】1日の天気 - 6月初日 晴れ間と日差しが戻る　東北や関東甲信は不安定な天気も（1日7時更新）,https://news.yahoo.co.jp/articles/e069289a2f898fe433488a7a0697d186fcec2b86,6/1(土) 8:00
wmap,ウェザーマップ,【動画】1日の天気 - 西〜東日本は晴れて暑さ復活  北日本は変わりやすい空模様　沖縄は雨続く（31日19時更新）,https://news.yahoo.co.jp/articles/61226a0dbd985afa918115031532c10a2c5b3eb9,5/31(金) 19:29
wmap,ウェザーマップ,台風2号が発生,https://news.yahoo.co.jp/articles/4d13e8086b311e0b708b9b4c09e68cfa559282a6,5/31(金) 16:41
wmap,ウェザーマップ,週末の天気　土曜日は広く晴れ間と夏日の暑さ　北日本は大気不安定で日曜日は雷雨も,https://news.yahoo.co.jp/articles/37ab6c10b3b5f89d9d426871e515d5f9cf5a196b,5/31(金) 15:44
wmap,ウェザーマップ,【動画解説】日曜 東〜北日本で不安定な天気　週明けは関東で大雨のおそれ,https://news.yahoo.co.jp/articles/a8c57d948a5609924ad994890f2f4d30c4baa235,5/31(金) 15:39
wmap,ウェザーマップ,午後は次第に雨のエリア狭まる　日本海側から天気回復へ　土曜日は広く日差しと夏日の暑さ戻る　寒暖差に注意,https://news.yahoo.co.jp/articles/02140aebacb7e0f1de83a9624c0104d59fe37426,5/31(金) 11:16
wmap,ウェザーマップ,【動画】31日の天気 - 朝は関東で激しい雨も　関東は北風ひんやり　全国的にも雨　台風1号は温帯低気圧に（31日7時更新）,https://news.yahoo.co.jp/articles/a9713c10f9bd6aeddccedf7a69b05b65e84e6332,5/31(金) 7:50
wmap,ウェザーマップ,きょう(金)の天気　広く雨で関東は朝の通勤通学時は激しい雷雨も　台風は温帯低気圧化でも伊豆諸島は午前中は荒天に警戒　気温はダウンで肌寒い所も,https://news.yahoo.co.jp/articles/93d8af39280b83a1b98d3650afd917e56e2fe23b,5/31(金) 5:51
wmap,ウェザーマップ,台風1号　温帯低気圧に変わっても伊豆諸島は高波・強風に注意、警戒　東日本の太平洋側は激しい雷雨も,https://news.yahoo.co.jp/articles/b37fce8059efdcb5ba5b63df249cbded16fbff15,5/31(金) 5:42
wmap,ウェザーマップ,台風1号は未明に温帯低気圧化　台風でなくても伊豆諸島は強風や高波に注意・警戒,https://news.yahoo.co.jp/articles/f4f498d81da3e14b2db09bb6e0b15d2dbcb2759f,5/31(金) 5:19
wmap,ウェザーマップ,【動画】31日の天気 - 台風1号 朝には伊豆諸島に接近　関東南部・伊豆諸島 大雨のおそれ（30日19時更新）,https://news.yahoo.co.jp/articles/2e392a1dfc2406b8960b5f52f56cdcf7cc40563c,5/30(木) 19:01
wmap,ウェザーマップ,台風1号　あす31日(金)朝〜昼前伊豆諸島に接近へ　関東は通勤通学時に雨・風強まる,https://news.yahoo.co.jp/articles/4f60f37cb62de5d4928f167cadd63e9a28a4a337,5/30(木) 17:18
wmap,ウェザーマップ,【動画解説】台風1号北上　関東も雨・風強まる　週末は天気急変に注意,https://news.yahoo.co.jp/articles/ef9457c65c4922d8c8c083dfdb8f6961263c8fca,5/30(木) 15:50
wmap,ウェザーマップ,冷涼な空気流入　期間のはじめはこの時季としては低温に　一か月予報,https://news.yahoo.co.jp/articles/7353d9d33a3de7dc7390faa65a7f28ce5015bc9f,5/30(木) 14:54
wmap,ウェザーマップ,台風1号北上　伊豆諸島に接近へ　太平洋側を中心に本降りの雨　関東で激しい雷雨も,https://news.yahoo.co.jp/articles/e7f9623f780187202913509bfc9044d1ea307aa5,5/30(木) 11:23
wmap,ウェザーマップ,【動画】30日の天気 - 台風1号北上 夜から太平洋側で雨　伊豆諸島はあす荒天に（30日7時更新）,https://news.yahoo.co.jp/articles/a63e327dec06545c2b5d49bf167ba786ba480b08,5/30(木) 7:34
wmap,ウェザーマップ,西〜東日本は晴れて汗ばむ陽気　夜は太平洋側で雨　台風1号 あす(金)伊豆諸島接近へ　あす朝は東海や関東も沿岸は雨脚強まる,https://news.yahoo.co.jp/articles/9e13c8efc5e45ea4bc90b343a01d74c771836ed4,5/30(木) 5:41
wmap,ウェザーマップ,台風1号はあす(金)伊豆諸島に接近へ　高波に警戒　強風や大雨にも注意,https://news.yahoo.co.jp/articles/784ced8735474bb2a1f808faf33e789c7001e0c4,5/30(木) 5:28
wmap,ウェザーマップ,【動画】30日の天気 - 広く晴れ　真夏日になる所も　夜は太平洋側で傘の出番も（29日18時更新）,https://news.yahoo.co.jp/articles/82aec9a1ae4f6dbd8e0ed5a99ce177aeb69c532b,5/29(水) 18:48
wmap,ウェザーマップ,台風1号　大東島地方から次第に離れる　31日（金）は伊豆諸島に接近へ,https://news.yahoo.co.jp/articles/fd5164c8126471748994ef2859581b15ab57eb89,5/29(水) 16:41
wmap,ウェザーマップ,【動画解説】台風1号 31日(金)ごろ伊豆諸島へ　東日本でも雨足強まるおそれも,https://news.yahoo.co.jp/articles/265740398aa8d15eeafa18703732d5eb0bffa268,5/29(水) 13:27
wmap,ウェザーマップ,関東は週の後半　気温変化に注意を　31日（金）は冷たい雨,https://news.yahoo.co.jp/articles/eac48c377187ac759c57647f4fd0699c566a1e6a,5/29(水) 11:25
wmap,ウェザーマップ,強い台風1号　29日（水）昼過ぎ〜夕方　大東島地方に最接近　暴風・高波に警戒,https://news.yahoo.co.jp/articles/7ac850116a0713acac620bdc0d46a2b9d1716c16,5/29(水) 11:00
wmap,ウェザーマップ,【動画】29日の天気 - 晴れ間戻るも土砂災害などに注意　台風1号は夕方に大東島地方に最接近（29日7時更新）,https://news.yahoo.co.jp/articles/acc349dbff3c4e18d952008fbc353e8423044845,5/29(水) 7:31
wmap,ウェザーマップ,東日本　雨が止んでも土砂災害や河川の増水に注意,https://news.yahoo.co.jp/articles/7f82ae1172649e1857b69dc233b067c27eb1880b,5/29(水) 6:20
wmap,ウェザーマップ,強い台風1号　きょう29日(水)夕方　大東島地方に最接近　暴風・高波警戒,https://news.yahoo.co.jp/articles/624eb53a154ab3d50a33331927228b8aa50de410,5/29(水) 5:37
wmap,ウェザーマップ,29日(水)の天気　本州付近は晴れ間戻って気温上昇 広く夏日に　強い台風1号は夕方 大東島地方に最接近へ,https://news.yahoo.co.jp/articles/eb59fab1b46feb1d8b02a3259d6c783c8ca349ca,5/29(水) 5:32
wmap,ウェザーマップ,【動画】29日の天気 - 雨やんだ所も土砂災害に厳重警戒　東海は28日(火)夜にかけて線状降水帯発生おそれ続く（28日19時更新）,https://news.yahoo.co.jp/articles/a42852103bc7059f01e029611931ad23b59352c1,5/28(火) 19:07
wmap,ウェザーマップ,東海は28日（火）夜にかけて　線状降水帯発生のおそれ　土砂災害・河川の増水や氾濫に警戒,https://news.yahoo.co.jp/articles/0e3422782854e9b0d8b7bde5225ab1a84702ed22,5/28(火) 17:20
wmap,ウェザーマップ,強い台風1号　29日（水）に大東島地方に接近　強風や高波に注意・警戒,https://news.yahoo.co.jp/articles/05b55181c52739e99e5f1578ac2fdc8a3cd355a0,5/28(火) 16:19
wmap,ウェザーマップ,【動画解説】今夜にかけて線状降水帯発生のおそれ　大雨に厳重警戒,https://news.yahoo.co.jp/articles/f34afb08b7669af6eb4bd35c1102b4b16c94be62,5/28(火) 15:17
wmap,ウェザーマップ,太平洋側中心に　土砂災害など厳重警戒　関東や東北は暴風・高波にも警戒を,https://news.yahoo.co.jp/articles/bed15d9ad1e18547d385edbc302430d6dc2641a5,5/28(火) 11:11
wmap,ウェザーマップ,【動画】28日の天気 - 九州〜東北で大雨に警戒　線状降水帯発生のおそれも（28日7時更新）,https://news.yahoo.co.jp/articles/5711804ea7db54059bbe7658f6866e27841fc1d4,5/28(火) 7:25
wmap,ウェザーマップ,きょう(火)の天気　広く大雨　九州南部・奄美・四国・東海で線状降水帯発生のおそれも　土砂災害などに厳重警戒,https://news.yahoo.co.jp/articles/b651ce014604b77674291c989468f3e81ad98f12,5/28(火) 5:55
wmap,ウェザーマップ,九州南部・奄美・四国・東海で線状降水帯発生のおそれ　大雨災害の危険度が急激に高まる可能性も　土砂災害などに厳重警戒,https://news.yahoo.co.jp/articles/5ec5c1cf46bf5da5f06f0244cd63d4185d185079,5/28(火) 5:47
wmap,ウェザーマップ,【動画】28日の天気 - 九州南部・奄美に線状降水帯のおそれ　そのほかのエリアも大雨に（27日18時更新）,https://news.yahoo.co.jp/articles/6fe83c969d642f92c4e875495fb8652c364ccb1d,5/27(月) 18:33
wmap,ウェザーマップ,28日（火）にかけて　九州南部・奄美で線状降水帯発生のおそれ　全国的に大雨による土砂災害など厳重警戒,https://news.yahoo.co.jp/articles/cd3ab5859590f15ee5a868fdede9e65c2f5d2318,5/27(月) 17:06
wmap,ウェザーマップ,【動画解説】線状降水帯発生も　火曜は広く大雨警戒　台風1号は金曜日頃に東日本へ,https://news.yahoo.co.jp/articles/34634758dedbd3984614f02ba60dc79b28cedeac,5/27(月) 15:06
wmap,ウェザーマップ,東北から沖縄に「低温に関する早期天候情報」　来週は冷たい空気流れ込みやすく,https://news.yahoo.co.jp/articles/40c6dd13d2d28fcb8ced43fe1c560cc1db0c9146,5/27(月) 14:52
wmap,ウェザーマップ,九州南部　27日（月）夜〜28日（火）日中　『線状降水帯』発生のおそれ,https://news.yahoo.co.jp/articles/45694c119cfa74cb949e7ba41bf570ac1574781a,5/27(月) 11:46
wmap,ウェザーマップ,東・西日本の太平洋側　28日（火）は雨量多くなる　土砂災害・河川の増水など警戒を,https://news.yahoo.co.jp/articles/3c9f568b40ec7c8e91d79e479132d944ff59d8ff,5/27(月) 11:33
wmap,ウェザーマップ,【動画】27日の天気 - 東・西日本太平洋側で雨脚強まる所も　あす太平洋側で大雨警戒 台風1号は週末 伊豆諸島へ（27日7時更新）,https://news.yahoo.co.jp/articles/8c5e7eabfe60ed9d0fc7dd95a990db21bd9d50a7,5/27(月) 7:42
wmap,ウェザーマップ,29日（水）まで南西諸島〜東日本は土砂災害や低い土地の浸水に警戒,https://news.yahoo.co.jp/articles/8b2dbd5bda774dd09f70e898254354d346addd7e,5/27(月) 5:38
wmap,ウェザーマップ,27日（月）午前中は西日本や東海は非常に激しい雨のおそれ,https://news.yahoo.co.jp/articles/c3cbf494f1701f885e427d720a59084c9bf326c3,5/27(月) 5:24
wmap,ウェザーマップ,【動画】27日の天気 - 朝は西日本で激しい雨も　広い範囲で雨　南風で蒸し暑く（26日19時更新）,https://news.yahoo.co.jp/articles/33efa8105e0a6c93f82e430fc65aaa68f774ad6c,5/26(日) 18:55
wmap,ウェザーマップ,28日(火)は西日本〜関東で警報級大雨のおそれ　台風の影響で前線が活発化　土砂災害などに警戒,https://news.yahoo.co.jp/articles/60264186f6a02e0ba1d838d5caee5fd3ff92ea30,5/26(日) 17:31
wmap,ウェザーマップ,九州〜関東は水曜日ごろにかけ大雨のおそれ　前線活発化　台風1号も発生,https://news.yahoo.co.jp/articles/26b18efce92a656dfd6ecc0f701b3865589e3e55,5/26(日) 14:22
wmap,ウェザーマップ,【動画解説】水曜日にかけ九州〜関東 大雨のおそれ　土砂災害などに警戒,https://news.yahoo.co.jp/articles/9e0fd19ab7484c2451dedae75d63c0d583bead02,5/26(日) 13:55
wmap,ウェザーマップ,台風1号が発生中　週半ば暴風域伴い沖縄・大東島接近か　台風離れた九州〜関東も警報級大雨のおそれ,https://news.yahoo.co.jp/articles/e19147340ba9ea06a775b7d2ad5aface25ff6545,5/26(日) 11:48
wmap,ウェザーマップ,台風1号が発生　週半ば沖縄・大東島地方に接近か　本州付近も前線刺激され広範囲で大雨のおそれ,https://news.yahoo.co.jp/articles/ed8c42e72de2527d9d74219fedde56bbd3553dd6,5/26(日) 10:40
wmap,ウェザーマップ,【動画】26日の天気 - 日中は貴重な晴れ間　月〜水曜日は広く雨で大雨のおそれも（26日7時更新）,https://news.yahoo.co.jp/articles/25d29006c9885805063661344b3e81c3a4c3db4d,5/26(日) 8:02
wmap,ウェザーマップ,【動画】26日の天気 - 晴れ続き、洗濯日和　(土)以上に暑くなるところも（25日19時更新）,https://news.yahoo.co.jp/articles/ed96f10606757954ae1ac1d9ad404be5e9304092,5/25(土) 19:04
wmap,ウェザーマップ,【26日(日)の天気】日本海側中心に晴れて暑さ続く　九州〜東海はにわか雨の可能性,https://news.yahoo.co.jp/articles/c4c147a8b08d0580794ecbc10e6a3ee0c94b2398,5/25(土) 17:29
wmap,ウェザーマップ,土日は広範囲で晴れて真夏日も　週明けは台風や前線の影響で荒天のおそれ　週末の晴れ間有効に,https://news.yahoo.co.jp/articles/c4a3c3ab6ad89cf73ece231d2e49c2f8b0896965,5/25(土) 11:54
wmap,ウェザーマップ,【動画】25日の天気 - 全国的に晴天 関東〜西は広く25℃超　台風1号発生へ 発達しながら北上する予想（25日7時更新）,https://news.yahoo.co.jp/articles/ca7c40a10929c185a39d20d53c1674acd0103923,5/25(土) 8:07
wmap,ウェザーマップ,【動画】25日の天気 - 広く晴れて暑さ続く　南海上では台風の発生に注意（24日19時更新）,https://news.yahoo.co.jp/articles/d7c35116bb124fd516598800a8f1f96d9649562e,5/24(金) 19:11
wmap,ウェザーマップ,群馬県桐生で34.1℃を観測　今年の全国の最高気温を更新　土曜日は暑さトーンダウン　日本海側は寒暖差大,https://news.yahoo.co.jp/articles/afb5fc52d7b74d5973e4f2eb6fd5d4954a378174,5/24(金) 15:40
wmap,ウェザーマップ,【動画解説】来週 台風が沖縄接近のおそれ 西〜東日本でも大雨となる可能性,https://news.yahoo.co.jp/articles/3d0e67f41552e4f38e206e5ba96d2238d19dad96,5/24(金) 15:29
wmap,ウェザーマップ,週末の天気　広く晴れるも天気はゆっくり下り坂　九州は日曜日の午後から雨脚強まる　週明けの大雨への備えを,https://news.yahoo.co.jp/articles/1c0e483ab9455784c69f012a2304a2dbbf93f3ef,5/24(金) 15:20
wmap,ウェザーマップ,気温上昇中　関東で33℃予想も　東・北日本は急な雷雨に注意　熱帯低気圧は台風1号へ　来週前半に沖縄接近のおそれ,https://news.yahoo.co.jp/articles/77b796db759aac7b1b1c10a61f7fd884a904a0dc,5/24(金) 11:30
wmap,ウェザーマップ,【動画】24日の天気 -  関東から西 晴れて気温上昇　真夏日の所も 北日本は雨雲広がる（24日7時更新）,https://news.yahoo.co.jp/articles/a8f1a70d096acf89daf9b740b01332cbaec2e204,5/24(金) 7:37
wmap,ウェザーマップ,きょう(金)の天気　広く季節先取りの暑さで30℃超えも　沖縄・奄美は梅雨空　北陸・北日本も不安定な空模様に　熱帯低気圧は台風1号へ,https://news.yahoo.co.jp/articles/b7a44a4229470edf09e38eb0a87aec04e6421fbe,5/24(金) 5:13
wmap,ウェザーマップ,【動画】24日の天気 - 北と南で雨　晴れる地域は真夏日の所も　熱帯低気圧は台風1号へ（23日19時更新）,https://news.yahoo.co.jp/articles/004ef6946b59423c77fb02828b36c76ee338c5ff,5/23(木) 19:27
wmap,ウェザーマップ,台風1号発生へ　来週、沖縄に接近のおそれ,https://news.yahoo.co.jp/articles/063fb19fe917e53c1627f49e2e712b1d2241c4c9,5/23(木) 16:47
wmap,ウェザーマップ,【動画解説】あす(金)暑さアップ　台風1号発生へ　来週は台風が影響するおそれ,https://news.yahoo.co.jp/articles/45b7ef7464997fdc4ad4a21827b4b72a2c960871,5/23(木) 16:26
wmap,ウェザーマップ,あす24日(金)　関東から西で30℃以上の真夏日続出　東京23区で今年初の真夏日か,https://news.yahoo.co.jp/articles/e6b62cb158f99bee49ca142fdee3c4594d650b67,5/23(木) 16:19
wmap,ウェザーマップ,全国的に雨多い　東・西日本は気温の変動大きい予想　気象庁1か月予報,https://news.yahoo.co.jp/articles/edfb1ec7bccd33f421c84611d1961cfa4436b6f4,5/23(木) 14:47
wmap,ウェザーマップ,沖縄は梅雨入り早々大雨に　きょう(木)すっきりしない関東から西もあす(金)から週末は広く晴れ　週明けは大雨のおそれ,https://news.yahoo.co.jp/articles/b658d03ff855c5cbb27af70ca12f3d5e75d8b5a2,5/23(木) 11:42
wmap,ウェザーマップ,【動画】23日の天気 - 関東〜九州くもりや雨 東北は真夏日　八重山は今年全国初の熱中症警戒アラート（23日7時更新）,https://news.yahoo.co.jp/articles/af86433be669c260d78836b646b3d5efc45d9b83,5/23(木) 7:23
wmap,ウェザーマップ,沖縄は土砂災害などに警戒　九州〜関東 すっきりしない天気で蒸し暑く　東北や北陸は季節先取りの暑さ　真夏日予想も,https://news.yahoo.co.jp/articles/46ab6342375bb071ef846064f4fbf446ff5b5809,5/23(木) 5:28
wmap,ウェザーマップ,【動画】23日の天気 - 西〜東日本　太平洋側で雨の所も　東北と沖縄　最高気温30℃で真夏日も（22日18時更新）,https://news.yahoo.co.jp/articles/8ca95baefa1ec91936971383752be201caddabe6,5/22(水) 18:56
wmap,ウェザーマップ,【動画解説】最新3か月予報 今年も猛暑か　冷房の点検や設置、暑熱順化など早めに暑さへの備えを,https://news.yahoo.co.jp/articles/b4ad64a584e0242a07eae065eb7b9208726d9512,5/22(水) 13:56
wmap,ウェザーマップ,22日（水）午後は北日本も気温上昇　沖縄・奄美は23日（木）にかけて激しい雨　土砂災害など警戒・注意を,https://news.yahoo.co.jp/articles/3f745a0c74cdb8b48b94a7bc77306cbde9efe85c,5/22(水) 11:30
wmap,ウェザーマップ,【動画】22日の天気 - 沖縄・奄美は梅雨空　本州付近は暑い　30℃くらいまで上がる所も　熱中症に注意（22日7時更新）,https://news.yahoo.co.jp/articles/125c6a40d82c14d335c8b35846d0a971ae64eaba,5/22(水) 7:24
wmap,ウェザーマップ,22日(水)の天気　本州付近は広く晴れて汗ばむ陽気　沖縄・奄美は梅雨入り早々の大雨に注意,https://news.yahoo.co.jp/articles/8a4b4d037ae424c892d87dba37286e5f8dfc6547,5/22(水) 5:37
wmap,ウェザーマップ,【動画】22日の天気 - 梅雨入りした沖縄は大雨続くおそれ　本州付近は晴天と25℃以上の夏日続く（21日19時更新）,https://news.yahoo.co.jp/articles/817587f92f4cc3a2355f5ce9bd5d1c4616c1b1b5,5/21(火) 18:29
wmap,ウェザーマップ,東京都心28.9℃　今年一番の暑さ　週後半にかけても気温高い　体調管理を,https://news.yahoo.co.jp/articles/76a1658908b7061f658688662d7521710e99bf4e,5/21(火) 14:50
wmap,ウェザーマップ,今夏も厳しい暑さ・大雨災害への備えを　夏の天候見通し（気象庁）,https://news.yahoo.co.jp/articles/dacf9a21d927b7623115991b7dca3eb63547c114,5/21(火) 13:58
wmap,ウェザーマップ,【動画解説】本州も雨のシーズン近づく　沖縄・奄美で梅雨入り,https://news.yahoo.co.jp/articles/1936d5b9d0b4f42d34b702feeb74c256d7999c43,5/21(火) 13:32
wmap,ウェザーマップ,沖縄・奄美　22日（水）にかけて大雨のおそれ　西・東日本は週後半も暑さ続く,https://news.yahoo.co.jp/articles/10027896784a7945214740e56573c959f311cd30,5/21(火) 11:18
wmap,ウェザーマップ,沖縄・奄美が梅雨入り　平年より10日前後遅く　局地的に激しい雨のおそれ,https://news.yahoo.co.jp/articles/6c9c0c7905e484584eebc392274bf93914b24104,5/21(火) 11:02
wmap,ウェザーマップ,【動画】21日の天気 - 沖縄や奄美は梅雨入りへ　沖縄は大雨に警戒　関東から西で30℃近い暑さも（21日7時更新）,https://news.yahoo.co.jp/articles/a2fc76c61996902e3d3c3bfa0ec275fdf7793dbe,5/21(火) 7:26
wmap,ウェザーマップ,きょう（火）の天気　沖縄・奄美は梅雨入りへ　大雨による土砂災害などに注意　本州付近は太平洋側中心に晴れて夏日に,https://news.yahoo.co.jp/articles/edb25d01887019738cb4565aecc9ce4401bfd47e,5/21(火) 5:44
wmap,ウェザーマップ,【動画】21日の天気 - 晴れて関東でも夏日復活　沖縄・奄美は梅雨入りへ（20日18時更新）,https://news.yahoo.co.jp/articles/a4b2cd418b6f723060d6c63b5823509726e73b6a,5/20(月) 18:33
wmap,ウェザーマップ,九州南部〜沖縄に「高温に関する早期天候情報」　来週は一段と蒸し暑く,https://news.yahoo.co.jp/articles/cbd4b8502ea67ac632f08b3968f29ea6828f78e9,5/20(月) 14:49
wmap,ウェザーマップ,【動画解説】本州付近も湿度高めの暑さに　沖縄・奄美はまもなく梅雨入り,https://news.yahoo.co.jp/articles/e2d62270c90f0786042d65f8f2476d6326b43c11,5/20(月) 14:07
wmap,ウェザーマップ,関東は次第に天気回復　沖縄・奄美は21日（火）にかけて激しい雨のおそれ　梅雨入り近い,https://news.yahoo.co.jp/articles/3dfc469c5c4cfe3be551a49c5615615d2f74c185,5/20(月) 11:28
wmap,ウェザーマップ,【動画】20日の天気 - 関東甲信・東海で雨脚強まる所も　沖縄・奄美は梅雨入り間近（20日7時更新）,https://news.yahoo.co.jp/articles/e2498b8d3ef4aa37158d5ac7118e2d21ebdeece3,5/20(月) 7:22
wmap,ウェザーマップ,20日（月）朝は東海で激しい雷雨に注意　東日本と東北は広く雨,https://news.yahoo.co.jp/articles/a42643bf621c4792b7d7e9daf16b34084f403171,5/20(月) 5:24
wmap,ウェザーマップ,【動画】20日の天気 - 午前中は東日本や東北で本降りの雨　激しく降る所も　西日本は晴れて暑く（19日19時更新）,https://news.yahoo.co.jp/articles/52cc1e486811a383835da9c638d5c634ca37aba3,5/19(日) 18:56
wmap,ウェザーマップ,【20日(月)の天気】東〜北日本に雨雲　関東や東海は朝ザーザー降り　西日本は晴れて真夏日の所も,https://news.yahoo.co.jp/articles/a092a7698fc7d719dcc43da51517c519448ba99f,5/19(日) 17:30
wmap,ウェザーマップ,週明けは東〜北日本で本降りの雨も　沖縄や奄美は梅雨入り間近　大雨への備えを,https://news.yahoo.co.jp/articles/52ad622b73c349ac4d661f3d73e039f39a0884f5,5/19(日) 14:26
wmap,ウェザーマップ,【動画解説】沖縄や奄美は雨の季節へ　西〜東日本も蒸し暑い日多く,https://news.yahoo.co.jp/articles/3358f5ed475907662138b88b5050b71ec8dd146e,5/19(日) 14:01
wmap,ウェザーマップ,今夜は四国・近畿・東海で激しい雷雨のおそれ　週明けあす20日(月)朝は東日本〜東北で本降りの雨に,https://news.yahoo.co.jp/articles/496a261b423c13a9e67f7fc4a042b86a79cd4050,5/19(日) 11:40
wmap,ウェザーマップ,【動画】19日の天気 - 西・東日本で傘の出番　晴れる地域は暑さ続く（19日7時更新）,https://news.yahoo.co.jp/articles/827202b9c7cd4b57501496ce19bd23fc38da1057,5/19(日) 8:02
wmap,ウェザーマップ,【動画】19日の天気 - 西〜東日本の太平洋側中心に雨　関東甲信も午後は雨　北日本は厳しい暑さ続く（18日19時更新）,https://news.yahoo.co.jp/articles/366e8630158f2efc1ccb775fa27bce2f52d5b4b7,5/18(土) 19:48
wmap,ウェザーマップ,【19日(日)の天気】広範囲の晴天・暑さ一転　九州南部〜関東は天気下り坂で気温ダウン,https://news.yahoo.co.jp/articles/27f9f6609004dd0c76c0e1982c237692653a2b18,5/18(土) 17:20
wmap,ウェザーマップ,この先は気温変化大　東京都心は週明けにかけて約2か月分の気温変化　体調管理に注意,https://news.yahoo.co.jp/articles/cb51ffe2eb879467fb9d03b723dc4b37eaaccd78,5/18(土) 15:26
wmap,ウェザーマップ,【土日の天気】きょう広範囲で晴れて運動会日和　東京都心・大阪29℃予想など万全な熱中症対策を　あす中国・四国〜関東は天気下り坂,https://news.yahoo.co.jp/articles/272e5aa8175fb5d86f34d20d9ff93e4b6699b693,5/18(土) 11:28
wmap,ウェザーマップ,【動画】18日の天気 - 広く晴れて気温上昇 真夏日予想も　雨の降る沖縄では梅雨入りか（18日7時更新）,https://news.yahoo.co.jp/articles/d1efe2d32a5e211f277e45542d66d1e7f1d59027,5/18(土) 7:49
wmap,ウェザーマップ,【動画】18日の天気 - 広く青空　東京は今年一番の暑さに　熱中症に注意　沖縄は梅雨入りか（17日19時更新）,https://news.yahoo.co.jp/articles/7902fca155dd417c37fc02a49a1c110025aaa393,5/17(金) 19:30
wmap,ウェザーマップ,週末の天気　東京など今季一番の暑さに　北海道でも夏日予想　日曜日は太平洋側で雨の所も　沖縄は梅雨入り間近,https://news.yahoo.co.jp/articles/d44ff0e2b54f4443fd323d3a3c22e2effcef790e,5/17(金) 15:53
wmap,ウェザーマップ,【動画解説】沖縄・奄美は梅雨入り間近か　大雨シーズン到来 今のうちに備えを,https://news.yahoo.co.jp/articles/8da6a38d9b7521ed98685a3d9287cddda947a482,5/17(金) 15:45
wmap,ウェザーマップ,午後も北日本は急な雷雨に注意　土曜日は広く晴れて気温上昇　日差しと南風で今季一番の暑さになる所も,https://news.yahoo.co.jp/articles/800408d7a2a2397c317ed895c4a50b89b29e7985,5/17(金) 11:12
wmap,ウェザーマップ,【動画】17日の天気 - 北日本は大気不安定 雷雨や突風に注意　西〜東日本は晴れて夏日に（17日7時更新）,https://news.yahoo.co.jp/articles/8983423262e8aafa9782d606b1ad210033d1ae28,5/17(金) 7:44
wmap,ウェザーマップ,きょう(金)の天気　広く晴れるも北日本は大気不安定　急な強い雨や落雷・突風に注意　晴れる所は汗ばむ陽気に,https://news.yahoo.co.jp/articles/a7c01f9005312b5d973e6cdc1ef0f48f012f6f6f,5/17(金) 5:17
wmap,ウェザーマップ,【動画】17日の天気 - 寒冷渦接近　北陸・北日本で強い雨や風に注意　関東〜西日本　晴れて夏日続出（16日18時更新）,https://news.yahoo.co.jp/articles/1ed8cb24a810124fb9a7c8d000f95d1138f66b74,5/16(木) 18:58
wmap,ウェザーマップ,西〜北日本　局地的に雷雨のおそれ　竜巻などの激しい突風・降ひょう・急な強い雨に注意,https://news.yahoo.co.jp/articles/5a2e8303cbbf7c53d3058165b1a1c74fa70da07a,5/16(木) 16:15
wmap,ウェザーマップ,【動画解説】雷雨のち週末は夏の暑さ　北日本でも30℃以上の真夏日に,https://news.yahoo.co.jp/articles/653eed546a0963863022d6c9039635630ac455b7,5/16(木) 16:12
wmap,ウェザーマップ,全国的に高温続く　西日本の太平洋側〜沖縄は雨多い予想　大雨への備えを,https://news.yahoo.co.jp/articles/48b8707a42f87313df4edd95a7f082df1149a7b2,5/16(木) 14:36
wmap,ウェザーマップ,日本海側中心に天気急変のおそれ　落雷・突風・降ひょうに注意を,https://news.yahoo.co.jp/articles/25693f6ac8d655a95df68d971008995773639243,5/16(木) 11:20
wmap,ウェザーマップ,【動画】16日の天気 - 日本海側を中心に強い雨・雷雨注意　西・東日本で強い風 北陸はフェーン現象で30℃超も（16日7時更新）,https://news.yahoo.co.jp/articles/0cd44e2ae5181b81bc0fcbd7b5cae690c81e7efc,5/16(木) 7:45
wmap,ウェザーマップ,大気不安定　西〜北日本は天気の急変に注意　落雷や突風・ひょうのおそれも　北陸や北日本はあすにかけて雨や雷雨に,https://news.yahoo.co.jp/articles/53f7087a697f25fc1972cbae34b4cf06b6efa631,5/16(木) 5:36
wmap,ウェザーマップ,晴れていても急な強い雨や落雷に注意　大気不安定　各地で風も強まる　気温急降下も,https://news.yahoo.co.jp/articles/5e30f6ddd476e9f48051adcd4b80ced5e00fdf41,5/16(木) 5:25
wmap,ウェザーマップ,【動画】16日の天気 - 西〜北日本　大気非常に不安定　落雷・突風・ひょうなどに注意（15日18時更新）,https://news.yahoo.co.jp/articles/b4a7d9510e6835ef16a1cfd4c0e681a9b324651d,5/15(水) 18:47
wmap,ウェザーマップ,西〜北日本は非常に不安定　17日（金）にかけて天気急変のおそれ　落雷・突風・降ひょうに注意,https://news.yahoo.co.jp/articles/13a7a10fa523c6a159c1e2e023d171fd16915846,5/15(水) 17:04
wmap,ウェザーマップ,【動画解説】あす16日 西・東日本は落雷・突風注意　沖縄・奄美は週末頃に梅雨入りか,https://news.yahoo.co.jp/articles/c41b45723016db38c12f3798afaff782053e2c70,5/15(水) 12:58
wmap,ウェザーマップ,16日（木）は　本州付近で非常に不安定　落雷・突風・急な強い雨・降ひょうに注意を,https://news.yahoo.co.jp/articles/4e8a43ac685e77c8627a805028f6e233bfb1a680,5/15(水) 11:18
wmap,ウェザーマップ,【動画】15日の天気 - 五月晴れも午後は天気下り坂　雨具を　気温は高めで夏日続出（15日7時更新）,https://news.yahoo.co.jp/articles/1dc80dc87046995dc81cb0de53d0572cccc8d6f4,5/15(水) 7:35
wmap,ウェザーマップ,あす16日(木)　西日本・東日本は非常に不安定　落雷や竜巻などの激しい突風・急な強い雨・降ひょうに注意,https://news.yahoo.co.jp/articles/805d71a3f95ef8a8ea0788703ff2c0e9583f0d98,5/15(水) 5:44
wmap,ウェザーマップ,15日(水)の天気　全国的に晴れて初夏の陽気　関東など太平洋側は晴雨兼用の傘があると安心,https://news.yahoo.co.jp/articles/11c61f0a95505d8b66aeb253d2829f5e3112b9f1,5/15(水) 5:36
wmap,ウェザーマップ,【動画】15日の天気 - 午後は西〜東日本で雨具あると安心　一日の寒暖差大　最高気温は前日よりアップ（14日19時更新）,https://news.yahoo.co.jp/articles/0732f4e2e0e8b66a7a1d9382f23a8a2fe46bde88,5/14(火) 19:31
wmap,ウェザーマップ,【動画解説】今週は寒冷渦に注意！　急な雷雨にご用心,https://news.yahoo.co.jp/articles/905099affa064f5df4086cf69e248f35c8d4fdb0,5/14(火) 12:28
wmap,ウェザーマップ,きょう（火）はすっきり青空　15日（水）夜〜16日（木）は大気不安定　天気急変に注意,https://news.yahoo.co.jp/articles/12bba7c87ef164c042cd10b7f2c0082ad137af95,5/14(火) 11:18
wmap,ウェザーマップ,【動画】14日の天気 - 晴れてカラッとした陽気に　西日本では夏日の所も　気温の変化大きく（14日7時更新）,https://news.yahoo.co.jp/articles/45e049e6a17fe68d17382254604cacefc24dcb58,5/14(火) 7:29
wmap,ウェザーマップ,きょう(火)の天気　日差し復活　全国的に五月晴れ　紫外線に注意　気温上昇で初夏らしい陽気に,https://news.yahoo.co.jp/articles/780c1a8cdb946a8506390e55d16b563a316539f4,5/14(火) 5:20
wmap,ウェザーマップ,【動画】14日の天気 - カラリと晴天　洗濯日和　関東も次第に青空戻る（13日18時更新）,https://news.yahoo.co.jp/articles/43cb5b2089c191167e5f4201641f9ffbc8e29f25,5/13(月) 18:36
wmap,ウェザーマップ,関東甲信　14日（火）明け方にかけて　土砂災害・低地の浸水・河川の増水に注意・警戒,https://news.yahoo.co.jp/articles/789c3d3b8df02b05159c5269d47bf039ea561f2d,5/13(月) 17:03
wmap,ウェザーマップ,【動画解説】晴れると暑い　土日は真夏日も　今週は晴れる日多い,https://news.yahoo.co.jp/articles/c7930b1fc563cce5f05d8b6fd7c56c5e7b55e095,5/13(月) 15:09
wmap,ウェザーマップ,週末以降は気温高い日多い　広範囲に「高温に関する早期天候情報」,https://news.yahoo.co.jp/articles/05b5a818840bc5afa6140e53988f9b49f252925a,5/13(月) 14:49
wmap,ウェザーマップ,東海や関東は13日（月）夜にかけて大雨　土砂災害や道路の冠水に注意・警戒を　14日（火）は全国的に晴天,https://news.yahoo.co.jp/articles/a8122463a2855a32b43ef43b15a6540bbcf9a616,5/13(月) 11:22
wmap,ウェザーマップ,【動画】13日の天気 - 関東・東海中心に今年一番の大雨も　道路の冠水や土砂災害などに注意・警戒（13日7時更新）,https://news.yahoo.co.jp/articles/4031cf939ce94e13172be324205fc7457faf60ef,5/13(月) 7:22
