media_en,media_jp,title_articles,link_articles,date_original
wmap,ウェザーマップ,【動画解説】ゴールデンウィーク後半 広く晴れてお出かけ日和　夏日の日も 暑さと紫外線注意,https://news.yahoo.co.jp/articles/2a8fd033abbcb9a7d3b8b52096c44f3f2499fa93,5/1(水) 12:45
wmap,ウェザーマップ,2日（木）は天気回復　GW後半は行楽日和に　東・西日本は暑さ戻る,https://news.yahoo.co.jp/articles/1ebc243f766461f6e068c0453f7b2364e3fb1358,5/1(水) 11:12
wmap,ウェザーマップ,【動画】1日の天気 - 西から雨雲広がる　気温が急降下する所も　5月は東・西日本で雨スタート（1日7時更新）,https://news.yahoo.co.jp/articles/6ad86e4fcde8f1c244f7ea78627d98542375ad28,5/1(水) 7:34
wmap,ウェザーマップ,1日(水)の天気　5月は広く雨スタート　雨で気温右肩下がり上着必須　大型連休後半は晴天多く暑い,https://news.yahoo.co.jp/articles/fe7eea17f11cf9176bb3201d10788e3f6a1cacb4,5/1(水) 5:36
wmap,ウェザーマップ,【動画】1日の天気 - 5月は沖縄〜東日本で雨スタート　空気はややヒンヤリ　GW後半は日差しと暑さ戻る（30日19時更新）,https://news.yahoo.co.jp/articles/f5bae91059cf039105be5819bab5b609ccb39bf5,4/30(火) 18:44
wmap,ウェザーマップ,東北〜九州に「高温に関する早期天候情報」　来週後半も季節先取りの暑さ,https://news.yahoo.co.jp/articles/1278b1cbb13bb11b91de6bcb9f06a09b928d018a,4/30(火) 14:38
wmap,ウェザーマップ,【動画解説】5月スタートは冷たい雨　激しい寒暖差に注意,https://news.yahoo.co.jp/articles/035c9e79e9022cae9aa6e84e511553b2906d573c,4/30(火) 13:27
wmap,ウェザーマップ,2日（木）から5日（こどもの日）は晴天続く　連休最終日の6日（月）は天気荒れるおそれ,https://news.yahoo.co.jp/articles/7c03b887e7465c8600f2ff16805f0e8363a3ed7d,4/30(火) 11:16
wmap,ウェザーマップ,【動画】30日の天気 - 全国的にすっきりしない天気　にわか雨に注意　関東は暑さおさまる（30日7時更新）,https://news.yahoo.co.jp/articles/3ad54732d5acdb0244f0b0b759b67571729b824f,4/30(火) 7:40
wmap,ウェザーマップ,きょうの天気　連休谷間の火曜日はスッキリしない空模様　折りたたみ傘の準備を　季節外れの暑さはおさまる,https://news.yahoo.co.jp/articles/137a8714f81f9379f12818ea0e4200b40e91f636,4/30(火) 5:28
wmap,ウェザーマップ,【動画】30日の天気 - 雲が優勢　傘の出番の所も　朝は関東・東海・近畿を中心に雨（29日18時更新）,https://news.yahoo.co.jp/articles/c081c306c8d7e1cac0ec0d0ffe48381e820b323e,4/29(月) 19:14
wmap,ウェザーマップ,【動画解説】中頃は曇りや雨　後半は再び暑い　ゴールデンウィークの天気,https://news.yahoo.co.jp/articles/ec07775cd40f8f51e8a7628fd0b75e33ce0d5597,4/29(月) 15:50
wmap,ウェザーマップ,5月1日（水）まで　天気安定しない　2日（木）〜5日（こどもの日）は広く晴天,https://news.yahoo.co.jp/articles/89c74d171d81f5f030053fe0ae4d58377d1a52c8,4/29(月) 11:12
wmap,ウェザーマップ,【動画】29日の天気 - 東日本・東北で季節外れの暑さ続く　西日本は雨 九州は雷雨の所も（29日7時更新）,https://news.yahoo.co.jp/articles/ae92f61209ce69814ab0530c73fbdc5c21e890dc,4/29(月) 7:12
wmap,ウェザーマップ,29日（昭和の日・月）西日本は雨　関東甲信は真夏日の所も　暑さ続く,https://news.yahoo.co.jp/articles/7d20ab0d3da55c58008ee48fa46628cc431b03c8,4/29(月) 5:23
wmap,ウェザーマップ,【動画】29日の天気 - 関東甲信中心に暑さに注意　30℃近い所も　西日本や沖縄は激しい雨も（28日19時更新）,https://news.yahoo.co.jp/articles/9da1eda4fc85b3dbd638984fad6c91fb4d2c0bb4,4/28(日) 19:40
wmap,ウェザーマップ,【29日(月・祝)の天気】西日本は本降りの雨　雷雨の所も　関東など晴れて夏日続く　車内の熱中症など注意,https://news.yahoo.co.jp/articles/d5df713bc7752ddb4b25b35ee9badbedf31deba1,4/28(日) 17:29
wmap,ウェザーマップ,【動画解説】29日も東日本を中心に暑さ続く　連休後半は広く晴れて再び夏日に,https://news.yahoo.co.jp/articles/9a36f6463adb42a3a17af5e4742cacbf32db2be7,4/28(日) 15:09
wmap,ウェザーマップ,群馬県桐生市で30.5℃　関東で今年初の真夏日に　各地で季節先取りの暑さ　熱中症に注意,https://news.yahoo.co.jp/articles/890632afde54edada65169b82c6810cd938f6162,4/28(日) 13:29
wmap,ウェザーマップ,GW2日目は京都や名古屋など30℃予想　今年初の真夏日が続出か　熱中症対策万全に,https://news.yahoo.co.jp/articles/88398208488f87985c227cc8883a982a474351db,4/28(日) 11:43
wmap,ウェザーマップ,【動画】28日の天気 - 広く晴れて気温上昇　真夏日も　京都・岐阜で31℃　沖縄は雷雨に注意（28日7時更新）,https://news.yahoo.co.jp/articles/5b09c46e8dbac214a3cf81b98a6bd7c07e4fab55,4/28(日) 7:59
wmap,ウェザーマップ,【動画】28日の天気 - 東海・関東甲信・東北南部で30℃予想　前線は下がり気温が上がる GW中一番の高温に（27日19時更新）,https://news.yahoo.co.jp/articles/d0a77953536291aa828824f45b52da08f67774ce,4/27(土) 19:39
wmap,ウェザーマップ,あす28日(日)　北日本の記録的な暑さは落ち着く　東・西日本はGW一番の暑さか,https://news.yahoo.co.jp/articles/3956418f628ee2208352bdccb9edcb9feeca33d0,4/27(土) 16:11
wmap,ウェザーマップ,【GW天気】コロコロ変わる　GW前半一番の行楽日和はあす28日(日)　沖縄は梅雨のはしり,https://news.yahoo.co.jp/articles/94900ac017dfa5782288885f97af870c44476582,4/27(土) 11:49
wmap,ウェザーマップ,【動画】27日の天気 - GW初日 関東から西は曇りや雨　北日本は晴れるも 黄砂や暑さに注意（27日7時更新）,https://news.yahoo.co.jp/articles/bc45c958655bae129dfd5e9dd605bfa6fa30d3f7,4/27(土) 8:14
wmap,ウェザーマップ,【動画】27日の天気 - GW初日　西〜東日本は雲多く25℃前後（26日19時更新）,https://news.yahoo.co.jp/articles/bde0657dffe72db9e69c972eb7ffc4fb54960252,4/26(金) 19:35
wmap,ウェザーマップ,ゴールデンウィークは天気も気温も変わりやすい　中頃は全国的に傘の出番で雨・風強まる所も　日ごとの寒暖差にも注意,https://news.yahoo.co.jp/articles/9caed79bb89f1d5bd7b540792b27e6587004264c,4/26(金) 16:42
wmap,ウェザーマップ,【動画解説】紫外線強まる 注意したい場所は？ ゴールデンウィーク 屋外のレジャーは対策を,https://news.yahoo.co.jp/articles/c5f474d8283a8a561e9ec6fc9c1bf8452f65941f,4/26(金) 15:21
wmap,ウェザーマップ,4月なのに真夏日予想　急な暑さで熱中症のリスク高まる　熱中症にならないためには？　新たな警戒情報も,https://news.yahoo.co.jp/articles/941043f7922c12993042dbd1c979e51445762fa4,4/26(金) 11:27
wmap,ウェザーマップ,【動画】26日の天気 - さらに気温高く 東北で真夏日予想も　急な暑さに注意　北〜東日本には黄砂も（26日7時更新）,https://news.yahoo.co.jp/articles/31435152d9eee80d59f1a7923a0eb61af7d25602,4/26(金) 7:48
wmap,ウェザーマップ,きょう(金)の天気　東北などで30℃予想　4月なのに真夏並みの暑さに　東・北日本は広く晴れるも黄砂に注意　西日本の天気は下り坂,https://news.yahoo.co.jp/articles/c4154e48c40303507b671566d225771e69d76900,4/26(金) 5:22
wmap,ウェザーマップ,【動画】26日の天気 - 東北で真夏日も　福島・山形30℃　西からゆっくり天気下り坂（25日18時更新）,https://news.yahoo.co.jp/articles/f90fa4d6b28990855880311004c032875b261a31,4/25(木) 18:40
wmap,ウェザーマップ,【動画解説】ゴールデンウィーク　前半にかけ気温の変化大きい　後半は晴れる日が多く,https://news.yahoo.co.jp/articles/b71b5c4da6b13620ad7e08b467454d60196fc97c,4/25(木) 16:19
wmap,ウェザーマップ,5月上旬にかけて　全国的に気温かなり高い　沖縄・奄美は雨の季節早まる傾向か　気象庁1か月予報,https://news.yahoo.co.jp/articles/a871f3a10734316e609a92ff56d176f0625a2d4c,4/25(木) 14:37
wmap,ウェザーマップ,急な暑さに注意　内陸で30℃超の所も　26日（金）は黄砂が飛来,https://news.yahoo.co.jp/articles/0a82a0fcd5a7396baad412e5c92e5422f38ae633,4/25(木) 11:19
wmap,ウェザーマップ,【動画】25日の天気 - 関東〜九州で安定晴れ 真夏日の所も　北日本は広く くもりや雨（25日7時更新）,https://news.yahoo.co.jp/articles/e99f476d3069f07ffa079a28602195c24af71a86,4/25(木) 7:23
wmap,ウェザーマップ,26(金)〜27日(土)にかけて　東〜北日本では黄砂に注意,https://news.yahoo.co.jp/articles/24a4907f609477db198e30590d738166e21b5d7d,4/25(木) 5:44
wmap,ウェザーマップ,西〜東日本晴れて初夏の陽気　関東甲信は気温急上昇　甲府31℃ 東京26℃予想　急な暑さに注意　気温変化大きく,https://news.yahoo.co.jp/articles/62f476fae4c956e34a06c19297e9f1656d07224b,4/25(木) 5:29
wmap,ウェザーマップ,【動画】25日の天気 - 西・東日本は天気回復　関東から西は夏日も　水曜より10℃以上高い所も（24日18時更新）,https://news.yahoo.co.jp/articles/63670fd365a0c55f9db4e1a041526e0696859ab4,4/24(水) 18:53
wmap,ウェザーマップ,甲府31℃・さいたま28℃予想　25日（木）は関東甲信を中心に気温が急上昇,https://news.yahoo.co.jp/articles/269c65a54cb56234b59ef3cd630a8216b6a6e88f,4/24(水) 17:11
wmap,ウェザーマップ,【動画解説】ゴールデンウィーク 低い山でも遭難に注意　登山は天気急変と凍結による滑落や低体温症などのおそれ,https://news.yahoo.co.jp/articles/fba1955b6dfb2b0455590c448fbfc515745d843d,4/24(水) 14:54
wmap,ウェザーマップ,肌寒い関東甲信　25日(木)は一転して気温上昇　甲府は30℃予想　大きな気温変化に注意を,https://news.yahoo.co.jp/articles/6225cdd7329c70367771788d6e2dcda6e25fb448,4/24(水) 11:17
wmap,ウェザーマップ,【動画】24日の天気 - 雨雲通過中　北日本の天気も下り坂　関東は昼間も空気ヒンヤリ（24日7時更新）,https://news.yahoo.co.jp/articles/a57c0a63d9464db4bf2c6a760f242c2efd694b41,4/24(水) 7:19
wmap,ウェザーマップ,24日(水)の天気　雨域が東へ広がり全国的に傘の出番　雨・風が強まる所も　関東は昼間も上着必須,https://news.yahoo.co.jp/articles/5bfdb832629fb6c1087c2a752961dc57b51eda39,4/24(水) 5:36
wmap,ウェザーマップ,【動画】24日の天気 - 本降りの雨広がる　気温変化は小　愛媛は少しの雨でも土砂災害に十分注意（23日19時更新）,https://news.yahoo.co.jp/articles/5101912a9865e7a7e82fc9bc501d22be4e4c17c3,4/23(火) 19:44
wmap,ウェザーマップ,【動画解説】東京一の藤棚が見ごろ　まもなく始まるゴールデンウィークは暑さに注意,https://news.yahoo.co.jp/articles/87b24f78ab4946e9b141111def230535213e2103,4/23(火) 14:29
wmap,ウェザーマップ,今夏も全国的に暑い　西日本の太平洋側〜沖縄は梅雨活発か　気象庁3か月予報,https://news.yahoo.co.jp/articles/d798687be3ea3d5183420fe177d01020b24256d8,4/23(火) 13:57
wmap,ウェザーマップ,西日本〜沖縄　24日（水）にかけて激しい雷雨のおそれ　25日（木）以降は全国的に気温アップ,https://news.yahoo.co.jp/articles/2a93f4808b4cd091a63feae1f49f16f8f58fc839,4/23(火) 11:14
wmap,ウェザーマップ,【動画】23日の天気 - 西日本や東海中心に雨雲広がる　太平洋側は激しい雨も　関東も雨具と上着を（23日7時更新）,https://news.yahoo.co.jp/articles/aba81c5f0d7d31cb632d1b7aa7cde1c9a1041f99,4/23(火) 7:19
wmap,ウェザーマップ,きょう(火)の天気　西日本を中心に雨　激しい雷雨も　東日本も雲が主役で関東はヒンヤリ体感,https://news.yahoo.co.jp/articles/b9616973c348bf655857ae5d3b7a5e93b293474b,4/23(火) 5:23
wmap,ウェザーマップ,【動画】23日の天気 - 西日本の太平洋側で激しい雨　東日本も雲多く にわか雨も（22日18時更新）,https://news.yahoo.co.jp/articles/83f0cb1478a396ada6d5d0640166e3b6ac9b784f,4/22(月) 18:31
wmap,ウェザーマップ,【動画解説】今週は雨のち暑さ　夏日続く所も　週中頃は雨・風強まる,https://news.yahoo.co.jp/articles/688d53a002c4b4da5320cb0eac1f3d0bc333df8c,4/22(月) 15:46
wmap,ウェザーマップ,四国〜沖縄に「高温に関する早期天候情報」　大型連休前半は気温高い,https://news.yahoo.co.jp/articles/749b8cd33aba11532777a9cdecc7ef770da951a7,4/22(月) 14:32
wmap,ウェザーマップ,今週前半は雨の降る地域多い　23日（火）夜は四国で雨強まるおそれも,https://news.yahoo.co.jp/articles/cb922cede26e5a3ed02c98878e97e0650353ba54,4/22(月) 11:14
wmap,ウェザーマップ,【動画】22日の天気 - 関東で断続的に雨 気温上がらず　東海・西日本もにわか雨　週前半は強雨も（22日7時更新）,https://news.yahoo.co.jp/articles/4e53cfb7649c1b0403abbb9432c6506c5558ceeb,4/22(月) 7:01
wmap,ウェザーマップ,22日（月）関東は雨と北風で気温大幅ダウン　若葉寒,https://news.yahoo.co.jp/articles/77a6beb3c62dd127d940c453b05792b18cba7ab5,4/22(月) 5:23
wmap,ウェザーマップ,【動画】22日の天気 - 関東は雨で気温上がらず　日中もひんやり　西〜東日本 にわか雨も（21日19時更新）,https://news.yahoo.co.jp/articles/75aee6d93d65081fd04fb5c9565b95bdddaef7c8,4/21(日) 19:08
wmap,ウェザーマップ,23日(火)〜25日(木)　広範囲で雨風強まり荒天のおそれ　地震の揺れが大きかった四国は土砂災害に注意,https://news.yahoo.co.jp/articles/5004a5742eda821175ee95a30969c181fb5319cd,4/21(日) 17:49
wmap,ウェザーマップ,西から雨雲広がる　夜から関東も本降りの雨に　火〜水曜日 雨や風強まるおそれ　週後半は再び夏日に,https://news.yahoo.co.jp/articles/6ae47f1d75247a3504d51fb06ff01c24d67fea26,4/21(日) 14:50
wmap,ウェザーマップ,【動画解説】火〜水曜日 雨や風強まり荒れた天気に　週の後半は再び夏日予想　急な暑さに注意,https://news.yahoo.co.jp/articles/b8c60ee1f695eebde107eb9428714aec698a46e1,4/21(日) 14:12
wmap,ウェザーマップ,この先は西〜北日本の広範囲で春の嵐のおそれ　四国や九州は土砂災害に十分注意,https://news.yahoo.co.jp/articles/fc60d375f3affb40015e43c5463dd3163aa5000e,4/21(日) 11:47
wmap,ウェザーマップ,22日(月)・23日(火)未明中心　4月こと座流星群が見頃　東北は二夜とも晴れて流れ星チャンスあり,https://news.yahoo.co.jp/articles/c53bbc510af12997e61f0163176b0dd8aed155dd,4/21(日) 10:20
wmap,ウェザーマップ,【動画】21日の天気 - 西日本・東日本で雨　関東も夜は雨に　週中頃は再び広範囲で雨予想（21日7時更新）,https://news.yahoo.co.jp/articles/841cdedc239bb81d77497c28c4a6c2ff7b5976d4,4/21(日) 8:05
wmap,ウェザーマップ,【動画】21日の天気 - 気温ダウン　西日本や東日本で雨具の出番（20日19時更新）,https://news.yahoo.co.jp/articles/4fb0f69271d2f1ba15ccb8961967cb4430646b07,4/20(土) 20:02
wmap,ウェザーマップ,【21日(日)の天気】西〜東日本の太平洋側中心に雨　関東は夜本降りに　東日本は気温大幅ダウン,https://news.yahoo.co.jp/articles/0d35d15136a912680360a1cdaee3347bab17e4ba,4/20(土) 17:24
wmap,ウェザーマップ,【ゴールデンウィークの天気】全国的に気温高い大型連休　東〜北日本は前半ほど晴れてお出かけ日和　西日本は雨の日多い,https://news.yahoo.co.jp/articles/021baae121d107bfec5e9018360bf8c1eea4bc73,4/20(土) 15:01
wmap,ウェザーマップ,【土日の天気】きょう東日本は東京都心26℃など夏日続出　あすにかけて西から雨雲広がる　九州南部では激しい雷雨,https://news.yahoo.co.jp/articles/892a9d20c666e79f90c70b82e7c1e878431d22fa,4/20(土) 11:29
wmap,ウェザーマップ,【動画】20日の天気 - 西日本は天気が下り坂　晴れる地域は日差しの有効活用を（20日7時更新）,https://news.yahoo.co.jp/articles/fe479a7a0dc9cf658c2f306fe582a75e9baacfb0,4/20(土) 8:11
wmap,ウェザーマップ,【動画】20日の天気 - 近畿・東海・関東甲信で夏日予想　広く日差し届くも西日本は天気下り坂（19日19時更新）,https://news.yahoo.co.jp/articles/19e7c693127728da9610a404f8e0fccdfb6a62bc,4/19(金) 19:54
wmap,ウェザーマップ,週末は西から天気下り坂　お出かけはあす（土）がおすすめ　初夏の陽気続く　急な暑さに注意,https://news.yahoo.co.jp/articles/ba31b58af744cc53e5d325f4a248ae19a08b145a,4/19(金) 17:14
wmap,ウェザーマップ,【動画解説】熱中症特別警戒アラート開始　来週にかけても夏日 「暑熱順化」を,https://news.yahoo.co.jp/articles/23302e9336ce973c7ac22432ab84778e0c75f0af,4/19(金) 15:58
wmap,ウェザーマップ,西日本で今年初の真夏日　広島・加計で30.1℃,https://news.yahoo.co.jp/articles/daab9c05acf4a934635dbc28b821f851483fe9a0,4/19(金) 15:09
wmap,ウェザーマップ,関東から西でカラッと晴天　週末からは一転ぐずついた天気で　貴重なたっぷりの日差しに,https://news.yahoo.co.jp/articles/0da1291a4f7567c01f323102c88f0d37d968a69d,4/19(金) 11:47
wmap,ウェザーマップ,【動画】19日の天気 - 関東から西は晴れて初夏の陽気　東〜北日本は強い北風に注意（19日7時更新）,https://news.yahoo.co.jp/articles/490bdf9ee17f90866dc097b78ba0f0daaff5176f,4/19(金) 7:34
wmap,ウェザーマップ,19日（金）晴れても黄砂に注意　　関東以西は初夏の陽気,https://news.yahoo.co.jp/articles/b7fb64b877f8c662ef3af8d02b4aeee9c4ea2ee9,4/19(金) 5:08
wmap,ウェザーマップ,【動画】19日の天気 - 東・西日本は晴れて初夏の暑さ　北日本は花曇り（18日18時更新）,https://news.yahoo.co.jp/articles/22ed3d25696fa4107769f211e6d31ddb5d16a158,4/18(木) 17:59
wmap,ウェザーマップ,【動画解説】週末にかけて天気下り坂　愛媛県や高知県も土日は雨に,https://news.yahoo.co.jp/articles/980d09d29dc67d4e0f9c740e8a39d12be2e13bce,4/18(木) 17:07
wmap,ウェザーマップ,大型連休前半　全国的に気温かなり高い　気象庁1か月予報,https://news.yahoo.co.jp/articles/09ca0eaea91e368b4fbb199c51e424a07b98af53,4/18(木) 14:39
wmap,ウェザーマップ,広範囲に黄砂　19日（金）にかけても　見通し悪くなるおそれ,https://news.yahoo.co.jp/articles/a4784bdb9d22761f88467ba1a5055917d98dc0ee,4/18(木) 11:24
wmap,ウェザーマップ,東日本の太平洋側　今夜にかけて雨雲広がる　19日（金）は関東以西で初夏の晴天,https://news.yahoo.co.jp/articles/598778755c0c5764e68fca4e3821ad9358e0ab3d,4/18(木) 11:15
wmap,ウェザーマップ,【動画】18日の天気 - 関東など東日本を中心ににわか雨　各地で黄砂　高知・愛媛は午前中 雨の所も（18日7時更新）,https://news.yahoo.co.jp/articles/05b5efa995ea144ba854e4efeb680fc2ca41037f,4/18(木) 7:21
wmap,ウェザーマップ,関東や東海などでにわか雨や雷雨に注意　関東は雲多く北風ひんやり　広い範囲に黄砂飛来か,https://news.yahoo.co.jp/articles/dcd59738a45d54557a459b06c748cc895ff3d931,4/18(木) 5:24
wmap,ウェザーマップ,【動画】18日の天気 - 木曜日にかけて黄砂に注意　関東は雨具を持って（17日18時更新）,https://news.yahoo.co.jp/articles/2dc0c561bec56da660d80e1cbe8a7ef41cc10068,4/17(水) 18:50
wmap,ウェザーマップ,関東甲信は非常に不安定　17日（水）夜遅くにかけて　落雷・突風・降ひょうに注意,https://news.yahoo.co.jp/articles/8a779e5e9b37aedec2c2779cd8db2e7b50c2e21f,4/17(水) 16:51
wmap,ウェザーマップ,広い範囲に黄砂飛来　18日（木）にかけても見通し悪くなるおそれ,https://news.yahoo.co.jp/articles/a95baed03ec73b6df362dbe3b83ea0c306e82cfe,4/17(水) 16:36
wmap,ウェザーマップ,【動画解説】あすにかけて 全国的に黄砂に注意　黄砂による視界の悪化　呼吸器疾患やアレルギー対策も,https://news.yahoo.co.jp/articles/3b541f95bbee2c94ab6bd16d12b9f2aa911e3ca7,4/17(水) 14:29
wmap,ウェザーマップ,関東甲信　17日（水）午後も天気急変のおそれ　18日（木）にかけて黄砂飛来,https://news.yahoo.co.jp/articles/0145a399b3813e51afc843b5cccaad579bb7821f,4/17(水) 11:18
wmap,ウェザーマップ,【動画】17日の天気 - 西から晴天広がるも黄砂飛来のおそれ　関東は朝まで天気の急変に注意（17日7時更新）,https://news.yahoo.co.jp/articles/451fea1cb7d85632afffeb8e3d73b3cc03eba159,4/17(水) 7:38
wmap,ウェザーマップ,17日(水)の天気　関東や北日本は変わりやすい天気　晴れ間戻る地域は気温上昇　黄砂飛来にも注意,https://news.yahoo.co.jp/articles/9fbb8fc8bcf04fee6382ae1f9f405b9327208fdf,4/17(水) 5:42
wmap,ウェザーマップ,西日本・東日本で大気非常に不安定　落雷・突風・降ひょう・激しい雨に注意を,https://news.yahoo.co.jp/articles/239765351f0cd7c79682190323a36227ac33ac66,4/17(水) 5:23
wmap,ウェザーマップ,【動画】17日の天気 - 雷雨・黄砂・季節先取りの暑さ注意　関東や東北は朝の通勤・通学時は土砂降りに（16日19時更新）,https://news.yahoo.co.jp/articles/e4539365c3b1d76b7b93a41ed5a741d21d8927dc,4/16(火) 18:39
wmap,ウェザーマップ,西・東日本　17日（水）にかけて　落雷・突風・降ひょう・急な強い雨に注意を,https://news.yahoo.co.jp/articles/58023be5b70f83edad7858b4f7aaa9851b34b74d,4/16(火) 17:03
wmap,ウェザーマップ,【動画解説】交通障害のおそれも　列島広範囲に黄砂飛来へ,https://news.yahoo.co.jp/articles/2a5643a43f5cf003ece018fac2906a9915c66439,4/16(火) 13:02
wmap,ウェザーマップ,天気急変のおそれ　17日（水）は関東も不安定　落雷や突風に注意を　黄砂飛来も,https://news.yahoo.co.jp/articles/0d0860498f41db47304921be03a8e6de9ffb7ae9,4/16(火) 11:10
wmap,ウェザーマップ,【動画】16日の天気 - 晴れ間があっても天気急変に注意　大気不安定　夏日の所も（16日7時更新）,https://news.yahoo.co.jp/articles/f2614819d227d39e34c8da4774a3eb5ff22aae43,4/16(火) 7:30
wmap,ウェザーマップ,18日(木)にかけて北〜西日本の広い範囲で黄砂予想　交通障害などに注意,https://news.yahoo.co.jp/articles/290203401acfea60230ffdc3b3b0c1de7afa9245,4/16(火) 6:20
wmap,ウェザーマップ,西・東日本　水曜日にかけて大気非常に不安定　急な強い雨・落雷などに注意,https://news.yahoo.co.jp/articles/6b58a0f7edc7680c46e00ab1fe400f5e1ddbf14d,4/16(火) 5:44
wmap,ウェザーマップ,きょう(火)の天気　気温高く夏日が続く所も　天気は変わりやすく雷雨に注意　夜以降は黄砂飛来も,https://news.yahoo.co.jp/articles/e2081b1f089bbdabc389e6e11f509f5248922be3,4/16(火) 5:39
wmap,ウェザーマップ,【動画】16日の天気 - 天気急変に注意　夏日の所も　夜からは黄砂エリア拡大の可能性（15日18時更新）,https://news.yahoo.co.jp/articles/f74e7f27bf8c0990e1418d268a0e347fb2b0c517,4/15(月) 18:20
wmap,ウェザーマップ,屋久島（鹿児島）で1時間に120ミリ以上の猛烈な雨　記録的短時間大雨情報,https://news.yahoo.co.jp/articles/ceb51fb3b45ae99e10cfa064a849fcbc15a58187,4/15(月) 16:57
wmap,ウェザーマップ,西日本中心に大気非常に不安定　17日（水）にかけて　落雷・突風・降ひょうに注意を,https://news.yahoo.co.jp/articles/e3ec280634e8ea4be8c864ea2e9b8e338bb48578,4/15(月) 16:31
wmap,ウェザーマップ,【動画解説】週中は急な雷雨と広く黄砂に注意　今週は初夏の陽気　夏日が続く所も,https://news.yahoo.co.jp/articles/dc00bbf6429b6fd5a6533f613dda253a9f664972,4/15(月) 15:52
wmap,ウェザーマップ,日本海側で30℃超　札幌で夏日最早　週末は平年並みに落ち着くが　来週は再び高温に,https://news.yahoo.co.jp/articles/9764d989824f17b90f8cd6c5a63a81a665dae63a,4/15(月) 15:01
wmap,ウェザーマップ,北・東日本で時季外れの暑さ続く　30℃近い高温も　体調管理に注意,https://news.yahoo.co.jp/articles/62732a708de183d96e404f7f1386eff9797ece29,4/15(月) 11:38
wmap,ウェザーマップ,【動画】15日の天気 - 北・東日本で7月並みの暑さの所も　西日本は天気下り坂 沖縄は激しい雨に（15日7時更新）,https://news.yahoo.co.jp/articles/118108f4056206a8a7fecfd5add24ffc8430f154,4/15(月) 7:34
wmap,ウェザーマップ,15日（月）九州〜中国四国はくもりや雨　近畿〜北日本は季節外れの暑さ,https://news.yahoo.co.jp/articles/314d456a01a112e4f6483e4a8b65e2828d4e3970,4/15(月) 5:28
wmap,ウェザーマップ,【動画】15日の天気 - さらに気温高く 北日本でも夏日に　季節先取りの暑さも　西日本は雨雲広がる（14日19時更新）,https://news.yahoo.co.jp/articles/a0cc68486d6b9ad2c4ba8d513ea6eb0052246e2c,4/14(日) 20:16
wmap,ウェザーマップ,【15日(月)の天気】東北と北陸で29℃予想　季節外れの暑さで熱中症リスク高まる　沖縄は大雨・西日本は強風に注意,https://news.yahoo.co.jp/articles/f72f625b7b012b33758022aa2979c8db674d60a3,4/14(日) 17:50
wmap,ウェザーマップ,月曜日も気温高く　東日本や東北で夏日地点続出へ　週の中ごろは雷雨にも注意,https://news.yahoo.co.jp/articles/e7d5563db4e57bc8831ccea8ec32a77dea720884,4/14(日) 14:46
wmap,ウェザーマップ,【動画解説】月曜日も初夏の陽気　東北でも25℃以上に　週中ごろは雷雨に注意,https://news.yahoo.co.jp/articles/83cb258dc2fc3aa666614fe6521b349bbda9f119,4/14(日) 14:09
wmap,ウェザーマップ,東〜北日本の山沿い中心　きょう午後は急な雷雨に注意　週半ばは平地も春雷のおそれ,https://news.yahoo.co.jp/articles/7770cb7c978bbda5e1c7e229b196d818314bc45b,4/14(日) 11:42
wmap,ウェザーマップ,西〜北日本　週明けは雨のち黄砂飛来のおそれ　見通し悪化や健康影響に注意,https://news.yahoo.co.jp/articles/9543bb17ee799fec7c9cf74793439f64efdf7fb7,4/14(日) 10:14
wmap,ウェザーマップ,【動画】14日の天気 - 広く晴れて初夏の陽気　山沿いは急な雷雨に注意（14日7時更新）,https://news.yahoo.co.jp/articles/01954f79bf49b4ed3d3bc854380fdaa92b144798,4/14(日) 7:59
wmap,ウェザーマップ,【動画】14日の天気 - 夏日エリア拡大　晴れて気温さらに上昇　お花見は熱中症に注意（13日19時更新）,https://news.yahoo.co.jp/articles/23468b40caad906f66efed2a8211408f78abad3f,4/13(土) 19:53
wmap,ウェザーマップ,【14日(日)の天気】晴天続き西〜北日本で夏日続出　大分県日田市29℃と真夏日迫る予想,https://news.yahoo.co.jp/articles/0a95b08e455cda54913d67a61ef6b379eb542334,4/13(土) 17:25
wmap,ウェザーマップ,14日(日)からしばらく春の厄介者・黄砂飛来か　見通し悪化や健康影響など注意,https://news.yahoo.co.jp/articles/bcea4914b9227ed838bd1ad2a8b0c4d554813c8b,4/13(土) 15:17
wmap,ウェザーマップ,【土日の天気】広範囲で晴れて夏日続出　30℃迫る所も　季節外れの熱中症に注意,https://news.yahoo.co.jp/articles/9ebabb56db5c3eebf588dfd72718e1b6ba2f2f65,4/13(土) 11:30
wmap,ウェザーマップ,【動画】13日の天気 - 全国的に晴れてお花見日和　初夏の暖かさ 夏日の所も（13日7時更新）,https://news.yahoo.co.jp/articles/6c499737e1a31bb67f92e0a26a46fa19f5598816,4/13(土) 7:47
wmap,ウェザーマップ,【動画】13日の天気 - お花見日和　昼間は上着いらずの晴天に　沖縄や奄美では強雨に注意（12日18時更新）,https://news.yahoo.co.jp/articles/caebbaaebd8066365a541aee77c9f36434ee6f5f,4/12(金) 18:35
wmap,ウェザーマップ,週末の天気　日曜日は福島で27℃予想　東・北日本で夏日ラッシュか　気温上昇で初夏の陽気　お花見は暑さと9月並みの紫外線に注意,https://news.yahoo.co.jp/articles/a0925975dc4cda18e4c339007b4313a0a7154312,4/12(金) 17:15
wmap,ウェザーマップ,【動画解説】土日は初夏の陽気 急な暑さに注意　そろそろ紫外線対策も,https://news.yahoo.co.jp/articles/939d3ca9c054148eaec5702fc7fe4e549167d85c,4/12(金) 15:34
wmap,ウェザーマップ,関東は沿岸部中心に曇りや雨　北海道と沖縄も不安定な天気　週末はさらに気温上昇　日曜日は東京でも夏日予想,https://news.yahoo.co.jp/articles/c230964093e1533d780f0a5ebe79ec52815f4c53,4/12(金) 11:22
wmap,ウェザーマップ,【動画】12日の天気 - 日中は晴れて過ごしやすい陽気　関東の沿岸部などでにわか雨も（12日7時更新）,https://news.yahoo.co.jp/articles/be91d05ab1c125c71af7ef3fd773f3a136655533,4/12(金) 7:30
wmap,ウェザーマップ,きょう(金)の天気　気温上昇で夏日予想も　天気は広く晴れるも伊豆諸島・沖縄は激しい雷雨のおそれ　関東の沿岸部もにわか雨に注意,https://news.yahoo.co.jp/articles/e0110e8a2df73f63f774980072f7276ad388102b,4/12(金) 5:28
wmap,ウェザーマップ,【動画】12日の天気 - 初夏の陽気　夏日も　関東は沿岸中心に雨（11日18時更新）,https://news.yahoo.co.jp/articles/b259e9bd4f122016fa538453e6278e20af3fcdeb,4/11(木) 18:39
wmap,ウェザーマップ,【動画解説】週末は気温上昇　夏日続出へ　さくらが見ごろのエリアではお花見日和,https://news.yahoo.co.jp/articles/1207a8e435b00693eff3e436f99998d23a6934fc,4/11(木) 16:20
wmap,ウェザーマップ,全国的に気温高い　「高温に関する早期天候情報」も　気象庁1か月予報,https://news.yahoo.co.jp/articles/d5b7e617b07f308c523c7c8ccacd8f726fa18962,4/11(木) 14:38
wmap,ウェザーマップ,全国的に気温高い状態続く　週末は東北南部も25℃の夏日に,https://news.yahoo.co.jp/articles/65273517cd09e3d198340bc8b4f3954e0aa823c8,4/11(木) 11:08
wmap,ウェザーマップ,【動画】11日の天気 - 各地 春の日差し 九州は雨の所も　週末は25℃以上の夏日続出（11日7時更新）,https://news.yahoo.co.jp/articles/a3970c6a05eb2d58964e0dabd8658935d7740155,4/11(木) 7:38
wmap,ウェザーマップ,日中は晴れ間あり　次第に雲広がっても穏やかな陽気　朝と日中の気温差大きく　九州ではにわか雨も,https://news.yahoo.co.jp/articles/45bb10c91c59c512dd23b5e9123fd13baaf15bb3,4/11(木) 5:19
wmap,ウェザーマップ,【動画】11日の天気 - 広く晴れて過ごしやすい陽気　積雪の多い地域はなだれに注意（10日18時更新）,https://news.yahoo.co.jp/articles/725ac46166b735d58a746e9c7bd30c9330a19c7a,4/10(水) 18:15
wmap,ウェザーマップ,エルニーニョ現象終息に向かう　春の間に平常の状態になる可能性が高い,https://news.yahoo.co.jp/articles/5cc8312aef1b26c7388797efb05eb884ebf7bebb,4/10(水) 14:44
wmap,ウェザーマップ,【動画解説】14日（日）東京・大阪など西・東は夏日予想　広く晴れ続き週末は各地で初夏の陽気,https://news.yahoo.co.jp/articles/6a7b0b1c1020dae0035faa4127e6b9067c6086d4,4/10(水) 12:33
wmap,ウェザーマップ,週後半も晴れる地域多い　週末は北日本も気温上昇　各地で行楽日和に,https://news.yahoo.co.jp/articles/e52bf1f194f5889e13d127ffdc1aa16c11f08200,4/10(水) 11:34
wmap,ウェザーマップ,【動画】10日の天気 - 穏やかな青空列島　紫外線対策を　多雪地はなだれ・落雪に注意（10日7時更新）,https://news.yahoo.co.jp/articles/fc87c6b60f3f97b18b4267b905ec6ed063cf79fb,4/10(水) 7:30
wmap,ウェザーマップ,10日(水)の天気　全国的に清々しい青空広がる　朝晩と昼の気温差は服装で上手に調節を,https://news.yahoo.co.jp/articles/18350f86649e8aa699bbdad8be5e997b4daab14e,4/10(水) 5:39
wmap,ウェザーマップ,【動画】10日の天気 - 桜映えの青空戻る　紫外線対策を　朝ヒンヤリも昼間は日差し暖かい（9日19時更新）,https://news.yahoo.co.jp/articles/dab95623acf13d79bdc68640c5111b144634db28,4/9(火) 18:52
wmap,ウェザーマップ,【動画解説】今年の春は雨ばかり　ようやく花見日和がやってくる,https://news.yahoo.co.jp/articles/619d624acb3caed79c92e0ee2b20e4cb24d5b014,4/9(火) 13:26
wmap,ウェザーマップ,9日（火）午後は西から回復も北風強い　10日（水）から週末は広く行楽日和に,https://news.yahoo.co.jp/articles/827a542933c0f0a598d45f8ee07497534551c1e8,4/9(火) 11:18
wmap,ウェザーマップ,【動画】9日の天気 - 雨風強まる 東海や関東は大雨のおそれ　花に嵐　冷たい北風で気温ダウン（9日7時更新）,https://news.yahoo.co.jp/articles/d4e02a26ea3b6d2c3f9294f8ffd74932b8b22c11,4/9(火) 7:26
wmap,ウェザーマップ,大気不安定　9日午前中は東海・関東甲信・伊豆諸島で大雨のおそれ　土砂災害などに警戒,https://news.yahoo.co.jp/articles/d1167e5acc10dc12b9a0b21cedd02f29398334a7,4/9(火) 5:53
wmap,ウェザーマップ,きょう(火)の天気　朝の通勤通学は近畿から関東が雨風のピーク　花散らしの雨になる所も　気温大幅ダウンで冷たい北風,https://news.yahoo.co.jp/articles/30e964850472bc68dbd2550311b39875f4e9e884,4/9(火) 5:39
wmap,ウェザーマップ,【動画】9日の天気 - 雨・風強まり 花嵐に　東海や関東で非常に激しい雨（8日18時更新）,https://news.yahoo.co.jp/articles/9f08080962f500c994c3808f8df9b8045548a9f9,4/8(月) 18:12
wmap,ウェザーマップ,東日本の太平洋側　9日（火）にかけて大雨のおそれ　土砂災害など警戒を,https://news.yahoo.co.jp/articles/f788743f9dcdc198fbe7ceb45384e8867c57c2f5,4/8(月) 16:39
wmap,ウェザーマップ,【動画解説】一気に春加速  気温は右肩上がり　火曜は東日本で雨・風強まる　週末は札幌でも20℃予想,https://news.yahoo.co.jp/articles/274dd3a6d2d2286167aba0762b32f79c7c0c12c0,4/8(月) 14:51
wmap,ウェザーマップ,全国すべての地方に「高温に関する早期天候情報」　農作物の管理に注意,https://news.yahoo.co.jp/articles/63e4e4da822c4bae5a5472a2f88c8c4b3026fc73,4/8(月) 14:35
wmap,ウェザーマップ,西・東日本　雨の範囲広がる　9日（火）午前中は激しい雷雨のおそれ,https://news.yahoo.co.jp/articles/0de815a9b5da084aabb2fc572c116ed68c0e5a5b,4/8(月) 11:33
wmap,ウェザーマップ,【動画】8日の天気 - 西から雨エリア拡大 強雨も　北日本や関東は濃い霧の出る所も（8日7時更新）,https://news.yahoo.co.jp/articles/a11cb1133b85f758338f1298884e91252ad8bc00,4/8(月) 7:26
wmap,ウェザーマップ,8日（月）入学式は西・東日本はくもりや雨　西から雨雲広がる,https://news.yahoo.co.jp/articles/cfd00fecfe7737b21b8d0c302fadbc33e5a6b42b,4/8(月) 5:25
wmap,ウェザーマップ,【動画】8日の天気 - 西〜東日本に雨雲広がる　夜は本降り　太平洋側 雨脚強まる所も（7日19時更新）,https://news.yahoo.co.jp/articles/723f25dc8d1767db79f4ced2e23402a1ea43b1ac,4/7(日) 20:02
wmap,ウェザーマップ,週明けは本州各地で雨　関東や東海は大雨のおそれ　入学式は万全な雨対策を,https://news.yahoo.co.jp/articles/a7e2b839e6fd5df3e7ab5bb144128b4f0eb2403f,4/7(日) 18:37
wmap,ウェザーマップ,週明けは西〜東日本で雨　太平洋側では雨脚強まる所も　雨のあとは晴天と春の陽気続く,https://news.yahoo.co.jp/articles/05dcdcbd067f3d6ec5dfb49765c014e797cc3ede,4/7(日) 15:04
wmap,ウェザーマップ,【動画解説】週明けは西〜東日本で雨　雨脚強まる所も　水曜日以降はお花見日和に,https://news.yahoo.co.jp/articles/312d972cd2909fe0f612898847b17a42a729b189,4/7(日) 14:48
wmap,ウェザーマップ,9日(火)は関東南部で大雨のおそれ　週後半は全国的に晴天続く　4月でも意外と強い紫外線対策を,https://news.yahoo.co.jp/articles/ee8e18ad896448e9d367aee33282ffdcf30c2f61,4/7(日) 11:51
wmap,ウェザーマップ,【動画】7日の天気 - 晴れ間出てお花見日和　気温も上昇　広く5月並みの陽気　名古屋は夏日に（7日7時更新）,https://news.yahoo.co.jp/articles/9e4ee9a1766610484c4bfde39b6baa5fc3f2d454,4/7(日) 7:59
wmap,ウェザーマップ,【動画】7日の天気 - 桜も喜ぶ暖かさ　昼間はお花見チャンス　朝晩は雨の所も（6日19時更新）,https://news.yahoo.co.jp/articles/a7ceaa935ca26d3a78cf6344290690a12cfe811e,4/6(土) 20:12
wmap,ウェザーマップ,東京・7日(日)昼間はお花見日和　今年は花が長持ちか　次の週末にかけても花見楽しめる可能性,https://news.yahoo.co.jp/articles/b8f7e4095b1d43520fb38556a5b5783f18d5f073,4/6(土) 15:27
wmap,ウェザーマップ,【土日の天気】日本海側ほど晴れてお花見日和　太平洋側は7日(日)の方が日差し多く気温上昇　京都は今年初の夏日予想,https://news.yahoo.co.jp/articles/327d0d992090b2efaf55852d6e4affe284d420a1,4/6(土) 11:45
wmap,ウェザーマップ,【動画】6日の天気 - 太平洋側は次第に花曇り にわか雨も　お花見は折り畳み傘があると安心（6日7時更新）,https://news.yahoo.co.jp/articles/1a7738bf98722c07620983fa6bd3fbdd4641d990,4/6(土) 8:15
wmap,ウェザーマップ,【動画】6日の天気 - 広くお花見日和　気温も上昇　関東や九州は雲多く雨の所も（5日19時更新）,https://news.yahoo.co.jp/articles/d5fa4b3345eaf18b2ac9e881cec3c4a5a99f71a6,4/5(金) 19:26
wmap,ウェザーマップ,【動画解説】土日は北日本で気温上昇 6月並みも　来週は東北北部でもさくら開花か,https://news.yahoo.co.jp/articles/8eec28fc1484ac8e9320bb7c4127ef6a4bca56b3,4/5(金) 16:08
wmap,ウェザーマップ,週末は気温上昇　日曜日は初夏の陽気で6月並みの所も　天気は変わりやすい　お花見はベストタイミングも空模様に注意,https://news.yahoo.co.jp/articles/3f996850690082ac91d08012a28900223c27557c,4/5(金) 16:04
wmap,ウェザーマップ,太平洋側は曇りや雨で花冷えの所も　土曜日は天気回復傾向　お花見も好条件,https://news.yahoo.co.jp/articles/23ef4f1b86b2840f45f733c2c2b317978a4c7241,4/5(金) 11:33
wmap,ウェザーマップ,【動画】5日の天気 - 太平洋側は雲多く 雨の所も　関東は花冷え 気温大幅ダウン　沖縄や奄美は激しい雨も（5日7時更新）,https://news.yahoo.co.jp/articles/f18c86a054ec2fa0858753a32231b256ff9f2bd4,4/5(金) 7:28
wmap,ウェザーマップ,きょう(金)の天気　関東以西の太平洋側はスッキリせず　沖縄・奄美は激しい雷雨に注意　関東は気温大幅ダウンで花冷えに,https://news.yahoo.co.jp/articles/8e4e01469184850771fa505561ac2dc719ad45ec,4/5(金) 5:32
wmap,ウェザーマップ,【動画】5日の天気 - 日本海側は青空　関東はくもりや雨　東京12℃　冬の寒さ戻る（4日18時更新）,https://news.yahoo.co.jp/articles/136a5257e5e9ab2c63c2dcc1858494e6403370af,4/4(木) 19:03
wmap,ウェザーマップ,【動画解説】咲き進むさくら　東京でも満開に　お花見のタイミングは？,https://news.yahoo.co.jp/articles/89e22ecfdf862e6a36d58ab9499c0ef7813b6321,4/4(木) 15:59
wmap,ウェザーマップ,足早に進む季節　全国的に気温高く　関東以西は曇りや雨の日多い　気象庁1か月予報,https://news.yahoo.co.jp/articles/f21eaa6c8c8923804c8be10276f33338554afcd5,4/4(木) 14:38
wmap,ウェザーマップ,東京さくら満開　平年より4日遅く,https://news.yahoo.co.jp/articles/36a0eb460e53bd54118c38489a6e74a0e8cf3d08,4/4(木) 14:07
wmap,ウェザーマップ,週末にかけて　北日本は青空広がる　東・西日本の晴れは長く続かず,https://news.yahoo.co.jp/articles/a9ed0c474eb5d3da8337d4b2743d91f05ddf0bcb,4/4(木) 11:26
wmap,ウェザーマップ,【動画】4日の天気 - 東・西日本で雲主役 関東はにわか雨　太平洋側 きのうより大幅に気温上昇（4日7時更新）,https://news.yahoo.co.jp/articles/a8398b6e88ce9bfea9c482f0b7b18d2427b36125,4/4(木) 7:40
wmap,ウェザーマップ,日中は天気回復も西〜東日本は花曇り　関東などにわか雨の所も　午後は北風強まる,https://news.yahoo.co.jp/articles/1fac85caaf1489bf08abb84dfbe00d4f8b28ca7c,4/4(木) 5:42
wmap,ウェザーマップ,【動画】4日の天気 - 雨が止み広く曇りや晴れ　太平洋側は5月並みの気温も（3日18時更新）,https://news.yahoo.co.jp/articles/8bf601e7331a0f411b6591aae0d3da612e6e715f,4/3(水) 18:59
wmap,ウェザーマップ,【動画解説】今週末はさくら一番の見頃に　この先も気温は高め 西日本と東日本でさくら咲き進む,https://news.yahoo.co.jp/articles/f86c2b49415c80feb7e5c660a3a6130bda8d7edd,4/3(水) 13:47
wmap,ウェザーマップ,西日本は3日（水）午後も激しい雨のおそれ　週後半も天気変わりやすい,https://news.yahoo.co.jp/articles/03f0f42dd8d5df7dce8ee91330fa65293e36cf87,4/3(水) 11:19
wmap,ウェザーマップ,【動画】3日の天気 - 桜に雨　西日本は大雨のおそれ　関東は昼前後から雨で夜は雨足強まる（3日7時更新）,https://news.yahoo.co.jp/articles/343e33149eabeaae00b3d5ecce9cbed9716fd694,4/3(水) 7:30
wmap,ウェザーマップ,3日(水)の天気　西から東へ雨の範囲広がる　九州を中心に大雨のおそれ　土砂災害などに警戒・注意,https://news.yahoo.co.jp/articles/aa699ad54c82795aa80cbe9a59f68fbeab585c59,4/3(水) 5:36
wmap,ウェザーマップ,【動画】3日の天気 - 西日本は大雨による土砂災害など警戒　東日本〜東北南部も次第に本降り　雨具忘れずに（2日19時更新）,https://news.yahoo.co.jp/articles/ed11dc387a752a4bf516e663aeae39a7eab77974,4/2(火) 18:48
wmap,ウェザーマップ,九州北部中心に　西日本で3日（水）にかけて激しい雷雨のおそれ　土砂災害に警戒を,https://news.yahoo.co.jp/articles/68a2f8386c879bc0d362aa294a1cf81869909e6c,4/2(火) 16:52
wmap,ウェザーマップ,【動画解説】西日本中心に警報級大雨のおそれ　桜も雨も季節前進,https://news.yahoo.co.jp/articles/be6e3bef291d1aa1238fc249f11fb7b9a2cd87d9,4/2(火) 14:12
wmap,ウェザーマップ,今夜〜3日（水）にかけて　西日本で大雨のおそれ　週末も花に雨の地域多く,https://news.yahoo.co.jp/articles/7215d6c8552ca148625a772e176136ff9b1dcc2b,4/2(火) 11:24
wmap,ウェザーマップ,【動画】2日の天気 - 日中は青空広がる　春らしい陽気　天気はゆっくり下り坂（2日7時更新）,https://news.yahoo.co.jp/articles/7b88e27f46c0c0d834ea2e2f49b947b024799238,4/2(火) 7:22
wmap,ウェザーマップ,きょう(火)の天気　日差し暖かポカポカ陽気　広く桜映えの青空広がる　日差しを有効に　九州・四国は夜から傘の出番,https://news.yahoo.co.jp/articles/6a5ceae84c8f87b758ffa2efac6c7186baf3e6a5,4/2(火) 5:17
wmap,ウェザーマップ,【動画】2日の天気 - 晴れてさくら咲き進む暖かさ　九州・中国四国は夜は傘の出番（1日19時更新）,https://news.yahoo.co.jp/articles/c206bc7b9c78fdd7888c1dac716dea1024b72c84,4/1(月) 19:31
wmap,ウェザーマップ,気温変化大きかった　寒の戻りの一方で月末に高温記録も　3月の天候まとめ,https://news.yahoo.co.jp/articles/15d927e682ef3d1c64e15956e4dd95b86fd7bc7d,4/1(月) 16:39
wmap,ウェザーマップ,【動画解説】春の雨　週中頃は西日本で大雨も　天気は短い周期で変わる,https://news.yahoo.co.jp/articles/6545a51ec522782769de323b655026ce02546354,4/1(月) 16:02
wmap,ウェザーマップ,北日本に「高温に関する早期天候情報」　来週は平年より気温かなり高い,https://news.yahoo.co.jp/articles/839c35583bf994d414e6614d49e46e54656a4255,4/1(月) 14:32
wmap,ウェザーマップ,1日（月）午後は東日本や東北で不安定な天気　3日（水）は西日本で大雨のおそれも,https://news.yahoo.co.jp/articles/cf939696bbc155e8698617ae05d4f95bdb957cbe,4/1(月) 11:12
wmap,ウェザーマップ,【動画】1日の天気 - 新年度初日 関東で変わりやすい天気　今週中頃は東・西日本で強雨の所も（1日7時更新）,https://news.yahoo.co.jp/articles/ee45d648972cc8b7fb69e7bccd2569defee960e3,4/1(月) 7:17
wmap,ウェザーマップ,1日（月）新年度のスタートは全国的に晴れ　東日本や東北は大気不安定,https://news.yahoo.co.jp/articles/4c664045dcf158f39bc77492c6422234c24c0a05,4/1(月) 5:21
wmap,ウェザーマップ,【動画】1日の天気 - 関東や北日本は天気急変に注意　日中は広く晴れるも大気不安定（31日19時更新）,https://news.yahoo.co.jp/articles/c309fea722ce1311d40cd993935f758f79fcbf18,3/31(日) 19:12
wmap,ウェザーマップ,【4月1日(月)の天気】新年度スタートは全国的に晴れるも　東日本や東北は天気急変に注意　西日本は初夏のような暖かさ続く,https://news.yahoo.co.jp/articles/8670a8ebf4c938d06905573599036eaeb8143600,3/31(日) 17:49
wmap,ウェザーマップ,【動画解説】4月スタートは関東で雷雨に注意　水曜日は西〜東日本で雨脚強まる,https://news.yahoo.co.jp/articles/af50f85310f229684cef8af03af1dcf26f2b24c7,3/31(日) 14:42
wmap,ウェザーマップ,東京都心で28.1℃　3月としては記録的な高温　関東で夏日地点続出　4月スタートは関東で天気急変に注意,https://news.yahoo.co.jp/articles/26bad1528cf8f0e21e812ecb24bca0c0b094610b,3/31(日) 13:17
wmap,ウェザーマップ,【速報】東京都心で26℃超え　3月としては統計史上初　季節外れの熱中症に注意,https://news.yahoo.co.jp/articles/98d82662a63e85b453a5a08f9ab40c881fde056b,3/31(日) 11:28
wmap,ウェザーマップ,【速報】東京都心で今年初の夏日　午前中から25℃超えで3月として記録的な暑さ予想,https://news.yahoo.co.jp/articles/bd309d97537a67514c3977a11a91fdfa6b2461c5,3/31(日) 10:16
wmap,ウェザーマップ,【動画】31日の天気 - 東京26℃ 6月中旬並みの「暑さ」　広く晴れるが雨の所も（31日7時更新）,https://news.yahoo.co.jp/articles/ff494d821d002e488cc6c2fdb932dd2aef5ad55a,3/31(日) 7:59
wmap,ウェザーマップ,【動画】31日の天気 - 東京 6月中旬並みの記録的な高温に 関東で夏日続出 東海〜九州はにわか雨（30日18時更新）,https://news.yahoo.co.jp/articles/dd46aeb2f0122b40a645df4387bf84ae449fb05d,3/30(土) 18:40
wmap,ウェザーマップ,【31日(日)の天気】3月最終日も記録的暑さ続く　東京都心26℃予想　3月に26℃超えとなれば約150年間で初,https://news.yahoo.co.jp/articles/6cba24bff753aed65407b64389744cc6b8e94237,3/30(土) 17:41
wmap,ウェザーマップ,31日(日)も3月として記録的な暑さ続く　東京都心26℃と3月歴代1位を更新予想,https://news.yahoo.co.jp/articles/5648fdb3e51554ee43b99937a3ecbc90e38babc8,3/30(土) 15:48
wmap,ウェザーマップ,【土日の天気】さくら喜ぶ晴天と暖かさも　西〜北日本の広範囲に黄砂飛来　花粉症は症状悪化のおそれ,https://news.yahoo.co.jp/articles/ef5267c663a09af8651bb1b1dc922e6d5d8a46f2,3/30(土) 11:28
wmap,ウェザーマップ,【動画】30日の天気 - 全国的に晴れるも 黄砂に注意　関東〜西で夏日 初夏の陽気に（30日7時更新）,https://news.yahoo.co.jp/articles/63e7ea55520dbc52f2354290d1f5a1e15299b8dc,3/30(土) 7:43
wmap,ウェザーマップ,【動画】30日の天気 - 関東から西は夏日も　東京5月並み 北日本〜西日本で黄砂飛来（29日19時更新）,https://news.yahoo.co.jp/articles/e555dccbeb6c20ad4ec15c92001b29c00d1849c8,3/29(金) 19:53
wmap,ウェザーマップ,低気圧の影響　北・東日本は土曜日にかけて強風や高波に注意・警戒,https://news.yahoo.co.jp/articles/7a7bd7680d7430104a7907d938a107f6d39b3a31,3/29(金) 16:37
wmap,ウェザーマップ,【動画解説】東京で桜開花 土日は夏日予想の所も　広く晴れるが黄砂に注意,https://news.yahoo.co.jp/articles/292daa1d9d28c79fccc6a2b5e40cd51906ee9f77,3/29(金) 15:51
wmap,ウェザーマップ,花に黄砂　春の風物詩そろい踏み　日曜日にかけて広く黄砂飛来のおそれ　花粉も大量飛散に,https://news.yahoo.co.jp/articles/ee06f0321c3507ab97a1250697fab450d1ad09ff,3/29(金) 15:46
wmap,ウェザーマップ,東京の桜　2012年以来の遅咲き　ようやく開花発表　平年より5日遅い春の便り,https://news.yahoo.co.jp/articles/d93949bbbedae963c3b6b7567dd18e40754fe389,3/29(金) 14:28
wmap,ウェザーマップ,午後は天気回復も黄砂飛来のおそれ　31日(日)にかけて広く影響か　週末は太平洋側を中心に晴れて初夏の陽気も,https://news.yahoo.co.jp/articles/35e4141e72af3c74c9746a810f062ff92305ff63,3/29(金) 11:20
wmap,ウェザーマップ,【動画】29日の天気 - 東〜北日本 午前中は雨風ピーク　午後は晴れて気温上昇　黄砂に注意（29日7時更新）,https://news.yahoo.co.jp/articles/f9a6a1d176cf5479d2bc971f886e73fc7d5e7921,3/29(金) 7:43
wmap,ウェザーマップ,29日(金)は北・東日本で非常に強い風や大しけのおそれ　暴風・高波に警戒,https://news.yahoo.co.jp/articles/84e69ea9851fb75455831fe9387bba2cd4fb9a08,3/29(金) 5:57
wmap,ウェザーマップ,きょう(金)の天気　関東・東海は朝が雨風のピーク　土砂災害や暴風・高波に警戒　西から天気回復も雨のあとは黄砂に注意,https://news.yahoo.co.jp/articles/4dfdbac8053e18328443aea1b61a188a9fa789bb,3/29(金) 5:43
wmap,ウェザーマップ,【動画】29日の天気 - 春の嵐と黄砂に注意　気温上昇（28日19時更新）,https://news.yahoo.co.jp/articles/52d4531e450c3752257bacd7f3e48374bb5377c9,3/28(木) 19:09
wmap,ウェザーマップ,東・北日本　29日（金）は大荒れ　暴風・高波に警戒を　午前中は東日本で激しい雷雨のおそれ,https://news.yahoo.co.jp/articles/d0432bbbacdbd21ec5e288b012b5fd07fa0384f2,3/28(木) 17:06
wmap,ウェザーマップ,【動画解説】春の嵐のち黄砂飛来　東京の桜も開花へカウントダウン,https://news.yahoo.co.jp/articles/ef1dc75c6f590c459dccadd234b9cbe48763793d,3/28(木) 15:50
wmap,ウェザーマップ,全国的に暖かい　すべての地方に「高温に関する早期天候情報」も　気象庁1か月予報,https://news.yahoo.co.jp/articles/def8820423b95a320b76414abd112c6d1fc500a4,3/28(木) 14:31
wmap,ウェザーマップ,29日（金）にかけて全国的に荒れる　関東や東海は（金）午前中が雨風ピーク　交通機関に影響の可能性も,https://news.yahoo.co.jp/articles/898f0fdad463a6138ebaf8620fe3cb244ab4d7fe,3/28(木) 11:23
wmap,ウェザーマップ,黄砂に関する情報　29日（金）〜31日（日）　北日本から西日本で　見通しの悪化に注意,https://news.yahoo.co.jp/articles/f972e50925032a11fba21142918fe4145c911986,3/28(木) 10:58
wmap,ウェザーマップ,【動画】28日の天気 - 西日本 雨脚強まる所も 週末は黄砂　あすは北日本で荒天・関東は激しい雨（28日7時更新）,https://news.yahoo.co.jp/articles/d3ba7130706c713737540022126084e9da175b27,3/28(木) 7:23
wmap,ウェザーマップ,西から天気下り坂　夜は九州や四国で激しく降る所も　あす(金)にかけて雨風強まり荒れた天気に,https://news.yahoo.co.jp/articles/e555a6890451974f16a73a42a478e9aa2b252de0,3/28(木) 6:04
wmap,ウェザーマップ,あす(金)は北〜東日本で荒れた天気に　暴風や高波に警戒・注意,https://news.yahoo.co.jp/articles/408a666546617c5dd3133ee248cb2fc88883aaa2,3/28(木) 5:33
wmap,ウェザーマップ,【動画】28日の天気 - 早くも西から下り坂　金曜日にかけて雨風強まる所も（27日19時更新）,https://news.yahoo.co.jp/articles/38755018fcb224d9dfc4e4220e4acd6bb6ef0a1b,3/27(水) 18:53
wmap,ウェザーマップ,北日本　29日（金）は大荒れ　暴風や高波に警戒・注意を,https://news.yahoo.co.jp/articles/10a515d6c7b5609f6e124bb84c8907af39320c4d,3/27(水) 16:35
wmap,ウェザーマップ,【動画解説】西・東日本 30日以降晴れて春本番の陽気　29日(金)雨の後は広く黄砂に注意,https://news.yahoo.co.jp/articles/e55e11424b32abb2db56248406313fe81b55d449,3/27(水) 12:26
wmap,ウェザーマップ,28日（木）は西から雨　西日本で激しい雨も　29日（金）は東・北日本で荒れた天気,https://news.yahoo.co.jp/articles/4f51f3d253546deb7912466433d23a97f4e2f2d3,3/27(水) 11:20
wmap,ウェザーマップ,【動画】27日の天気 - つかの間の晴天　桜の開花促す暖かさ　一日の寒暖差と花粉に注意（27日7時更新）,https://news.yahoo.co.jp/articles/2997ec596e42214ac92ddf55cb98f3140725141e,3/27(水) 7:19
wmap,ウェザーマップ,27日(水)の天気　束の間の全国的な晴れ　寒さ解消し日差し暖か　さくらの開花進むも週後半は花に嵐,https://news.yahoo.co.jp/articles/8d70079527eb4789db8599debc8ec0545a777cd4,3/27(水) 5:31
wmap,ウェザーマップ,【動画】27日の天気 - 春の嵐過ぎ うららかな陽気　「さくらの日」は開花ラッシュか（26日19時更新）,https://news.yahoo.co.jp/articles/4ab871472fd40b3cce070ad6cd7e7a6e4a697860,3/26(火) 19:48
wmap,ウェザーマップ,伊豆諸島　26日（火）夜の初めごろにかけて　落雷・突風に注意を,https://news.yahoo.co.jp/articles/782587867f0de1eb19662bf1389922b3f9e07a21,3/26(火) 17:08
wmap,ウェザーマップ,【動画解説】初夏の陽気でさくらの開花ラッシュへ　3月1位の強い雨も,https://news.yahoo.co.jp/articles/546b66b39538cde08d40616d605187e9c9a6556d,3/26(火) 12:56
wmap,ウェザーマップ,夕方にかけて雨強まる所も　全国的に強風・高波に注意　27日（水）は全国的に晴天,https://news.yahoo.co.jp/articles/1089d8fbc439f2f32884f2f44340463b5a159df4,3/26(火) 11:20
wmap,ウェザーマップ,【動画】26日の天気 - 西〜東日本は雨風強まり荒れた天気　午後は冷たい北風に　夜は一気に寒くなる所も（26日7時更新）,https://news.yahoo.co.jp/articles/b0c79a163c6ce814d7e0c8cef441146bc04b248c,3/26(火) 7:25
wmap,ウェザーマップ,きょう(火)の天気　急速に発達する低気圧で全国的に雨や雪　東・西日本太平洋側は大雨のおそれも　土砂災害などに注意・警戒,https://news.yahoo.co.jp/articles/d32fc595e6cfc3ff2d0b0ef229ec2bb9085925db,3/26(火) 5:52
wmap,ウェザーマップ,火曜日は西・東日本の太平洋側で非常に激しい雷雨のおそれ　すでに大雨の九州を中心に土砂災害などに警戒　伊豆諸島は暴風や大しけも,https://news.yahoo.co.jp/articles/752a1452ef37925ab268e214d4234b2c0824d058,3/26(火) 5:25
wmap,ウェザーマップ,【動画】26日の天気 - 火曜日は雨風強まり荒天に　東北南部や山では湿った雪（25日18時更新）,https://news.yahoo.co.jp/articles/560f32f6795f4f908a52bf79d38b7a7cd7b1d18b,3/25(月) 18:42
wmap,ウェザーマップ,西日本と東日本の太平洋側　26日（火）は土砂災害や河川の増水など警戒・注意,https://news.yahoo.co.jp/articles/7449694718638414d5b9c39d68079d86ab296248,3/25(月) 17:16
wmap,ウェザーマップ,【動画解説】年度末は大雨注意　気温は上昇へ　火曜日と金曜日は雨風強まる　荒天のおそれも,https://news.yahoo.co.jp/articles/21bfcfd58b8229da09d7543ab5b93b18ad60d868,3/25(月) 15:37
wmap,ウェザーマップ,広い範囲に「高温に関する早期天候情報」　農作物の管理に注意を,https://news.yahoo.co.jp/articles/0c2c3067e89e71be4336e24b05062c3db0056127,3/25(月) 14:38
wmap,ウェザーマップ,西日本〜東日本の太平洋側　26日（火）は大雨のおそれ　土砂災害に警戒を,https://news.yahoo.co.jp/articles/783097fc31bbed5aaaf2ac554dee003f9acd99bd,3/25(月) 11:50
wmap,ウェザーマップ,西・東日本　あす26日（火）は雨風強まる　九州で再び大雨のおそれ,https://news.yahoo.co.jp/articles/8445140e8a56c81138153bda2bbecf4230267c0d,3/25(月) 11:24
wmap,ウェザーマップ,【動画】25日の天気 - 関東から九州で春の長雨に　あすは沿岸中心に雨風強まる所も（25日7時更新）,https://news.yahoo.co.jp/articles/8008ab26cf434286a85d0faa7e675a94b044c6d7,3/25(月) 7:23
wmap,ウェザーマップ,25日（月）西・東日本は菜種梅雨でくもりや雨,https://news.yahoo.co.jp/articles/aff863d8be6c66da82d88048125c0045ee3c0426,3/25(月) 5:24
wmap,ウェザーマップ,【動画】25日の天気 - 前線停滞 西〜東日本はくもりや雨　夜は本降りの雨も　日中も空気ひんやり（24日19時更新）,https://news.yahoo.co.jp/articles/fea95a3f83f02a0e722a774cfdcb90ddabcdc105,3/24(日) 18:46
wmap,ウェザーマップ,26日(火)は低気圧が急発達　西〜東日本で雨風強まり荒天のおそれ,https://news.yahoo.co.jp/articles/392d5f1b93dee03f236056ae6587cd6527d658f8,3/24(日) 17:54
wmap,ウェザーマップ,西〜東日本は春の長雨に　火曜日は雨や風強まるおそれ　今週はさくら開花ラッシュに,https://news.yahoo.co.jp/articles/e7981b705ce432b9cda6f21ad07a01e76b9dc513,3/24(日) 14:22
wmap,ウェザーマップ,【動画解説】火曜日は雨風強まるおそれ　西〜東日本は雨の日多く　週末は晴れて春本番の陽気に,https://news.yahoo.co.jp/articles/2e6a3db71bed9291182b303792e73b4b6fa4d1bf,3/24(日) 13:46
wmap,ウェザーマップ,きょう九州は3月として記録的な大雨に　この先も雨の日多くたびたび春の嵐　次の週末は西〜東日本でお花見日和,https://news.yahoo.co.jp/articles/2c3ca9827d628cfcf83a673b54bfd5ef917678e0,3/24(日) 11:46
wmap,ウェザーマップ,【動画】24日の天気 - 西から雨雲広がる　気温は上昇　東京は14℃で平年並みに（24日7時更新）,https://news.yahoo.co.jp/articles/9bbbd933893421b05f94c0481ab4dc7c1d0c5e78,3/24(日) 7:58
wmap,ウェザーマップ,【動画】24日の天気 - 西日本中心に雨 強い雨の所も　関東は気温上昇も午後にわか雨（23日19時更新）,https://news.yahoo.co.jp/articles/fdab0968040caa5776954c819c60e8c7829c2ec1,3/23(土) 19:47
wmap,ウェザーマップ,【24日(日)の天気】九州は警報級大雨のおそれ　東京都心は真冬並み寒さ解消へ,https://news.yahoo.co.jp/articles/c0dc186d93b7b4316f105ea6fc7232205b67e6c8,3/23(土) 17:30
wmap,ウェザーマップ,6年ぶり全国トップ　高知でソメイヨシノのさくら開花　平年より1日遅い,https://news.yahoo.co.jp/articles/4b79654424767112b1d88908eb1e5e5b9065bf26,3/23(土) 16:27
wmap,ウェザーマップ,【土日の天気】きょう東京都心10℃予想で真冬並み寒さ　あす西日本は荒天のおそれ　非常に激しい雷雨の所も,https://news.yahoo.co.jp/articles/e31673e1f8ad1ab85aa2e4632ec46b90ced98833,3/23(土) 11:34
wmap,ウェザーマップ,【動画】23日の天気 - 九州〜東北は傘の出番 東京は真冬の寒さ　あすは西日本で大雨のおそれ（23日7時更新）,https://news.yahoo.co.jp/articles/988d01ac353de868c9d1e9b8d754ceb789ad9d24,3/23(土) 8:42
wmap,ウェザーマップ,【動画】23日の天気 - 東北〜西日本で雨や雪　九州は雷雨も　東京11℃　冬の寒さが戻る（22日19時更新）,https://news.yahoo.co.jp/articles/9ad1826e999c1ffdbb2aa78aa5a5a40e31cc267e,3/22(金) 18:41
wmap,ウェザーマップ,週末の天気　土曜日は西から雨雲広がる　午後は東北でも傘の出番に　日曜日は東・西日本で激しい雨や雷雨のおそれ,https://news.yahoo.co.jp/articles/f9277dd0612ae7775c5aee0b5c53aecdab62aedc,3/22(金) 17:33
wmap,ウェザーマップ,【動画解説】さくらの開花 近年にしては遅めか　来週は西・東日本で開花ラッシュの予想,https://news.yahoo.co.jp/articles/0a4d5fccdc96c35353b7fa10ded0e1d9ce78868a,3/22(金) 15:51
wmap,ウェザーマップ,穏やかな陽気は長続きせず　西から天気下り坂　土曜日からは春の長雨「菜種梅雨」　24日と26日頃は荒天のおそれ,https://news.yahoo.co.jp/articles/361e5883aef05b04486bac3b45fcfe5f0e84339c,3/22(金) 11:12
wmap,ウェザーマップ,【動画】22日の天気 - 北風おさまり日中は寒さ和らぐ　広い範囲で晴れ　さくら前線もスタートへ（22日7時更新）,https://news.yahoo.co.jp/articles/fd0a99d59d4a568631e470c3b08e469711e59293,3/22(金) 7:31
wmap,ウェザーマップ,きょう(金)の天気　広く晴れて寒さ緩む　桜の開花も後押し　九州では20℃近くの暖かさに　日本海側の天気も回復へ,https://news.yahoo.co.jp/articles/90caceb18cd92f986ccfd1dac2b56ca717d6bb0a,3/22(金) 5:23
wmap,ウェザーマップ,【動画】22日の天気 - 風も弱まり広く穏やかな晴天に　　桜の開花の便りも届きそう（21日19時更新）,https://news.yahoo.co.jp/articles/0f9bd8740569d2c5674cf621dbe3d633f71e2c16,3/21(木) 18:57
wmap,ウェザーマップ,【動画解説】土曜から菜種梅雨 大雨のおそれも　気温は上昇 多雪地はなだれに注意,https://news.yahoo.co.jp/articles/9cbb923ad9c9ee00ee7372e399dd60723b8ea58c,3/21(木) 15:02
wmap,ウェザーマップ,全国的に気温高い　北日本は年度変わりのタイミングでかなり高温の可能性　東・西日本は曇りや雨の日多く　気象庁1か月予報,https://news.yahoo.co.jp/articles/9a265da11161f11f2252cb15720b4638fb6216ee,3/21(木) 15:01
wmap,ウェザーマップ,午後も北風冷たく風冷え　週末以降は気温高めも雨の日多く菜種梅雨に　西日本中心に大雨のおそれ,https://news.yahoo.co.jp/articles/90a423ccef6f27930ee56ac00ee6fbbf84faa1d8,3/21(木) 11:53
wmap,ウェザーマップ,【動画】21日の天気 - 日本海側で雪 太平洋側も冬の寒さ　関東の山沿いは大雪に警戒（21日7時更新）,https://news.yahoo.co.jp/articles/51d14882d87c4b19d717e9dba0f9301cf2b515df,3/21(木) 7:18
wmap,ウェザーマップ,東日本や北日本は強い北風に注意　真冬並みの寒さも　風冷えの一日に　東日本の山沿いは大雪のおそれ,https://news.yahoo.co.jp/articles/02af2356579b34e32afc4918691b6cc801300cf1,3/21(木) 5:44
wmap,ウェザーマップ,【動画】21日の天気 - 東・北日本は木曜日も風強く　暴風や高波に警戒　風冷たく真冬の寒さの所も（20日19時更新）,https://news.yahoo.co.jp/articles/daf0ff5b2951d30f2a73d8900857560f318cd13e,3/20(水) 18:55
wmap,ウェザーマップ,東・北日本を中心に　21日（木）にかけて暴風・高波に警戒　日本海側は大雪にも注意,https://news.yahoo.co.jp/articles/2ec18b262aa75f08a0c71ddbe2d859f232cdc3e4,3/20(水) 17:50
wmap,ウェザーマップ,【動画解説】来週24日頃から春本番の暖かさ　桜の開花ラッシュへ,https://news.yahoo.co.jp/articles/3df4dc56b74fb5d7c8a193ca571969956be17902,3/20(水) 12:44
wmap,ウェザーマップ,全国的に大荒れ　関東も天気・気温が急変　暴風や大雪による交通障害に注意・警戒を,https://news.yahoo.co.jp/articles/ac3e915bdff12f03357aa8c93fbdf35e130ae979,3/20(水) 11:33
wmap,ウェザーマップ,【動画】20日の天気 - 風強く荒天のおそれ　日本海側は大雪も　関東は天気急変と気温急降下に注意（20日7時更新）,https://news.yahoo.co.jp/articles/cd2d0c30bba2a7fa8d345965c527d7f33fd4b5a2,3/20(水) 7:42
wmap,ウェザーマップ,20日(水)の天気　春分の日は西〜東日本・東北で天気急変　全国的に風が強く　気温急降下の所も,https://news.yahoo.co.jp/articles/cbf1f4357c1dae28c8b484f9509aef29def80f64,3/20(水) 5:50
wmap,ウェザーマップ,春分の日　全国的に暴風や高波警戒　西日本から東日本は天気急変・落雷や突風などに注意,https://news.yahoo.co.jp/articles/16f3c3c836c9e3679d86eceee515bcbc1034a61d,3/20(水) 5:35
wmap,ウェザーマップ,【動画】20日の天気 - 低気圧急発達　春分の日は冬のような嵐　全国的に風冷えで真冬並み寒さも（19日19時更新）,https://news.yahoo.co.jp/articles/d35107c8990464b7ee7e6411aea4f72591ba3e96,3/19(火) 19:17
wmap,ウェザーマップ,20日（水・春分の日）にかけて天気急変のおそれ　暴風・高波に警戒　日本海側は大雪にも注意・警戒,https://news.yahoo.co.jp/articles/b43bee47409307bdf12bafd0627058c89af30fec,3/19(火) 17:26
wmap,ウェザーマップ,【動画解説】春分の日は天気大荒れ　大雪や暴風に警戒　日々の寒暖差にも注意,https://news.yahoo.co.jp/articles/16ad04f67b817b729cde97625a05452723a1ab1d,3/19(火) 16:35
wmap,ウェザーマップ,南へ行くほど気温高く　沖縄・奄美は平年より雨多い　気象庁3か月予報,https://news.yahoo.co.jp/articles/0505687deeb773d3e101998ade8d105728aba144,3/19(火) 14:03
wmap,ウェザーマップ,荒天の範囲広がる　20日（春分の日）は太平洋側も雷雨注意　強風の影響も,https://news.yahoo.co.jp/articles/e9e7513cf0dfb7895f8b6e7e1947e08f2f5321d6,3/19(火) 11:18
wmap,ウェザーマップ,【動画】19日の天気 - 北風おさまるも雲多くひんやり　西日本や日本海側は雷雨に注意（19日7時更新）,https://news.yahoo.co.jp/articles/7ab9b82e8ceadf9f913b59f9ddd1d01e5059ee36,3/19(火) 7:28
wmap,ウェザーマップ,西・東日本　水曜日にかけて大気非常に不安定　落雷や突風などに注意　局地的には警報級の大雪のおそれも,https://news.yahoo.co.jp/articles/47d70c8d147e7aa924ad4f5d560fb87f91be9ead,3/19(火) 5:50
wmap,ウェザーマップ,きょう（火）の天気　西日本は不安定な天気で雷雨に注意　北陸以北の日本海側も天気下り坂　夜は広く雨や雪に,https://news.yahoo.co.jp/articles/6300a504db44aee2b39fd225b8cd6cd164c84ae7,3/19(火) 5:36
wmap,ウェザーマップ,【動画】19日の天気 - 東北・北陸は雨や雪　西日本も不安定　朝は月曜日よりも冷え込み強まる（18日18時更新）,https://news.yahoo.co.jp/articles/04d4d9b8559afbccd50734694e2087b8bb65cad8,3/18(月) 18:48
wmap,ウェザーマップ,【動画解説】極寒の戻り　週中は東京で雪予想も　北日本・北陸は大荒れのおそれ,https://news.yahoo.co.jp/articles/c01e64a994a03aa5a52952e88e87a9bec9a1a722,3/18(月) 16:23
wmap,ウェザーマップ,関東から西に「高温に関する早期天候情報」　来週にかけて気温の変動大きく,https://news.yahoo.co.jp/articles/26aca0940723a49e79679062ef9bf839787c00be,3/18(月) 14:39
wmap,ウェザーマップ,今週は季節が後退　気温低めに　20日（春分の日）は関東も天気急変のおそれ,https://news.yahoo.co.jp/articles/968e5dd073ae8e2f89af755c39582b6dc997b7d2,3/18(月) 11:29
wmap,ウェザーマップ,【動画】18日の天気 - 北日本で暴風雪警戒 関東は強風　北・東日本で交通乱れに注意 気温も急降下（18日7時更新）,https://news.yahoo.co.jp/articles/3d597d76f384d020f7a3a4088b4c956a1693eff4,3/18(月) 7:26
wmap,ウェザーマップ,18日（月）は冬型の気圧配置　冷たい北風強く気温急降下,https://news.yahoo.co.jp/articles/1ca573afb872c7c4eb6a9180081a770c8a485c2c,3/18(月) 5:29
wmap,ウェザーマップ,【動画】18日の天気 - 北風強まり寒さ戻る　関東は気温大幅ダウン　北日本はふぶきや大雪に注意（17日19時更新）,https://news.yahoo.co.jp/articles/6498770afd6243d8e6161c5d2a26e8a8a5107080,3/17(日) 19:09
wmap,ウェザーマップ,【18日(月)の天気】北日本は猛ふぶきに警戒　各地で気温急降下　真冬並みの寒さの所も,https://news.yahoo.co.jp/articles/82e5d133a75eb9da619963daf2456853a3c19384,3/17(日) 17:20
wmap,ウェザーマップ,週明けは各地で寒さ戻る　春分の日は大気不安定　寒さの中でさくら開花へ,https://news.yahoo.co.jp/articles/2cc759135af9c3d4d8471439f504cfaa4093b38e,3/17(日) 14:46
wmap,ウェザーマップ,【動画解説】週明けは一気に寒さ戻る　週の中ごろは真冬並みの寒さも　気温の変化に注意,https://news.yahoo.co.jp/articles/556466cc95414a6dad717b06643e4b066fbdcc95,3/17(日) 14:26
wmap,ウェザーマップ,春の5Kに要注意　春分の日は真冬の寒さ戻り日本海側で大雪　黄砂飛来のおそれも,https://news.yahoo.co.jp/articles/b7ac5982af5b80105dc762ea74a8efa7f0467727,3/17(日) 11:50
wmap,ウェザーマップ,【動画】17日の天気 - 西と北で雨や雪の範囲広がる　関東は晴れてポカポカ陽気続く（17日7時更新）,https://news.yahoo.co.jp/articles/2f5a4efbf2bfeb3ece644537142aab697006267d,3/17(日) 8:16
wmap,ウェザーマップ,【動画】17日の天気 - 関東で5月並み暖かさ 西から下り坂　来週 全国的に寒の戻り 関東で冷たい雨も（16日18時更新）,https://news.yahoo.co.jp/articles/a7773a8d4e4b6b6d4c56f31cf6f466c97262e3f6,3/16(土) 18:18
wmap,ウェザーマップ,【17日(日)の天気】広範囲で雨具の出番も　関東は上着いらずの暖かさと花粉大量飛散続く　週明け以降は寒の戻り,https://news.yahoo.co.jp/articles/af73df0f5d36a751e0ab9a2de4387a3f97303be4,3/16(土) 17:18
wmap,ウェザーマップ,暑さ寒さも彼岸までといかず　春分の日は真冬並み寒さ　太平洋側で雪のおそれも,https://news.yahoo.co.jp/articles/c9252095a28016408414a4906f17d410f9bb3d5a,3/16(土) 15:31
wmap,ウェザーマップ,きょう西〜東日本20℃超え続出で上着いらずの暖かさ　あす天気下り坂のため日差し有効に　来週は空気激変で春分の日は冷たい雨や雪,https://news.yahoo.co.jp/articles/5da32bf3181aaaad8df26c4b5aee5cbeadecb536,3/16(土) 11:25
wmap,ウェザーマップ,【動画】16日の天気 - 全国的に春の暖かさ 花粉大量飛散　積雪の多い地域は なだれに注意（16日7時更新）,https://news.yahoo.co.jp/articles/c2bd49e72440c19b98b7deea3596956296417710,3/16(土) 7:01
wmap,ウェザーマップ,【動画】16日の天気 - 関東から西20℃前後　ポカポカ陽気　北日本　風おさまる（15日19時更新）,https://news.yahoo.co.jp/articles/aad8d64c12a0db22ef9f6b74cb9713374c5875be,3/15(金) 18:37
wmap,ウェザーマップ,土曜は関東以西でさらに気温上昇　日曜は関東が暖かさのピークでゴールデンウィーク頃の陽気　西・北日本中心に天気崩れる,https://news.yahoo.co.jp/articles/cdedf6c3faa36b94065514564f6853765d44aeec,3/15(金) 16:16
wmap,ウェザーマップ,【動画解説】土曜は晴天 日曜は天気下り坂　雨を境に気温ダウン 週明けは寒の戻り,https://news.yahoo.co.jp/articles/de097fab70da58903c49936743c6eedf879b17ca,3/15(金) 15:44
wmap,ウェザーマップ,週末はさらに暖かく　土曜日は全国的に晴天で関東以西は20℃前後のポカポカ陽気に　花粉と一日の気温差に注意,https://news.yahoo.co.jp/articles/a12780eb19977215a092d3d8636db1335e287640,3/15(金) 11:29
wmap,ウェザーマップ,【動画】15日の天気 - さらに気温上昇 春本番の暖かさ　4月並みの陽気に 朝と日中の気温差大きく（15日7時更新）,https://news.yahoo.co.jp/articles/4485f890c610ea9a5ad9118e811f0d8db3671595,3/15(金) 7:15
wmap,ウェザーマップ,きょう(金)の天気　東・西日本は広く晴れて春本番の暖かさ　花粉と一日の寒暖差に注意　北日本は大気不安定で雪や雷雨,https://news.yahoo.co.jp/articles/8ddaa9d3414f4f2ca6a5f73c6d25b2b97ed54ff0,3/15(金) 5:31
wmap,ウェザーマップ,【動画】15日の天気 - 東・西日本は日差し暖か　4月並みの陽気に　北日本では雨や雪（14日19時更新）,https://news.yahoo.co.jp/articles/238cee76c287adfc4ccdb7d9011a7b309d6e09af,3/14(木) 18:52
wmap,ウェザーマップ,【動画解説】来週は桜開花も　寒の戻り　週末まではポカポカ陽気,https://news.yahoo.co.jp/articles/ea256df1d8ffe0582f14b3506b2e8841f1954241,3/14(木) 16:21
wmap,ウェザーマップ,南ほど気温高く　東・西日本は曇りや雨の日多い　気象庁1か月予報,https://news.yahoo.co.jp/articles/2eef54815c741c8d24e8a4166ac854b75f3fbcbe,3/14(木) 14:41
wmap,ウェザーマップ,関東以西は16日（土）にかけて春の陽気に　来週前半は寒さ戻る　寒暖差に注意,https://news.yahoo.co.jp/articles/4891f933dd6237931f2c4786280fda9d4e643182,3/14(木) 11:18
wmap,ウェザーマップ,【動画】14日の天気 - 冷風収まり 関東〜九州で気温上昇　東北・北陸沿岸は落雷に注意（14日7時更新）,https://news.yahoo.co.jp/articles/40b4310c75995dcc0f7821afd5e56cbe157e4a35,3/14(木) 7:21
wmap,ウェザーマップ,西日本や東日本　晴れて気温上昇　東北や北陸は大気不安定　雨や雪強まる所も　落雷や突風に注意,https://news.yahoo.co.jp/articles/a754fb14f6a52abbcab69539953103c2ef5ae284,3/14(木) 5:35
wmap,ウェザーマップ,【動画】14日の天気 - 気温上昇　日差し暖か　週末は広範囲で春本番の暖かさに（13日19時更新）,https://news.yahoo.co.jp/articles/55f49435b7254ffc871c84d5b99ea5b1e5dff15d,3/13(水) 18:23
wmap,ウェザーマップ,【動画解説】週末は4月上旬並みの暖かさ　西日本と東日本は3月末から4月はじめにさくら見頃へ,https://news.yahoo.co.jp/articles/3ca018786a5d2ecb646bf8a22eaabdfe7057548b,3/13(水) 15:45
wmap,ウェザーマップ,週後半は晴れて気温上昇　花粉・乾燥・気温差など注意が必要な面も,https://news.yahoo.co.jp/articles/b3c31852fd44174e2d34940440f386798b8003ce,3/13(水) 11:13
wmap,ウェザーマップ,【動画】13日の天気 - 広く晴れるも北風強い　花粉の飛散多く　日本海側の雪も次第に止む（13日7時更新）,https://news.yahoo.co.jp/articles/9c73ab920e12885a11f7939526dec1772da47eb1,3/13(水) 7:34
wmap,ウェザーマップ,13日(水)の天気　太平洋側中心に天気回復　晴れても風冷え　雨上がりの花粉大量飛散に要注意,https://news.yahoo.co.jp/articles/862fbc1c7088c111021e18bf8e23ca72af4d26f4,3/13(水) 6:08
wmap,ウェザーマップ,低気圧急発達　13日(水)は東北太平洋側の海上で暴風警戒　伊豆諸島は高波警戒,https://news.yahoo.co.jp/articles/87e50bf457583381e6827743f16714a1f42cb947,3/13(水) 5:59
wmap,ウェザーマップ,【動画】13日の天気 - 北風強まり体感ダウン　晴れる所も風通しにくい服装がオススメ（12日19時更新）,https://news.yahoo.co.jp/articles/09405a6055eefeb47b2da2dfd17c1904153b766f,3/12(火) 19:27
wmap,ウェザーマップ,関東沿岸〜東北の太平洋側　13日（水）にかけて　暴風・高波に警戒を,https://news.yahoo.co.jp/articles/f2524fe5719d755d43149b7831ffa307373c31b4,3/12(火) 17:15
wmap,ウェザーマップ,【動画解説】600℃の法則を検証　さくら前線スタート目前！,https://news.yahoo.co.jp/articles/595a5c0ca7961e487f81e59db1dbd6b30203a614,3/12(火) 14:07
wmap,ウェザーマップ,関東で激しい雷雨のおそれ　道路の冠水・落雷・突風に注意を　沿岸は暴風・高波に警戒,https://news.yahoo.co.jp/articles/a54eb9885e5e9761551d837c76bd6b223b657eb9,3/12(火) 11:11
wmap,ウェザーマップ,東北・東日本の太平洋側は暴風・高波に　西〜東日本は大雨による土砂災害に警戒,https://news.yahoo.co.jp/articles/f64046fc08efa4494541b7fa3470ea4c649af9ff,3/12(火) 8:03
wmap,ウェザーマップ,【動画】12日の天気 - 太平洋側で雨風強まり荒れた天気　帰宅時間は関東で雨のピーク　午後は北風冷たく（12日7時更新）,https://news.yahoo.co.jp/articles/d81233ecc71e68f046424475df77d031b290de27,3/12(火) 7:29
wmap,ウェザーマップ,きょう(火)の天気　全国的に傘の出番　激しい雷雨や強風に注意　関東は夕方ごろが雨風のピークで荒天のおそれも,https://news.yahoo.co.jp/articles/0687ca598c60f9b1899c4899238db6e40a5a4122,3/12(火) 5:26
wmap,ウェザーマップ,【動画】12日の天気 - 通勤通学は春の嵐に注意　雨上がりも天気急変のおそれ（11日18時更新）,https://news.yahoo.co.jp/articles/1cd3ba2d9c42ac63734467eb0d9aa515c8b7ed89,3/11(月) 18:46
wmap,ウェザーマップ,【動画解説】雨の後は気温上昇　桜もカウントダウン　東京は18日にもソメイヨシノ開花か,https://news.yahoo.co.jp/articles/964547a0b2bdd26108744a4fbb5d307b36cf2039,3/11(月) 15:56
wmap,ウェザーマップ,東北〜沖縄に「低温に関する早期天候情報」　来週にかけて気温変化に注意,https://news.yahoo.co.jp/articles/88301688ea4de84402c86d2fbbc310d2d63e5c57,3/11(月) 14:44
wmap,ウェザーマップ,エルニーニョ現象　最盛期過ぎる　春の間に終息の可能性高い,https://news.yahoo.co.jp/articles/c09b7f00da6d77724fa58da2b2ea922ed3a03270,3/11(月) 14:22
wmap,ウェザーマップ,天気は西から下り坂　12日（火）は荒れ模様に　太平洋側で雨や風強まる所も,https://news.yahoo.co.jp/articles/d18118ea10ead04a17ee45a0e5752d511de3576d,3/11(月) 11:12
wmap,ウェザーマップ,【動画】11日の天気 - 東日本で晴れ 西から天気下り坂　週後半は桜開花に近づく暖かさ（11日7時更新）,https://news.yahoo.co.jp/articles/f86c74dfb7dbd0422290d849393cfeaac5bd95c0,3/11(月) 7:30
wmap,ウェザーマップ,11日（月）東日本大震災から13年　被災地は晴れや曇りに,https://news.yahoo.co.jp/articles/d6e9d3ab584a95d76b096fe24feee95fc89e0222,3/11(月) 5:44
wmap,ウェザーマップ,11日（月）全国的に晴れて寒さ和らぐ　夜は西日本で雨,https://news.yahoo.co.jp/articles/53430cc5ddf32858f2544c49711ec3dec800d83e,3/11(月) 5:27
wmap,ウェザーマップ,【動画】11日の天気 - 朝の冷え込み強く 日中は寒さ和らぐ　広く晴れるも西日本は天気下り坂（10日19時更新）,https://news.yahoo.co.jp/articles/a32c76ce16a534c7a7a479c5a0c7271153eaa838,3/10(日) 18:54
wmap,ウェザーマップ,この先は日に日に気温上昇　東京20℃予想で桜の成長進む　北日本や北陸は融雪災害に注意,https://news.yahoo.co.jp/articles/96700b183d9ab1a49b9ee49c61f8e09d799a202d,3/10(日) 17:29
wmap,ウェザーマップ,火曜日は西〜東日本で雨や風強まるおそれ　週の後半は気温高く　春本番の暖かさに,https://news.yahoo.co.jp/articles/554ddb7c60510f9a1e0e194b4d86ae7378759ab5,3/10(日) 14:12
wmap,ウェザーマップ,【動画解説】火曜日 西〜東日本で雨風強まる所も　週の後半は春本番の暖かさに　東京で20℃予想も　さくら開花促す,https://news.yahoo.co.jp/articles/ed91b1b53eaf03f4c08229b35c39ce389b2e0135,3/10(日) 13:46
wmap,ウェザーマップ,西〜東日本　荒天のち さくら開花促す暖かさ　週後半は北日本も気温上昇で融雪災害に注意,https://news.yahoo.co.jp/articles/02f20505d9d922f10285e3f0cd5a90d4c614edc8,3/10(日) 11:40
wmap,ウェザーマップ,【動画】10日の天気 - 「冬の天気」は解消へ　来週後半は春本番の暖かさ（10日7時更新）,https://news.yahoo.co.jp/articles/b734e6b491ff83361ed3f8ce22544db58761a32f,3/10(日) 7:56
wmap,ウェザーマップ,【動画】10日の天気 - 冬の天気 東日本中心に冷たい北風　来週は一転 春の暖かさに（9日18時更新）,https://news.yahoo.co.jp/articles/afc4978f05d70458cc380c0858fcecf00a1fe7a7,3/9(土) 18:36
wmap,ウェザーマップ,【10日(日)の天気】北陸や関東甲信の北部山沿いで雪続く　路面凍結やなだれ警戒　来週は西〜東日本で荒天のおそれ,https://news.yahoo.co.jp/articles/c6ea06c041d516db854f6e2e9f6769fefa4d3926,3/9(土) 17:28
wmap,ウェザーマップ,東京都心に花粉光環が出現　週末の外出にはマスクなどで万全な対策を,https://news.yahoo.co.jp/articles/195b6e4ee217288470ac31e0d72a1c92ae2ee84b,3/9(土) 12:03
wmap,ウェザーマップ,北陸や関東甲信北部の山沿い　あす10日(日)午前にかけて大雪のおそれ　交通障害やなだれ警戒,https://news.yahoo.co.jp/articles/249ddfae9e2ed8e2b9bb4ac71a1e1a918d31e21b,3/9(土) 11:25
wmap,ウェザーマップ,【動画】9日の天気 - 日本海側は広く雪 雷を伴って強まる所も　晴れる太平洋側も北風冷たい（9日7時更新）,https://news.yahoo.co.jp/articles/e9f8bc7ee7c90a94de7072373d2ead0044c64d3a,3/9(土) 8:03
wmap,ウェザーマップ,【動画】9日の天気 - 名古屋・大阪9℃　真冬の寒さに　日本海側を中心に雪や雨　雷伴うところも（8日19時更新）,https://news.yahoo.co.jp/articles/8f8071ddf969251867ac42e0683e19267fcad81b,3/8(金) 18:57
wmap,ウェザーマップ,北・東日本　土曜日にかけて大気非常に不安定　落雷や突風などに注意,https://news.yahoo.co.jp/articles/18b61d999f1b17a9f6d91b1124d35063f3d6a213,3/8(金) 17:39
wmap,ウェザーマップ,週末の天気　土曜日は日本海側や北日本で雪や雨　 晴れる所も北風強い　日曜日は冬型緩んで雪の範囲狭まる,https://news.yahoo.co.jp/articles/7a731faec2ebf8b3438c245e2f91c7a4dafbbbd5,3/8(金) 17:26
wmap,ウェザーマップ,【動画解説】土日は広く真冬の寒さ 北風も冷たい　寒さが和らぐのはいつから？,https://news.yahoo.co.jp/articles/ca639aa2d98552f46f6245527d8e88d7aba3f378,3/8(金) 15:26
wmap,ウェザーマップ,けさは都心でも積雪　3月としては4年ぶり　東・西日本は大気不安定　晴れても急な雷雨に注意　土曜日は日本海側で広く雪や雨,https://news.yahoo.co.jp/articles/454be67a940878d12232826b95b57f804487e93e,3/8(金) 11:16
wmap,ウェザーマップ,【動画】8日の天気 - 東京都心で積雪 午後も再び雨や雪　日本海側も大気不安定　急な強い雨や落雷のおそれ（8日7時更新）,https://news.yahoo.co.jp/articles/6b679ffddb17e607a940d8b402b4760aacd28f5d,3/8(金) 7:56
wmap,ウェザーマップ,きょう(金)の天気　関東など朝の通勤・通学は路面の凍結に注意　日中は天気回復も大気不安定　東・西日本で急な雷雨のおそれ,https://news.yahoo.co.jp/articles/21bfe34f26ef23e3378597f6b05dd56b79ddb296,3/8(金) 5:37
wmap,ウェザーマップ,西・東日本は大気非常に不安定　土曜日にかけて落雷・突風などに注意,https://news.yahoo.co.jp/articles/742226d6f2de310f6e35530b6be8ff4fffacb4cd,3/8(金) 5:08
wmap,ウェザーマップ,【動画】8日の天気 - 東京都心でも積雪のおそれ　　関東甲信　大雪に注意（7日19時更新）,https://news.yahoo.co.jp/articles/b84a00411fc7111cacc5a02bdf983b63938b0870,3/7(木) 19:09
wmap,ウェザーマップ,西・東日本　8日（金）〜9日（土）は大気非常に不安定　落雷や突風に注意を,https://news.yahoo.co.jp/articles/a8cb347087bc1cf5843d94f404f4078e10258e79,3/7(木) 16:50
wmap,ウェザーマップ,東京23区も積雪のおそれ　8日（金）午前中は交通障害・路面凍結に注意・警戒,https://news.yahoo.co.jp/articles/144257e3679b59c3e3b4bf76400f07387330c260,3/7(木) 16:39
wmap,ウェザーマップ,【動画解説】あす(金)朝は関東で局地的に大雪か　東京都心はうっすら積雪のおそれ,https://news.yahoo.co.jp/articles/e075bf9d830a0e2a4d5c41000a83b18ee852ce4c,3/7(木) 15:21
wmap,ウェザーマップ,西日本で気温高い　降水量・日照時間は全国的に平年並み　気象庁1か月予報,https://news.yahoo.co.jp/articles/86a840da688955819f17c8fdb7bca2602708f145,3/7(木) 14:40
wmap,ウェザーマップ,8日（金）の関東　朝の通勤通学時間帯　雪による交通への影響に注意,https://news.yahoo.co.jp/articles/f48a75d9293a4df40a0dddf4fe22fd514475a4d0,3/7(木) 11:17
wmap,ウェザーマップ,【動画】7日の天気 - 天気回復 晴れエリア広がる　関東〜北日本は冬の寒さ続く（7日7時更新）,https://news.yahoo.co.jp/articles/b7bda561a53c5cd6a38f70d366f2023f1d4671bb,3/7(木) 7:07
wmap,ウェザーマップ,太平洋側を中心に晴れ間戻る　厳しい寒さ緩む　なだれに注意　あす(金)は関東で再び冷たい雨や雪に　南部の平地も積雪のおそれ,https://news.yahoo.co.jp/articles/9ca5d45123a24531ea4ea7fa893bde86551d1fd7,3/7(木) 5:38
wmap,ウェザーマップ,【動画】7日の天気 - 広く青空戻る　東海〜西は日差し暖か　北日本や北陸は真冬の寒さの所も（6日19時更新）,https://news.yahoo.co.jp/articles/ec35d6f5b4682d7a400a31ab275d65bcc14517f0,3/6(水) 18:43
wmap,ウェザーマップ,【動画解説】西・東日本 スギ花粉飛散ピーク　11日以降高温傾向 3月下旬並みも,https://news.yahoo.co.jp/articles/db93668ec674661e1242b7eff33c0b4802a2a94c,3/6(水) 13:28
wmap,ウェザーマップ,関東は寒さ続く　7日（木）以降も天気変化早い　週末は風冷え,https://news.yahoo.co.jp/articles/cc48d8561965897d789348feaa824892405e8760,3/6(水) 11:33
wmap,ウェザーマップ,【動画】6日の天気 - 関東は雨・雪長引く　厳しい寒さも　東海や西日本は天気回復へ　寒さも緩む（6日7時更新）,https://news.yahoo.co.jp/articles/fe3ead06567e11cd41ec386a5ee6c4aaa0da5e30,3/6(水) 7:32
wmap,ウェザーマップ,6日(水)の天気　冷たい雨や雪の中心は東日本・東北へ　関東山沿い・東北は平地でも大雪に注意,https://news.yahoo.co.jp/articles/327f474056f306c1a6a960a36166e3f998a6882b,3/6(水) 5:37
wmap,ウェザーマップ,【動画】6日の天気 - 関東甲信は山地で大雪　なだれ注意　東京都心は冷たい雨で真冬の寒さ続く（5日19時更新）,https://news.yahoo.co.jp/articles/ac3c686b3d8d35da4005cfbc5034b0ec18a153eb,3/5(火) 19:19
wmap,ウェザーマップ,関東甲信　6日（水）にかけて　山沿い中心に大雪　交通障害に警戒・注意,https://news.yahoo.co.jp/articles/b34ddf711b145d9d6e2a4fde8941a89dbae4d039,3/5(火) 16:20
wmap,ウェザーマップ,【動画解説】午後は関東甲信で雪　雨・雪エリア拡大,https://news.yahoo.co.jp/articles/c194741d408996100a6ed6ef278c6c8e2c33698d,3/5(火) 14:41
wmap,ウェザーマップ,沖縄本島北部で竜巻の目撃情報　竜巻注意情報,https://news.yahoo.co.jp/articles/5beb0de923ace3c2dcabedc579e287360e9d7d71,3/5(火) 12:38
wmap,ウェザーマップ,関東甲信　山沿い中心に大雪のおそれ　8日（金）午前も雪の可能性,https://news.yahoo.co.jp/articles/a23096109496f8d28c007f637d0f75e7469f0f9a,3/5(火) 11:13
wmap,ウェザーマップ,【動画】5日の天気 - 広く雨や雪に 九州や四国で激しい雨も　関東の山沿いは大雪のおそれ　冬の寒さ戻る（5日7時更新）,https://news.yahoo.co.jp/articles/78a55999e902ee892786ccbe02e3d060da08d28b,3/5(火) 7:24
wmap,ウェザーマップ,きょう(火)の天気　広く雨や雪　太平洋側では激しい雷雨の所も　関東甲信の山沿いは大雪のおそれ　気温は関東以西で大幅ダウン,https://news.yahoo.co.jp/articles/9004b0314c30ae73d86fe71452a87f12bd31f447,3/5(火) 5:20
wmap,ウェザーマップ,【動画】5日の天気 - 太平洋側で激しい雨 大雪の所も　冬の寒さ戻る（4日18時更新）,https://news.yahoo.co.jp/articles/9ab78f619d2b8e2a8fdfa0944a59ab3c3a6b96e7,3/4(月) 18:49
wmap,ウェザーマップ,関東甲信　5日（火）夜〜6日（水）　山沿いや山地で大雪のおそれ,https://news.yahoo.co.jp/articles/807b16a4a118f22469baabd3d78d2efe30926069,3/4(月) 16:42
wmap,ウェザーマップ,【動画解説】3月でも真冬に　金曜は関東で雪予想　週中頃は広く雨や雪　荒天のおそれも,https://news.yahoo.co.jp/articles/244f2e3f3f23e5a138cd079c5dc81f6b3232837d,3/4(月) 14:55
wmap,ウェザーマップ,冬型長続きせず　全国的に気温高かった　今冬の天候まとめ,https://news.yahoo.co.jp/articles/a5afa130b4cd8b61c37aaf2a35a1b807cb6c35e4,3/4(月) 11:47
wmap,ウェザーマップ,あす5日（火）は太平洋側も広く雨　気温下がる　東日本の内陸は雪の所も,https://news.yahoo.co.jp/articles/be1b8672cce37b0bfa4b8d055e49ae6053b074c0,3/4(月) 11:17
wmap,ウェザーマップ,【動画】4日の天気 - 太平洋側で晴れ 花粉・乾燥に注意　北陸や北日本日本海側は雨や雪（4日7時更新）,https://news.yahoo.co.jp/articles/00bbf43b31048337bc93b683ee75df755c656d80,3/4(月) 7:28
wmap,ウェザーマップ,4日（月）関東〜西は貴重な晴天　北陸や北日本の山沿い中心に大雪やなだれに注意,https://news.yahoo.co.jp/articles/dc28e554798eaa066de7852f84d75ab1a55a14a3,3/4(月) 5:25
wmap,ウェザーマップ,【動画】4日の天気 - 北陸や北日本 雪や雨強まる所も　関東から西は晴れて気温上昇（3日19時更新）,https://news.yahoo.co.jp/articles/0e935859dda7facbe71bce41659721d96fe28c2f,3/3(日) 18:43
wmap,ウェザーマップ,5日(火)と6日(水)は西〜東日本で荒天　激しい雨が降り大雨の可能性　東日本の山沿いは大雪のおそれ　なだれに注意,https://news.yahoo.co.jp/articles/407324f0c223bc4719a7a1c3bc11a21862743fdb,3/3(日) 17:50
wmap,ウェザーマップ,火〜水曜日は雨や風強まるおそれ　気温の変化大きく　週後半は寒さ戻る　金曜日ごろは関東で雪の可能性,https://news.yahoo.co.jp/articles/4b069dc4b75b0eebbfbe1463dab01e0b851c08df,3/3(日) 14:28
wmap,ウェザーマップ,【動画解説】火〜水曜日 西・東日本は雨風強まる　気温の変化大きく　金曜日は不安定 関東で雪も,https://news.yahoo.co.jp/articles/a207ddc45cf315c4a4ef806970ee6d3302bc6e87,3/3(日) 14:03
wmap,ウェザーマップ,週半ば西〜東日本で荒天のおそれ　関東甲信は山地中心に大雪おそれも　この先もなだれや交通障害など十分注意,https://news.yahoo.co.jp/articles/26a2765c2f22adce9833ba88f073efccb3b27a72,3/3(日) 11:06
wmap,ウェザーマップ,【動画】3日の天気 - 北陸から北の日本海側で雪や雨　気温は上昇　なだれに注意（3日7時更新）,https://news.yahoo.co.jp/articles/7342c3b95436e121676d94e66c302faf7c6ad11b,3/3(日) 7:59
wmap,ウェザーマップ,【動画】3日の天気 - 全国的に気温上昇 なだれ注意　日本海側で雪や雨　太平洋側は日差し（2日18時更新）,https://news.yahoo.co.jp/articles/7069982440ecfa59afd48ed67bc8eac7daddcabb,3/2(土) 18:50
wmap,ウェザーマップ,【3日(日)の天気】日本海側は雪や冷たい雨続く　山沿いは大雪や猛ふぶきに　なだれや交通障害など十分注意,https://news.yahoo.co.jp/articles/3b614a0c463ee634a3a2abbf3370afc73f5097f8,3/2(土) 17:13
wmap,ウェザーマップ,【土日の天気】3月最初の週末は季節逆行　日本海側は大雪や猛ふぶきなどに要警戒,https://news.yahoo.co.jp/articles/463e048770d5235e4770839f9650f5af52fa5670,3/2(土) 11:26
wmap,ウェザーマップ,【動画】2日の天気 - 北陸や北日本 大雪や猛吹雪のおそれ　全国的に北風強まり　真冬の寒さに（2日7時更新）,https://news.yahoo.co.jp/articles/95ac587345528c539549d29338f1e3b295497d0a,3/2(土) 8:05
wmap,ウェザーマップ,【動画】2日の天気 - 全国的に気温大幅ダウン　真冬の寒さ　北日本　猛吹雪のおそれ（1日19時更新）,https://news.yahoo.co.jp/articles/85775133f2eab2f72d97bd388cd22792a432ed6c,3/1(金) 19:05
wmap,ウェザーマップ,週末の天気　早春寒波で土曜日は真冬並みの寒さ　日本海側は大雪・猛ふぶきに警戒　ひな祭りの日曜日は気温上向き　激しい寒暖差に注意,https://news.yahoo.co.jp/articles/32ee24e92785b3162ba2f5ecae1d7a14ea0d55ce,3/1(金) 17:42
wmap,ウェザーマップ,【動画解説】春到来 冬物をしまうタイミングは？　土日は北日本で大荒れ 広く真冬の寒さ,https://news.yahoo.co.jp/articles/baf429e05a272196d2d769653b5467a1a4216876,3/1(金) 15:47
wmap,ウェザーマップ,東京16℃予想も暖かさは一時的　冷たい北風で土曜日は各地で真冬並みの寒さに　北陸以北の日本海側は今夜から大雪のおそれ,https://news.yahoo.co.jp/articles/4966548c77e42075121e87f7cb5ae50b5065b1e9,3/1(金) 11:24
wmap,ウェザーマップ,【動画】1日の天気 - 太平洋側は天気回復へ　次第に北風強まる　日本海側 夜は雪の強まる所も（1日7時更新）,https://news.yahoo.co.jp/articles/df9458d9f21dab321268d6ed6572ce8a8f91a52d,3/1(金) 7:38
wmap,ウェザーマップ,3月スタートも冬型の天気　北陸以北の日本海側は夕方から降雪強まる　太平洋側も風強く,https://news.yahoo.co.jp/articles/26849ac33ed71d7c58f001f027afb0830edc12a2,3/1(金) 5:51
wmap,ウェザーマップ,【動画】1日の天気 - 冬型戻る　日本海側は雪や雨　太平洋側は次第に天気回復（29日19時更新）,https://news.yahoo.co.jp/articles/9440089afbe8db27a23344775163d08434304004,2/29(木) 18:40
wmap,ウェザーマップ,【動画解説】南岸低気圧で関東甲信などで雪に　週末は日本海側で大雪,https://news.yahoo.co.jp/articles/1d32c8f09a397e01cdde13988c34a56c256e53a4,2/29(木) 15:12
wmap,ウェザーマップ,春の訪れは早め　沖縄・奄美は曇りや雨の日多い　気象庁1か月予報,https://news.yahoo.co.jp/articles/5a6d4f0a31842528105af2384ad99b75be95875b,2/29(木) 14:29
wmap,ウェザーマップ,雨の範囲広がる　東日本の内陸は雪の所も　1日（金）は冬型の気圧配置に,https://news.yahoo.co.jp/articles/fbf5d1e32ba308eff5821525f924f468b7ef242d,2/29(木) 11:12
wmap,ウェザーマップ,【動画】29日の天気 - 西〜東日本で本降りの雨　東日本の山沿い あす朝にかけて大雪に注意（29日7時更新）,https://news.yahoo.co.jp/articles/65fc436ddaf65c089c027a186b8a934f89cc914e,2/29(木) 7:24
wmap,ウェザーマップ,西から天気下り坂　九州南部や四国で激しい雨も　夜は関東にも雨雲広がる　東日本の山沿いは雪に,https://news.yahoo.co.jp/articles/5f83e9dcd1f9cea6d32d4acdf003037a22e1981c,2/29(木) 5:43
wmap,ウェザーマップ,【動画】29日の天気 - 西から雨雲広がる　西日本太平洋側は雨風強まる所も（28日19時更新）,https://news.yahoo.co.jp/articles/540b0d8eb4f7fa054ee9411e5311deeddde524ea,2/28(水) 18:47
wmap,ウェザーマップ,【動画解説】木曜から金曜 冷たい雨や雪　週末は太平洋側では晴れ間が戻る,https://news.yahoo.co.jp/articles/7e4301fe70b84db01085f0cb20a48fe4b0fa85cd,2/28(水) 14:28
wmap,ウェザーマップ,短い晴天　29日（木）は西から雨　太平洋側は雨や風強まる所も　1日（金）は冬の天気分布に,https://news.yahoo.co.jp/articles/9fe04a0b971e5e47f1e7f7facbbd480e9e43388e,2/28(水) 11:24
wmap,ウェザーマップ,【動画】28日の天気 - 広く晴天　東・西日本は強風収まる　花粉の飛散多く（28日7時更新）,https://news.yahoo.co.jp/articles/41333e6cbafe9abf25be2f11c7ef35bd103c0dfc,2/28(水) 7:35
wmap,ウェザーマップ,28日(水)の天気　全国的に広く晴れ　北日本中心に強風続く　天気変化早く束の間の晴れ有効に,https://news.yahoo.co.jp/articles/27d618bb94c9f24fba619dfa960f01dc2e6853fd,2/28(水) 5:41
wmap,ウェザーマップ,【動画】28日の天気 - 西〜東日本は穏やかな晴天戻る　広範囲でポカポカ陽気も　北日本は冷たい強風続く（27日19時更新）,https://news.yahoo.co.jp/articles/f5b37855c719c9890be0eebfa71355bb31fea38f,2/27(火) 18:56
wmap,ウェザーマップ,天気変化早い　広く晴れるのは28日（水）のみ　週後半は雨の後に真冬の寒さ,https://news.yahoo.co.jp/articles/2d5a9bacaca29da8eb724c026d3ccc1f70fbdb9a,2/27(火) 17:21
wmap,ウェザーマップ,【動画解説】花粉シーズン本格化　空に花粉光環登場,https://news.yahoo.co.jp/articles/27224584228ae9952f68f61de5b9bdc9b3262b4d,2/27(火) 13:07
wmap,ウェザーマップ,東北の太平洋側や関東沿岸　暴風や高波に警戒を　あす28日（水）は晴れる地域多く,https://news.yahoo.co.jp/articles/fa559c327a740e1c6b32612267999e727ac1e672,2/27(火) 11:13
wmap,ウェザーマップ,【動画】27日の天気 - 強い風に注意 晴れても風冷えの一日に　東北の太平洋側は大雪に警戒（27日7時更新）,https://news.yahoo.co.jp/articles/fc6b1c616b609f9e561ad95e093251bb6f75fb70,2/27(火) 7:22
wmap,ウェザーマップ,きょう(火)の天気　北風強く風冷え　寒さ厳しく花粉も大量飛散に　東北の太平洋側は大雪・猛ふぶきに警戒　北陸は雪長引く,https://news.yahoo.co.jp/articles/cc4ce0922c64d52298241f06e2e9485b6c9fcab0,2/27(火) 5:41
wmap,ウェザーマップ,【動画】27日の天気 - 風冷たく　東北は冬の嵐　防寒と花粉対策は万全に（26日18時更新）,https://news.yahoo.co.jp/articles/d483ba8ad79bbd535d2f39160501176ee08023aa,2/26(月) 18:46
wmap,ウェザーマップ,東北の太平洋側　27日（火）にかけて暴風雪・高波に警戒　警報級大雪のおそれも,https://news.yahoo.co.jp/articles/64fa7dfb29357ff6b8054c55c774f2d8e403d4fb,2/26(月) 17:09
wmap,ウェザーマップ,【動画解説】週後半は広く雨　関東で再び雪も　季節の変わり目　天気も気温も変わりやすく,https://news.yahoo.co.jp/articles/3efa2b37f76c3d6c420d4e99f902aab7f3c3eb91,2/26(月) 14:47
wmap,ウェザーマップ,【風冷え】北風強い状態続く　北日本の太平洋側は荒天に,https://news.yahoo.co.jp/articles/e791001decf2425090c9975f2b829068bf2545be,2/26(月) 11:23
wmap,ウェザーマップ,【動画】26日の天気 - 関東中心に天気回復も 強い北風に　北日本太平洋側は雪と風強まる（26日7時更新）,https://news.yahoo.co.jp/articles/fd3da289c6f4965b154e9a8b1f2af53ddfa586c4,2/26(月) 7:29
wmap,ウェザーマップ,26日（月）全国的に北風が強い1日　東北北部中心に大雪のおそれ,https://news.yahoo.co.jp/articles/dccdf347d14d0ffcdadb0f5edf558f7ef2ee0284,2/26(月) 5:23
wmap,ウェザーマップ,【動画】26日の天気 - 関東から西 晴れても北風冷たく　東北は雪や風強まり荒れた天気に（25日19時更新）,https://news.yahoo.co.jp/articles/17358d4b82ee23548fa3cd396ff1ff8fd7234c82,2/25(日) 19:17
wmap,ウェザーマップ,【26日(月)の天気】関東の山沿いは明け方まで大雪注意　東北は積雪急増のおそれ　全国的に北風強まる,https://news.yahoo.co.jp/articles/df7f7edc84efa17469c3710b09a1d9e037c31472,2/25(日) 17:55
wmap,ウェザーマップ,週明け 晴れる所も北風冷たく　週の中ごろは晴れて寒さ和らぐ　天気は周期変化　後半は再び冷たい雨や雪に,https://news.yahoo.co.jp/articles/1908acedaf8c86378a58917f6b85302eb3d24b4c,2/25(日) 14:24
wmap,ウェザーマップ,【動画解説】週の中ごろは晴れて寒さ和らぐ　後半は雨や雪に　週末は再び真冬並みの寒さも,https://news.yahoo.co.jp/articles/4772c7220f2f9c3b6896ff377de1c85da1b5e166,2/25(日) 13:44
wmap,ウェザーマップ,天気は周期変化　関東きょう〜あす明け方にかけ山地中心に大雪おそれ　3月スタートも関東で降雪か,https://news.yahoo.co.jp/articles/3c00eae0812dcb06baf218ab2d6f8d6d6404f7b2,2/25(日) 11:56
wmap,ウェザーマップ,【動画】25日の天気 - 3連休最終日は広く雨・雪　東京・名古屋・大阪 日中も一桁の寒さ（25日7時更新）,https://news.yahoo.co.jp/articles/13ed6467f0c2947b938a73577561add74f5e0d69,2/25(日) 7:59
wmap,ウェザーマップ,【動画】25日の天気 - 関東中心に冷たい雨 昼間も厳寒　東北・本州の山沿いや内陸は雪に（24日18時更新）,https://news.yahoo.co.jp/articles/60b78639f3b64f1907004085bc8e35f5099ad1fd,2/24(土) 18:52
wmap,ウェザーマップ,3連休最終日は厳しい寒さ　東京都心や金沢は昼でも6℃予想　冷たい雨や雪で関東は山地中心に大雪のおそれ,https://news.yahoo.co.jp/articles/fa17dd835aba8c800df24d07b7dd6e33d52afd03,2/24(土) 17:15
wmap,ウェザーマップ,今夜はスノーマイクロムーン　東・北日本ほど晴れて観察日和に,https://news.yahoo.co.jp/articles/0daa709d12b0f58a10fb71a7def0b1dcdbc6651b,2/24(土) 14:47
wmap,ウェザーマップ,きょう東京都心4日ぶり日差し戻る　連休1番のお出かけ日和　あす西〜東日本は朝から冷たい雨や雪,https://news.yahoo.co.jp/articles/475029eb34679663fb3d2d06bcfb2d7de0f2d774,2/24(土) 11:24
wmap,ウェザーマップ,【動画】24日の天気 - 太平洋側 日差しの有効活用を　連休最終日のあすは雨や雪（24日7時更新）,https://news.yahoo.co.jp/articles/e632e6b4ed3ec1a3f5df014088781c78c353f654,2/24(土) 8:05
wmap,ウェザーマップ,【動画】24日の天気 - 太平洋側は天気回復 寒さも和らぐ　九州南部は天気が下り坂（23日19時更新）,https://news.yahoo.co.jp/articles/c5a502397cf7a3bc66624688a79d1a062a62c5d4,2/23(金) 19:07
wmap,ウェザーマップ,連休中は天気変わりやすい　土曜日は太平洋側を中心に晴れるも晴天は長続きせず　連休最終日は再び関東で雪の可能性,https://news.yahoo.co.jp/articles/07be43cc2c314a1fd330083207410f77d67d6bdb,2/23(金) 17:24
wmap,ウェザーマップ,【動画解説】連休最終日　再び広範囲で傘の出番　関東は週明けにかけて雪の可能性も,https://news.yahoo.co.jp/articles/db4aae6da0527a8482195722de9a6ad5beca8e25,2/23(金) 15:28
wmap,ウェザーマップ,東京都心もみぞれを観測　午後もぐずついた天気で寒さ厳しく　土曜日は広く晴れるも連休最終日は再び関東で雪の可能性,https://news.yahoo.co.jp/articles/8d7ebbf4406c0e4f89e55da5e710f5f27d058efa,2/23(金) 11:29
wmap,ウェザーマップ,【動画】23日の天気 - 西〜東日本は冷たい雨や雪　関東は平地でも積雪に注意　各地で厳しい寒さに（23日7時更新）,https://news.yahoo.co.jp/articles/ac1af8a802c0399772629cf04c07769b0453ac90,2/23(金) 7:43
wmap,ウェザーマップ,寒すぎる連休初日　東京の最高気温は5℃予想　天気はスッキリせず　東日本は雨・雪長引く　積雪する所も,https://news.yahoo.co.jp/articles/20a44d4da0802b5d329d3bc254369c6e8d2e14fc,2/23(金) 5:39
wmap,ウェザーマップ,【動画】23日の天気 - 関東の平地でも積雪のおそれ　積雪による交通機関の乱れなどに注意（22日19時更新）,https://news.yahoo.co.jp/articles/f29ef40f93a0d35afb2361ef41171cdc5cd4c75c,2/22(木) 19:06
wmap,ウェザーマップ,【動画解説】3連休は冬の寒さ　冷たい雨や雪　土曜日はお出かけ日和に,https://news.yahoo.co.jp/articles/4b30319dd5e7dd01a43f1167b0053c21785d7239,2/22(木) 15:54
wmap,ウェザーマップ,気温・降水量とも全国的に平年並み　沖縄・奄美は晴天少ない　気象庁1か月予報,https://news.yahoo.co.jp/articles/b3a02c4cf5e10cb5bdaa878db0ef8224d06dd19b,2/22(木) 14:35
wmap,ウェザーマップ,【3連休の天気】　24日（土）は晴れ間あるが　基本的に寒い状態続く,https://news.yahoo.co.jp/articles/cfdfdb6e68c57b909fab41de0a0c3c3a44448c92,2/22(木) 11:11
wmap,ウェザーマップ,【動画】22日の天気 - 全国的に雨や雪 冬の寒さ続く　寒気南下 東京の最高気温7℃（22日7時更新）,https://news.yahoo.co.jp/articles/03439234ae23ea9eec5071fbcab2cbd7bedb4197,2/22(木) 7:27
wmap,ウェザーマップ,西日本や東日本は冷たい雨や雪　日中も気温上がらず東京など真冬並みの寒さ続く,https://news.yahoo.co.jp/articles/64dbec638eb594d2a73683c38240e8974d1579b1,2/22(木) 5:42
wmap,ウェザーマップ,【動画】22日の天気 - 西・東日本で冷たい雨　真冬の震える寒さの所も（21日19時更新）,https://news.yahoo.co.jp/articles/d0a8dc59d8a5713e74666152e5dffa24cac3ce8f,2/21(水) 18:51
wmap,ウェザーマップ,寒さまだ続く　3連休も気温上がりにくい予想　服装や体調管理に注意を,https://news.yahoo.co.jp/articles/84c2728a156308cddd9f30fb953ab3589d745a0b,2/21(水) 17:07
wmap,ウェザーマップ,【動画解説】24日(土) 所々で晴れ間あり　3連休 冬の寒さ 真冬並みの所も,https://news.yahoo.co.jp/articles/f6ddeb79afe2b401b40276b29594ba0d87746092,2/21(水) 13:00
wmap,ウェザーマップ,東京都心は真冬の寒さ　あす22日（木）も全国的に雨や雪に　北陸は土砂災害に注意・警戒を,https://news.yahoo.co.jp/articles/31a68acc8b5ad428af56c0cde754b8cb88b2d4e0,2/21(水) 11:16
wmap,ウェザーマップ,【動画】21日の天気 - 冷たい雨や雪　関東は気温大幅ダウン　東京は5月並みから気温一桁の寒さに（21日7時更新）,https://news.yahoo.co.jp/articles/fe24af4ee0017846599b007b477dc0ff5b39b95a,2/21(水) 7:39
wmap,ウェザーマップ,21日(水)の天気　季節大きく後退　東日本や北日本は真冬の寒さ　おでかけは傘と防寒着を忘れずに,https://news.yahoo.co.jp/articles/4a4068c10b383e5ac2e9c4b78927a05f715779b0,2/21(水) 5:33
wmap,ウェザーマップ,【動画】21日の天気 - 気温急降下　服装や体調管理に注意　冷たい雨で関東は初夏から真冬へ逆戻り（20日19時更新）,https://news.yahoo.co.jp/articles/277662916eabbe809439ddc1abcb487975b62b00,2/20(火) 18:46
wmap,ウェザーマップ,南ほど気温高く　沖縄・奄美は前線や湿った空気が影響しやすい　3か月予報,https://news.yahoo.co.jp/articles/a188a71bae60a2e3cad008ce9e7187b108c93bb3,2/20(火) 14:14
wmap,ウェザーマップ,全国的に暑い夏　沖縄〜西日本を中心に　梅雨の雨量は平年並みか多い予想,https://news.yahoo.co.jp/articles/ab6630175abc6cfad1ba4e008c265e093537b8de,2/20(火) 14:07
wmap,ウェザーマップ,【動画解説】記録的高温から真冬の寒さへ　今年本州で初の夏日も,https://news.yahoo.co.jp/articles/347bdf9dc1e4c40324b68d21c3e474c480fa5612,2/20(火) 14:02
wmap,ウェザーマップ,気温変化に注意　関東も夜は風冷たく　あす21日（水）は真冬の寒さに,https://news.yahoo.co.jp/articles/3035b56cc2178c79964d897e3f9e74c70ba384f4,2/20(火) 11:22
wmap,ウェザーマップ,【動画】20日の天気 - 日本海側から北風で寒さ戻る　東京は22℃ 5月並みでも夜は急に寒く　服装に注意（20日7時更新）,https://news.yahoo.co.jp/articles/98e84f05c1f2cbae0e626ab2ed20ee7765c113ec,2/20(火) 7:26
wmap,ウェザーマップ,きょう(火)の天気　日本海側は気温大幅ダウンで冷たい雨　太平洋側の天気も下り坂　関東は昼間は5月並みも夕方から気温急降下,https://news.yahoo.co.jp/articles/30b62409cbb34f63b1d11e11e320cf13a35772c9,2/20(火) 5:38
wmap,ウェザーマップ,【動画】20日の天気 - お出かけには雨具と冬コートを　はじめは暖かくても油断禁物（19日18時更新）,https://news.yahoo.co.jp/articles/d221164b42775503f2f5b44e827ef3fa10834348,2/19(月) 18:50
wmap,ウェザーマップ,九州南部・奄美で「春一番」　昨年より9日遅い,https://news.yahoo.co.jp/articles/51e3731da4bf17c4f190c030a7a7a22576742314,2/19(月) 17:24
wmap,ウェザーマップ,九州北部で「春一番」　昨年と同日の発表,https://news.yahoo.co.jp/articles/af3c3a1360d64539ac6e93ab472a951efaf82b49,2/19(月) 16:14
wmap,ウェザーマップ,【動画解説】週後半から真冬　関東で雪の可能性も　ぐずつく一週間,https://news.yahoo.co.jp/articles/f49823a1a17c31d3dc0b1f74d4a29259359dbc24,2/19(月) 15:14
wmap,ウェザーマップ,西日本〜沖縄　「低温に関する早期天候情報」　来週にかけて気温の変動大きい,https://news.yahoo.co.jp/articles/8023b789414dc28f929517ccf883702c8c835945,2/19(月) 14:46
wmap,ウェザーマップ,20日（火）以降は北から冬の寒さ戻る　気温の落差に注意を　東・西日本は大雨にも注意,https://news.yahoo.co.jp/articles/679a10ae59bf6d740680a6b8a546f0cf517bd9bf,2/19(月) 11:26
wmap,ウェザーマップ,【動画】19日の天気 - 全国的に雨 西日本は雷雨注意　北海道・東北北部は記録的な暖かさに（19日7時更新）,https://news.yahoo.co.jp/articles/3d8af85ae8bf86f0d9f07f85f0f09135311b0ec0,2/19(月) 7:42
wmap,ウェザーマップ,19日（月）西・東日本は雨や雷雨　夜は北日本も雨　南風で20℃超えも,https://news.yahoo.co.jp/articles/701c68c77b31501eea9abc386b19231e403b41ff,2/19(月) 5:28
wmap,ウェザーマップ,【動画】19日の天気 - 雨や風強まる 南風で気温高く　日中は20℃前後も　なだれや融雪に注意（18日19時更新）,https://news.yahoo.co.jp/articles/217302a241919d9600a429dd8eb89401a007ad0d,2/18(日) 18:55
wmap,ウェザーマップ,19日(月)から一週間程度　梅雨のような天気続く　西〜東日本で大雨のおそれも,https://news.yahoo.co.jp/articles/795511dfabfdb50c6bf87d233d6cdbf9cbef8c31,2/18(日) 17:34
wmap,ウェザーマップ,週明けは再び20℃超えも　週後半は冬の寒さ戻る　気温変化大きく　雨の日多い一週間　あす（月）は雨風強まる所も,https://news.yahoo.co.jp/articles/c5c3089eb870b7196a9f286fc26856c1bbaf5d56,2/18(日) 14:27
wmap,ウェザーマップ,【動画解説】気温変化大きい一週間　週の後半は冬の寒さ戻る　雨の日多く,https://news.yahoo.co.jp/articles/c07e78fdbfc715788768ef417b43b1f7aca79238,2/18(日) 14:00
wmap,ウェザーマップ,あす雨・風強まり荒天のおそれ　近畿や九州で春一番か　この先は気温乱高下で3連休は真冬の寒さ,https://news.yahoo.co.jp/articles/b5fad375f4f1998a838a0db87a8471bb1b20be99,2/18(日) 11:47
wmap,ウェザーマップ,【動画】18日の天気 - 広く晴れるも東海・近畿はにわか雨　各地で4月並みの暖かさ（18日7時更新）,https://news.yahoo.co.jp/articles/f94195c9ad9b81afceb06c21eaf14208831fc29f,2/18(日) 8:00
wmap,ウェザーマップ,【動画】18日の天気 - 4月並みの暖かさ 一日の寒暖差大　東海はにわか雨 来週は再び真冬の寒さ（17日18時更新）,https://news.yahoo.co.jp/articles/16141dcc3aa3e67a314d492ea7562c564923aa49,2/17(土) 18:41
wmap,ウェザーマップ,【18日(日)の天気】再び春本番のような陽気　4月並み暖かさが続出予想,https://news.yahoo.co.jp/articles/ee25128fda4e1ab802616165c08a9806b0e2f8d2,2/17(土) 17:18
wmap,ウェザーマップ,週明けは2月らしからぬ長雨　例年より早い菜種梅雨か　西〜東日本は大雨のおそれも,https://news.yahoo.co.jp/articles/ee6c5d7d1916a137b8263ac46a2546a767b17caf,2/17(土) 15:19
wmap,ウェザーマップ,【土日の天気】日差しが主役の週末　あす18日(日)は再び4月並み暖かさに　なだれ・花粉・紫外線対策を,https://news.yahoo.co.jp/articles/24faf7a529a6a2ffe1dc68c71f77822523f011cc,2/17(土) 11:38
wmap,ウェザーマップ,【動画】17日の天気 - 全国的に晴天　貴重な日差し　来週はまるで梅雨　日々の寒暖差に注意（17日7時更新）,https://news.yahoo.co.jp/articles/c5ead3bc8466298cc7be81e8905a5c07cdcdaf21,2/17(土) 7:44
wmap,ウェザーマップ,【動画】17日の天気 - 全国的に青空　北風おさまる　朝の冷え込み強まる　日中は気温上昇（16日19時更新）,https://news.yahoo.co.jp/articles/5bb46e4d51627d9bf83fa7bd10b6d8528644800a,2/16(金) 18:27
wmap,ウェザーマップ,週末の天気　強風おさまり穏やか　気温上向きで日曜日は再び春本番の暖かさに　激しい寒暖差に注意,https://news.yahoo.co.jp/articles/74a702276f5a88f433d8a87f8a6680aa31c1232a,2/16(金) 15:28
wmap,ウェザーマップ,【動画解説】土日は広く晴天 貴重な日差しに　来週は雨や雪が続く 気温差にも注意,https://news.yahoo.co.jp/articles/cac4d0e5550b0106d92b8e26032f0dd2bbfc36ef,2/16(金) 15:17
wmap,ウェザーマップ,春と冬行ったり来たり　午後も北風強い　週末は穏やかな陽気で再び気温上昇へ,https://news.yahoo.co.jp/articles/033aee2f302eaf3b11410cfd9da876db64d01de5,2/16(金) 11:32
wmap,ウェザーマップ,【動画】16日の天気 - 春のような暖かさ一転　寒さ戻る　北風冷たく　気温の変化に注意（16日7時更新）,https://news.yahoo.co.jp/articles/8ccb2319e39e18ae98a55ef65defb96841416dd0,2/16(金) 7:51
wmap,ウェザーマップ,きょう(金)の天気　季節外れの暖かさから一転　気温大幅ダウンで風冷えに　激しい寒暖差に注意,https://news.yahoo.co.jp/articles/cd4a48e145061bc7b84d0cb2e99f5e8a76886163,2/16(金) 5:31
wmap,ウェザーマップ,【動画】16日の天気 - 昼間は天気回復　北風冷たい1日に　気温大幅にダウン（15日19時更新）,https://news.yahoo.co.jp/articles/c9f36ff4a7e4d255ad8d26de362c2656a8de50cb,2/15(木) 17:57
wmap,ウェザーマップ,四国でも【春一番】　昨年より4日早く,https://news.yahoo.co.jp/articles/7f768d69b8e7a8ae4adf581d18fd157ce88c576c,2/15(木) 16:40
wmap,ウェザーマップ,西・東日本　大気非常に不安定　落雷や突風に注意を　16日（金）は一転して風冷たく,https://news.yahoo.co.jp/articles/af597e631cdffbb882e60879b871d1e980dd3de4,2/15(木) 16:29
wmap,ウェザーマップ,【動画解説】今夜からはまるで冬の寒さに　関東・北陸・四国で春一番　東京20℃超え,https://news.yahoo.co.jp/articles/b4537a06857cdbcbb14789434213365b8d60d641,2/15(木) 15:10
wmap,ウェザーマップ,暖かくても「寒の戻り」に注意　この先気温の変動大きく　気象庁1か月予報,https://news.yahoo.co.jp/articles/1c85ffd425c30e3f5fdbe65cfe579d8c251ec696,2/15(木) 14:38
wmap,ウェザーマップ,関東で【春一番】　昨年より14日早く,https://news.yahoo.co.jp/articles/0c167a5b7186282afc5c741a4d4bcb637d93aa9f,2/15(木) 14:22
wmap,ウェザーマップ,北陸で春一番　昨年より13日早く,https://news.yahoo.co.jp/articles/3dd6df725ebb4e729878ab1ba446d67c0a6a5969,2/15(木) 12:08
wmap,ウェザーマップ,エルニーニョ現象　春の終わりにかけて　平常になる可能性の方が高い,https://news.yahoo.co.jp/articles/9dde2ddb9a8f245f1bf3b506a76bdca489ef40a4,2/15(木) 11:57
wmap,ウェザーマップ,この先も気温変化に注意　16日（金）は一転して寒く　週末は朝と昼の気温差大きい,https://news.yahoo.co.jp/articles/db74e06822a6a1cbaada03185ca919d82c0f5875,2/15(木) 11:19
wmap,ウェザーマップ,【動画】15日の天気 - 全国的に雨　関東などで春一番か 東京の最高気温20℃　春の暖かさ続く（15日7時更新）,https://news.yahoo.co.jp/articles/1b81357d8978cd7784557175331007f5e78372ea,2/15(木) 7:35
wmap,ウェザーマップ,大気不安定　西〜東日本や東北　急な強い雨や落雷に注意　南風で日中は20℃前後も　日本海側を中心に夜は北風に変わり急に寒く　激しい気温の変化にも注意,https://news.yahoo.co.jp/articles/138474be0fdc99aecc5329690ca96d8b7d6b468b,2/15(木) 5:58
wmap,ウェザーマップ,西〜東日本の太平洋側　16日朝にかけて落雷や急な強い雨に注意　突風やひょうのおそれも,https://news.yahoo.co.jp/articles/8f25421941c4f31531de7f26f6831211bb71c972,2/15(木) 5:25
wmap,ウェザーマップ,【動画】15日の天気 - 広く4月並みの気温 雷雨に注意　夜は急に冷える所も（14日19時更新）,https://news.yahoo.co.jp/articles/0a6f2276baa6d6d8dbe5bd2cd8cafb5c631fc138,2/14(水) 18:58
wmap,ウェザーマップ,太平洋側は落雷・突風・急な強い雨に注意　日本海側はなだれ・融雪に注意を,https://news.yahoo.co.jp/articles/d36347579f09f57d84970ec85e5d68e5e0490e2b,2/14(水) 17:12
wmap,ウェザーマップ,【動画解説】春本番のような暖かさ多い　赤い夕焼けを見るチャンスは,https://news.yahoo.co.jp/articles/07acb2bbb142c4caaa238eb762facda0585aa3ae,2/14(水) 14:30
wmap,ウェザーマップ,気温変化に要注意　15日（木）も時季外れの高温だが　夜以降は気温急降下,https://news.yahoo.co.jp/articles/958473b98b5c135878ee20f7b0f9548a2341426e,2/14(水) 11:26
wmap,ウェザーマップ,【動画】14日の天気 - 暖かなバレンタインデー　5月並みも　天気は西から下り坂（14日7時更新）,https://news.yahoo.co.jp/articles/eabe66e475ac5b61fd7860cc287be71dacbbcf6e,2/14(水) 7:33
wmap,ウェザーマップ,14日(水)の天気　春本番のバレンタインデー　朝と昼の気温差に気を付けて　天気は西から下り坂へ,https://news.yahoo.co.jp/articles/54795dfb64b3424a9ff5312bafd909f4e3073d7c,2/14(水) 5:36
wmap,ウェザーマップ,【動画】14日の天気 - 春のように暖かいバレンタインデー　西日本中心に贈り物とともに雨具も持参で（13日19時更新）,https://news.yahoo.co.jp/articles/813ac3743fc72897d35afdde6432e5eeadc9b50b,2/13(火) 19:11
wmap,ウェザーマップ,【動画解説】4月〜5月並みの暖かさ　なだれなどに要注意　花粉シーズン始まる,https://news.yahoo.co.jp/articles/ade5c1438caa7626fca3f20ff54fe29ef86280e4,2/13(火) 15:33
wmap,ウェザーマップ,東北〜沖縄に「高温に関する早期天候情報」　農作物の管理等に注意を,https://news.yahoo.co.jp/articles/83b06d749914f65e09fdaad05f483b471761b095,2/13(火) 14:32
wmap,ウェザーマップ,季節先取り　14日（水）は関東も20℃超のバレンタイン　朝・昼の気温差に注意,https://news.yahoo.co.jp/articles/b30c2586d0d5b455ee44dec05956201f07b53a32,2/13(火) 11:23
wmap,ウェザーマップ,【動画】13日の天気 - 晴れて気温上昇 4月並みの陽気も　一日の気温差大きく　なだれに注意（13日7時更新）,https://news.yahoo.co.jp/articles/aaac387976bc0ea5bda4129e0f4db161a9ddc088,2/13(火) 7:29
wmap,ウェザーマップ,きょう(火)の天気　春本番のような暖かさ　この時季としては記録的な高温も　なだれや花粉の飛散に注意,https://news.yahoo.co.jp/articles/1e8a39e76b74ce731105dc5e8bb5f1d1580a5c60,2/13(火) 5:29
wmap,ウェザーマップ,【動画】13日の天気 - 晴れて 日中は4月の陽気　朝はブルブル冬の寒さ（12日19時更新）,https://news.yahoo.co.jp/articles/d44b298fd3ade2805f431fddcc71310a838acb98,2/12(月) 18:37
wmap,ウェザーマップ,【動画解説】季節外れの暖かさ  来週は5月並みも　暖かいバレンタインデー　東京は木曜日に20℃予想,https://news.yahoo.co.jp/articles/af96fc9320c006e341f8315a39f27740bca46b1d,2/12(月) 15:38
wmap,ウェザーマップ,いきなり春本番　今週半ばには関東以西で20℃前後　4月下旬並みの所も,https://news.yahoo.co.jp/articles/eb461dae4f7f8a29de48f096a6cd875f69a647e7,2/12(月) 11:18
wmap,ウェザーマップ,【動画】12日の天気 - 各地日差し 日本海側も天気回復へ　　あすから気温急上昇 週中頃は春一番の可能性,https://news.yahoo.co.jp/articles/c419fd5eb3c66aa187d44a4322d05595e3c75979,2/12(月) 7:38
wmap,ウェザーマップ,12日（月）連休最終日　午後は全国的に晴れて寒さ和らぐ,https://news.yahoo.co.jp/articles/fe1f75d63b5504cb54df2d20ce2d6ed5a05184c8,2/12(月) 5:20
wmap,ウェザーマップ,連休最終日は関東平野部でも積雪　山地は大雪による交通障害や路面凍結に注意,https://news.yahoo.co.jp/articles/280ed226a8169e66a5d6723720ce969113cce51c,2/11(日) 23:51
wmap,ウェザーマップ,【動画】12日の天気 - 西〜東日本 朝までは雪や雨の所も　落雷・突風にも注意　日中は回復へ　広く晴れ間あり（11日19時更新）,https://news.yahoo.co.jp/articles/5f20170e8635e9904236a7b1fb4bd59e664e22be,2/11(日) 19:08
wmap,ウェザーマップ,西〜東日本　連休最終日12日（月）にかけて大気非常に不安定　天気急変に注意,https://news.yahoo.co.jp/articles/cfb643dac6eb0d7543568c383dac888b59512f69,2/11(日) 16:41
wmap,ウェザーマップ,西〜東日本 晴れていても天気の急変に注意　火曜日以降は4月並みの暖かさも　朝の冷え込みやなだれに注意,https://news.yahoo.co.jp/articles/8b01048e574da56b9a9e16ee6d1a4c0c92c26278,2/11(日) 14:35
wmap,ウェザーマップ,【動画解説】火曜日以降は4月並みの暖かさ　なだれや雪解けに注意　朝晩は冷え込む,https://news.yahoo.co.jp/articles/3998d3d89fd747bb89a59e474b1d5448b83bae28,2/11(日) 14:21
wmap,ウェザーマップ,建国記念寒気のちバレンタイン暖気　西〜東日本はあす朝にかけて大気不安定　連休明けは4月並み暖かさで花粉本格飛散へ,https://news.yahoo.co.jp/articles/43336ada9b55e14f8162ee9b28fd14e15cba6693,2/11(日) 12:03
wmap,ウェザーマップ,【動画】11日の天気 - 3連休中日は不安定な天気　晴れ間が出ても天気急変に注意（11日7時更新）,https://news.yahoo.co.jp/articles/70768bbfb175a2137f2280fdb7bf8959fef06bb3,2/11(日) 7:56
wmap,ウェザーマップ,東〜西日本　連休最終日12日（月）にかけて大気不安定　天気急変のおそれ,https://news.yahoo.co.jp/articles/d199fa3d1f55805c9d78e77174744288453df8af,2/11(日) 5:23
wmap,ウェザーマップ,【動画】11日の天気 - 太平洋側 日差し出ても局地的に雨　連休明けは気温急上昇 4月並みの暖かさも（10日19時更新）,https://news.yahoo.co.jp/articles/0f8d82d1d8807c86e0ba442a0c31ec66c228c84d,2/10(土) 19:18
wmap,ウェザーマップ,【11日(日)の天気】3連休2日目は太平洋側も大気非常に不安定　晴れ間あっても急な強い雨や落雷など注意,https://news.yahoo.co.jp/articles/120eb3a8a74f903e1c048bb29b107b6207a9bb15,2/10(土) 17:43
wmap,ウェザーマップ,西日本は大気非常に不安定　連休最終日12日(月)にかけて落雷や突風など注意,https://news.yahoo.co.jp/articles/6eea00078bfc3599daa1cf19722d7e764a88bd65,2/10(土) 16:49
wmap,ウェザーマップ,3連休明けは春一番か　南風強まり4月並み暖かさに　多雪地はなだれなど注意,https://news.yahoo.co.jp/articles/58951a0bef0f64bcf80dab1a2330f9a334fa596f,2/10(土) 15:18
wmap,ウェザーマップ,【3連休の天気】太平洋側はお出かけ日和続くも2日目は天気急変に注意　日本海側の旅行は寒さ対策万全に,https://news.yahoo.co.jp/articles/28bc5985fc9959ad3f4e357bbe29404a6e4ea6fc,2/10(土) 11:35
wmap,ウェザーマップ,【動画】10日の天気 - 日本海側は雪や雨 強まる所も　3連休初日 太平洋側は行楽日和（10日7時更新）,https://news.yahoo.co.jp/articles/d1cffe7c21f775e642c0f40fed41956bf3ace681,2/10(土) 7:46
wmap,ウェザーマップ,【動画】10日の天気 - 北陸・北日本で雨や雪　大気不安定　太平洋側や西日本は晴れ間あり（9日19時更新）,https://news.yahoo.co.jp/articles/458efc795c8c01a22475157131213a7fc50c4d5b,2/9(金) 18:51
wmap,ウェザーマップ,3連休の天気　土曜日は北陸・北日本で雨や雪に　祝日は太平洋側でも不安定　連休最終日は広く3月並みの暖かさ,https://news.yahoo.co.jp/articles/c7d007ac9a8d17f359adc99e4894efde053a0add,2/9(金) 17:28
wmap,ウェザーマップ,【動画解説】3連休の天気 お出かけ日和はいつ？3月並みの暖かさも なだれや落雪に注意,https://news.yahoo.co.jp/articles/dc2bb868f7784cb40b37e4c2ebbeabb600a50d19,2/9(金) 16:47
wmap,ウェザーマップ,午後も広く穏やか　3連休初日は北陸・北日本で天気下り坂　日曜日は太平洋側でもにわか雨に注意,https://news.yahoo.co.jp/articles/be949038033c1709d4b405b28b9bf7e75474b682,2/9(金) 11:27
wmap,ウェザーマップ,【動画】9日の天気 - 太平洋側を中心に青空広がる　日中は日差し暖か　穏やかな陽気（9日7時更新）,https://news.yahoo.co.jp/articles/93d3ecef6665b99b68f39ff651bc7b72c5694257,2/9(金) 7:42
wmap,ウェザーマップ,きょう(金)の天気　広く穏やかな晴天　日本海側でも晴れ間あり,https://news.yahoo.co.jp/articles/b6112aedd8e1c20b9f35feb94cc38e276fb9760f,2/9(金) 5:28
wmap,ウェザーマップ,【動画】9日の天気 - 広い範囲で穏やかな晴天に　来週は気温UP　春の暖かさ（8日18時更新）,https://news.yahoo.co.jp/articles/0d78f22eaa3e45025f511055c76f53fd98acd080,2/8(木) 18:51
